time,day_of_week,age_band_of_driver,sex_of_driver,educational_level,vehicle_driver_relation,driving_experience,type_of_vehicle,owner_of_vehicle,service_year_of_vehicle,defect_of_vehicle,area_accident_occured,lanes_or_medians,road_allignment,types_of_junction,road_surface_type,road_surface_conditions,light_conditions,weather_conditions,type_of_collision,number_of_vehicles_involved,number_of_casualties,vehicle_movement,casualty_class,sex_of_casualty,age_band_of_casualty,casualty_severity,work_of_casualty,fitness_of_casualty,pedestrian_movement,cause_of_accident,accident_severity
13:50:00,Monday,Unknown,Male,Above high school,Employee,5-10yr,Stationwagen,Governmental,Unknown,0,Residential areas,Two-way (divided with broken lines road marking),Tangent road with flat terrain,No junction,Asphalt roads,Dry,Daylight,Normal,Rollover,2,1,Going straight,Driver or rider,Female,18-30,3,Driver,Normal,Not a Pedestrian,Changing lane to the left,Slight Injury
17:25:00,Wednesday,18-30,Male,Junior high school,Employee,Below 1yr,Pick up upto 10Q,Owner,Unknown,0,Other,Two-way (divided with broken lines road marking),Tangent road with flat terrain,Y Shape,Asphalt roads,Dry,Darkness - lights lit,Normal,Vehicle with vehicle collision,2,1,Going straight,Driver or rider,Female,31-50,3,Unknown,Other,Not a Pedestrian,Moving Backward,Slight Injury
17:21:00,Thursday,18-30,Male,Junior high school,Employee,5-10yr,Lorry (41?100Q),Owner,Unknown,0,Office areas,Two-way (divided with broken lines road marking),Tangent road with flat terrain,No junction,Asphalt roads,Wet or damp,Darkness - lights lit,Normal,Vehicle with vehicle collision,4,2,Going straight,Driver or rider,Male,18-30,3,Driver,Normal,Not a Pedestrian,No distancing,Slight Injury
20:05:00,Monday,Under 18,Male,Elementary school,Employee,1-2yr,Public (> 45 seats),Owner,Unknown,0, Church areas,Double carriageway (median),Tangent road with mild grade and flat terrain,Crossing,Asphalt roads,Dry,Daylight,Normal,Vehicle with vehicle collision,2,1,Going straight,Unknown,Unknown,Unknown,0,Driver,Normal,Not a Pedestrian,Driving carelessly,Serious Injury
14:30:00,Monday,Over 51,Male,Junior high school,Employee,5-10yr,Lorry (41?100Q),Owner,Unknown,0,Office areas,Two-way (divided with broken lines road marking),Tangent road with flat terrain,No junction,Asphalt roads,Dry,Daylight,Normal,Vehicle with vehicle collision,2,1,Going straight,Unknown,Unknown,Unknown,0,Unknown,Other,Not a Pedestrian,Turnover,Slight Injury
07:46:00,Tuesday,18-30,Male,Junior high school,Employee,5-10yr,Automobile,Owner,5-10yrs,0,Residential areas,Undivided Two way,Tangent road with flat terrain,Y Shape,Asphalt roads,Dry,Daylight,Normal,Vehicle with vehicle collision,2,2,Moving Backward,Pedestrian,Male,31-50,2,Self-employed,Normal,Not a Pedestrian,Changing lane to the left,Slight Injury
20:04:00,Sunday,18-30,Male,Above high school,Employee,Above 10yr,Public (12 seats),Owner,Unknown,0,Other,Two-way (divided with broken lines road marking),Tangent road with flat terrain,O Shape,Asphalt roads,Dry,Daylight,Normal,Vehicle with vehicle collision,2,1,Moving Backward,Driver or rider,Female,18-30,3,Driver,Normal,Not a Pedestrian,Changing lane to the left,Slight Injury
09:35:00,Wednesday,31-50,Male,Junior high school,Employee,5-10yr,Automobile,Other,1-2yr,0,  Recreational areas,other,Tangent road with flat terrain,Crossing,Asphalt roads,Dry,Daylight,Normal,Vehicle with vehicle collision,2,2,Reversing,Driver or rider,Female,Over 51,3,Student,Normal,Not a Pedestrian,No distancing,Slight Injury
11:30:00,Tuesday,Under 18,Male,Junior high school,Employee,2-5yr,Automobile,Organization,2-5yrs,0,Other,Undivided Two way,Tangent road with mountainous terrain and,Crossing,Asphalt roads,Wet or damp,Daylight,Normal,Vehicle with vehicle collision,4,6,Reversing,Pedestrian,Male,18-30,3,Self-employed,Normal,Crossing from offside - masked by  parked or statioNot a Pedestrianry vehicle,Changing lane to the right,Serious Injury
02:20:00,Saturday,31-50,Male,Elementary school,Employee,2-5yr,Stationwagen,Owner,Unknown,0,Residential areas,Two-way (divided with broken lines road marking),Tangent road with flat terrain,No junction,Asphalt roads,Wet or damp,Darkness - lights lit,Normal,Vehicle with vehicle collision,2,1,Getting off,Unknown,Unknown,Unknown,0,Unknown,Other,Not a Pedestrian,Changing lane to the right,Serious Injury
12:50:00,Monday,18-30,Male,Junior high school,Employee,Above 10yr,Automobile,Owner,Above 10yr,0,Other,other,Tangent road with flat terrain,Y Shape,Asphalt roads,Wet or damp,Daylight,Raining,Vehicle with vehicle collision,2,2,Going straight,Driver or rider,Male,31-50,3,Driver,Normal,Not a Pedestrian,No distancing,Slight Injury
13:32:00,Wednesday,Over 51,Male,Junior high school,Employee,1-2yr,Automobile,Owner,Unknown,0,Other,Undivided Two way,Tangent road with flat terrain,Y Shape,Asphalt roads,Dry,Daylight,Normal,Vehicle with vehicle collision,3,3,Going straight,Pedestrian,Female,18-30,3,Unknown,Other,Crossing from nearside - masked by parked or statioNot a Pedestrianry vehicle,Moving Backward,Slight Injury
22:39:00,Saturday,Over 51,Male,High school,Employee,Above 10yr,Pick up upto 10Q,Owner,Unknown,0,Residential areas,Undivided Two way,Tangent road with flat terrain,Crossing,Asphalt roads,Dry,Darkness - lights lit,Normal,Vehicle with vehicle collision,2,2,Going straight,Driver or rider,Male,Under 18,3,Self-employed,Normal,Not a Pedestrian,Driving carelessly,Slight Injury
23:30:00,Friday,18-30,Male,Junior high school,Owner,5-10yr,Automobile,Owner,5-10yrs,0,Other,Undivided Two way,Tangent road with flat terrain,Y Shape,Asphalt roads,Dry,Darkness - lights lit,Normal,Vehicle with vehicle collision,2,2,Entering a junction,Unknown,Unknown,Unknown,0,Driver,Normal,Not a Pedestrian,Changing lane to the left,Slight Injury
16:59:00,Thursday,31-50,Male,Junior high school,Employee,2-5yr,Other,Owner,5-10yrs,0,Other,Two-way (divided with broken lines road marking),Tangent road with mild grade and flat terrain,No junction,Asphalt roads,Dry,Daylight,Normal,Vehicle with vehicle collision,3,1,Going straight,Unknown,Unknown,Unknown,0,Unknown,Other,Not a Pedestrian,Moving Backward,Slight Injury
14:40:00,Saturday,18-30,Male,Junior high school,Employee,2-5yr,Stationwagen,Owner,Unknown,0,Office areas,Double carriageway (median),Tangent road with flat terrain,No junction,Asphalt roads,Dry,Daylight,Normal,Vehicle with vehicle collision,2,1,Entering a junction,Unknown,Unknown,Unknown,0,Unknown,Normal,Not a Pedestrian,No distancing,Slight Injury
23:01:00,Wednesday,18-30,Male,Junior high school,Owner,5-10yr,Automobile,Owner,Unknown,0,Office areas,Undivided Two way,Tangent road with flat terrain,Crossing,Asphalt roads,Dry,Darkness - lights lit,Normal,Vehicle with vehicle collision,2,1,Going straight,Driver or rider,Male,31-50,3,Self-employed,Normal,Not a Pedestrian,No priority to vehicle,Slight Injury
11:19:00,Monday,18-30,Male,Junior high school,Employee,Above 10yr,Stationwagen,Owner,Unknown,0,Office areas,Double carriageway (median),Tangent road with flat terrain,Y Shape,Earth roads,Wet or damp,Daylight,Other,Vehicle with vehicle collision,2,3,Moving Backward,Passenger,Male,31-50,3,Driver,Normal,Not a Pedestrian,No priority to vehicle,Slight Injury
09:05:00,Wednesday,Over 51,Male,Junior high school,Employee,1-2yr,Other,Owner,Unknown,0,Other,Double carriageway (median),Tangent road with flat terrain,No junction,Asphalt roads,Dry,Daylight,Normal,Vehicle with vehicle collision,2,1,Going straight,Driver or rider,Male,Under 18,3,Driver,Normal,Not a Pedestrian,Turnover,Slight Injury
16:30:00,Thursday,Over 51,Male,Junior high school,Employee,5-10yr,Automobile,Owner,Unknown,0, Church areas,Two-way (divided with solid lines road marking),Tangent road with flat terrain,No junction,Asphalt roads,Dry,Daylight,Normal,Vehicle with vehicle collision,3,1,Going straight,Unknown,Unknown,Unknown,0,Unknown,Normal,Not a Pedestrian,Changing lane to the right,Slight Injury
09:30:00,Friday,18-30,Male,Above high school,Employee,Above 10yr,Automobile,Owner,1-2yr,5,Office areas,Undivided Two way,Tangent road with flat terrain,Unknown,Earth roads,Dry,Daylight,Normal,Vehicle with vehicle collision,2,1,Going straight,Passenger,Female,Over 51,3,Unknown,Normal,Not a Pedestrian,Changing lane to the right,Slight Injury
22:30:00,Sunday,18-30,Male,Junior high school,Employee,2-5yr,Other,Owner,Unknown,0,Other,Two-way (divided with broken lines road marking),Tangent road with flat terrain,No junction,Asphalt roads,Dry,Darkness - lights lit,Normal,Vehicle with vehicle collision,2,4,Going straight,Unknown,Unknown,Unknown,0,Unknown,Normal,Not a Pedestrian,Changing lane to the right,Fatal injury
17:30:00,Wednesday,18-30,Male,Junior high school,Employee,2-5yr,Automobile,Owner,Unknown,0,Residential areas,Undivided Two way,Tangent road with flat terrain,Crossing,Asphalt roads,Dry,Daylight,Normal,Vehicle with vehicle collision,1,1,Moving Backward,Driver or rider,Female,18-30,3,Driver,Normal,Not a Pedestrian,Other,Slight Injury
16:46:00,Thursday,18-30,Male,Elementary school,Employee,5-10yr,Other,Owner,Unknown,0,Residential areas,Two-way (divided with broken lines road marking),Tangent road with flat terrain,Y Shape,Gravel roads,Wet or damp,Darkness - lights lit,Cloudy,Vehicle with vehicle collision,3,2,Other,Passenger,Female,18-30,3,Student,Normal,Not a Pedestrian,Changing lane to the left,Slight Injury
08:05:00,Thursday,Unknown,Male,Junior high school,Employee,5-10yr,Lorry (11?40Q),Owner,Unknown,0,Office areas,Two-way (divided with broken lines road marking),Tangent road with flat terrain,Y Shape,Asphalt roads,Dry,Daylight,Normal,Vehicle with vehicle collision,2,1,Getting off,Unknown,Unknown,Unknown,0,Self-employed,Normal,Not a Pedestrian,No distancing,Slight Injury
08:20:00,Friday,18-30,Male,Junior high school,Employee,2-5yr,Automobile,Owner,Unknown,0,Other,Undivided Two way,Tangent road with flat terrain,Y Shape,Asphalt roads,Dry,Daylight,Normal,Vehicle with vehicle collision,2,1,Going straight,Unknown,Unknown,Unknown,0,Driver,Normal,Not a Pedestrian,Driving carelessly,Serious Injury
18:44:00,Sunday,Unknown,Male,Junior high school,Employee,Above 10yr,Pick up upto 10Q,Owner,Unknown,0, Church areas,Undivided Two way,Tangent road with flat terrain,Y Shape,Asphalt roads,Dry,Darkness - lights lit,Normal,Vehicle with vehicle collision,2,1,Going straight,Unknown,Unknown,Unknown,0,Driver,Normal,Not a Pedestrian,Changing lane to the right,Slight Injury
07:44:00,Friday,18-30,Male,Junior high school,Employee,5-10yr,Automobile,Owner,5-10yrs,0,Office areas,Two-way (divided with broken lines road marking),Tangent road with flat terrain,Y Shape,Asphalt roads,Dry,Darkness - lights lit,Normal,Vehicle with vehicle collision,2,1,Going straight,Unknown,Unknown,Unknown,0,Unknown,Other,Not a Pedestrian,No distancing,Slight Injury
18:24:00,Friday,31-50,Male,Elementary school,Employee,Above 10yr,Lorry (41?100Q),Owner,5-10yrs,0, Church areas,Unknown,Tangent road with mountainous terrain and,No junction,Asphalt roads with some distress,Dry,Daylight,Normal,Vehicle with vehicle collision,2,1,Going straight,Passenger,Female,Under 18,3,Driver,Normal,Not a Pedestrian,Overtaking,Slight Injury
15:20:00,Sunday,Over 51,Male,Junior high school,Employee,2-5yr,Automobile,Owner,Above 10yr,0,Residential areas,One way,Tangent road with flat terrain,No junction,Asphalt roads,Dry,Daylight,Normal,Collision with roadside objects,2,3,Moving Backward,Driver or rider,Female,18-30,3,Unknown,Other,Not a Pedestrian,Moving Backward,Slight Injury
15:00:00,Thursday,Over 51,Male,Junior high school,Employee,Above 10yr,Long lorry,Owner,2-5yrs,0,Office areas,Two-way (divided with broken lines road marking),Tangent road with flat terrain,No junction,Asphalt roads,Dry,Daylight,Normal,Vehicle with vehicle collision,2,1,Going straight,Unknown,Unknown,Unknown,0,Unknown,Other,Not a Pedestrian,No priority to vehicle,Slight Injury
08:15:00,Tuesday,18-30,Male,Junior high school,Owner,5-10yr,Automobile,Owner,Unknown,0,Residential areas,Two-way (divided with broken lines road marking),Tangent road with flat terrain,Crossing,Asphalt roads,Dry,Daylight,Normal,Vehicle with vehicle collision,1,2,Going straight,Unknown,Unknown,Unknown,0,Unknown,Other,Not a Pedestrian,No priority to vehicle,Serious Injury
07:47:00,Monday,31-50,Male,High school,Employee,Below 1yr,Motorcycle,Owner,1-2yr,0,Office areas,Two-way (divided with broken lines road marking),Tangent road with flat terrain,No junction,Asphalt roads,Dry,Daylight,Normal,Vehicle with vehicle collision,2,1,Going straight,Driver or rider,Male,18-30,3,Driver,Normal,Not a Pedestrian,No priority to pedestrian,Slight Injury
16:56:00,Sunday,31-50,Male,Junior high school,Employee,2-5yr,Public (13?45 seats),Owner,1-2yr,0,Office areas,Two-way (divided with broken lines road marking),Tangent road with mild grade and flat terrain,Crossing,Gravel roads,Dry,Daylight,Normal,Vehicle with vehicle collision,3,1,Going straight,Unknown,Unknown,Unknown,0,Driver,Normal,Not a Pedestrian,Other,Slight Injury
16:30:00,Sunday,Over 51,Male,High school,Employee,Below 1yr,Automobile,Owner,Unknown,7, Outside rural areas,other,Tangent road with flat terrain,No junction,Asphalt roads,Dry,Daylight,Normal,Collision with pedestrians,2,1,Going straight,Driver or rider,Female,18-30,3,Employee,Normal,Not a Pedestrian,Changing lane to the left,Slight Injury
13:33:00,Thursday,31-50,Male,Junior high school,Employee,5-10yr,Other,Owner,Unknown,0,Office areas,Two-way (divided with broken lines road marking),Tangent road with flat terrain,No junction,Asphalt roads,Dry,Daylight,Normal,Vehicle with vehicle collision,2,1,Going straight,Passenger,Female,31-50,3,Driver,Normal,Not a Pedestrian,Moving Backward,Serious Injury
18:39:00,Wednesday,Under 18,Male,Elementary school,Employee,5-10yr,Pick up upto 10Q,Owner,2-5yrs,0,Other,Two-way (divided with broken lines road marking),Tangent road with flat terrain,Y Shape,Asphalt roads,Dry,Daylight,Normal,Collision with pedestrians,2,1,Reversing,Driver or rider,Male,18-30,3,Unknown,Other,Not a Pedestrian,Moving Backward,Slight Injury
17:21:00,Tuesday,Over 51,Male,High school,Other,Above 10yr,Automobile,Owner,Unknown,0,Other,Undivided Two way,Tangent road with flat terrain,No junction,Asphalt roads,Dry,Daylight,Normal,Vehicle with vehicle collision,2,1,Going straight,Driver or rider,Male,18-30,3,Driver,Normal,Not a Pedestrian,Moving Backward,Slight Injury
22:05:00,Monday,18-30,Male,Junior high school,Employee,2-5yr,Lorry (41?100Q),Owner,2-5yrs,0,  Recreational areas,Undivided Two way,Tangent road with flat terrain,Y Shape,Asphalt roads,Dry,Darkness - no lighting,Cloudy,Vehicle with vehicle collision,2,1,Going straight,Pedestrian,Female,Under 18,3,Self-employed,Normal,Not a Pedestrian,No priority to pedestrian,Slight Injury
12:48:00,Tuesday,31-50,Male,Junior high school,Employee,Below 1yr,Lorry (41?100Q),Owner,Unknown,0,Office areas,One way,Tangent road with flat terrain,Crossing,Earth roads,Dry,Daylight,Normal,Vehicle with vehicle collision,2,1,Going straight,Driver or rider,Male,18-30,3,Driver,Normal,Not a Pedestrian,Moving Backward,Slight Injury
07:47:00,Wednesday,18-30,Male,High school,Employee,Above 10yr,Automobile,Owner,5-10yrs,0, Church areas,Two-way (divided with broken lines road marking),Tangent road with flat terrain,Crossing,Asphalt roads,Dry,Daylight,Unknown,Collision with pedestrians,2,1,Other,Passenger,Male,Over 51,3,Driver,Normal,Not a Pedestrian,Overtaking,Serious Injury
05:55:00,Monday,31-50,Male,Junior high school,Employee,2-5yr,Automobile,Owner,1-2yr,5,Office areas,Undivided Two way,Tangent road with flat terrain,Crossing,Asphalt roads,Dry,Daylight,Normal,Vehicle with vehicle collision,2,3,Going straight,Driver or rider,Male,18-30,3,Self-employed,Normal,Not a Pedestrian,Turnover,Serious Injury
11:10:00,Sunday,18-30,Male,Elementary school,Owner,Above 10yr,Automobile,Governmental,Unknown,0,Other,Two-way (divided with solid lines road marking),Tangent road with flat terrain,Y Shape,Asphalt roads,Dry,Daylight,Normal,Rollover,2,4,Going straight,Driver or rider,Male,31-50,3,Unknown,Other,Not a Pedestrian,Changing lane to the left,Slight Injury
15:30:00,Tuesday,31-50,Male,High school,Employee,2-5yr,Long lorry,Owner,Above 10yr,0,Office areas,other,Tangent road with flat terrain,Crossing,Asphalt roads,Dry,Daylight,Normal,Collision with roadside objects,2,2,Other,Unknown,Unknown,Unknown,0,Driver,Normal,Not a Pedestrian,Getting off the vehicle improperly,Slight Injury
18:40:00,Wednesday,18-30,Male,High school,Owner,Above 10yr,Pick up upto 10Q,Owner,Above 10yr,0, Church areas,Two-way (divided with broken lines road marking),Tangent road with flat terrain,Crossing,Asphalt roads,Dry,Darkness - lights lit,Normal,Collision with roadside objects,2,1,Going straight,Driver or rider,Male,Under 18,3,Unknown,Other,Not a Pedestrian,Changing lane to the left,Slight Injury
08:24:00,Saturday,18-30,Male,Elementary school,Owner,Above 10yr,Stationwagen,Owner,5-10yrs,0,Other,Two-way (divided with broken lines road marking),Tangent road with flat terrain,Crossing,Asphalt roads,Dry,Daylight,Normal,Vehicle with vehicle collision,2,1,Other,Unknown,Unknown,Unknown,0,Driver,Normal,Not a Pedestrian,Moving Backward,Slight Injury
20:17:00,Monday,18-30,Male,Elementary school,Employee,5-10yr,Lorry (41?100Q),Governmental,1-2yr,0,Other,Undivided Two way,Tangent road with flat terrain,No junction,Asphalt roads,Wet or damp,Darkness - lights lit,Raining,Collision with roadside objects,2,3,Going straight,Unknown,Unknown,Unknown,0,Unknown,Other,Not a Pedestrian,No priority to vehicle,Slight Injury
17:15:00,Thursday,Unknown,Male,Writing & reading,Owner,5-10yr,Lorry (41?100Q),Owner,Unknown,0,Residential areas,Undivided Two way,Tangent road with flat terrain,Crossing,Asphalt roads,Dry,Daylight,Normal,Collision with pedestrians,1,1,Going straight,Driver or rider,Male,18-30,3,Self-employed,Normal,Not a Pedestrian,Changing lane to the right,Slight Injury
16:30:00,Tuesday,Unknown,Female,Junior high school,Employee,2-5yr,Automobile,Owner,Unknown,0,Office areas,Undivided Two way,Tangent road with flat terrain,Y Shape,Asphalt roads,Dry,Daylight,Normal,Collision with animals,3,1,Going straight,Unknown,Unknown,Unknown,0,Unknown,Other,Not a Pedestrian,Overtaking,Slight Injury
22:30:00,Tuesday,Unknown,Male,Junior high school,Employee,2-5yr,Motorcycle,Owner,Unknown,0,Other,Two-way (divided with broken lines road marking),Tangent road with flat terrain,Y Shape,Asphalt roads,Dry,Daylight,Normal,Vehicle with vehicle collision,2,2,Going straight,Unknown,Unknown,Unknown,0,Other,Normal,Not a Pedestrian,Driving carelessly,Slight Injury
12:44:00,Thursday,18-30,Male,Junior high school,Employee,No Licence,Public (12 seats),Owner,Unknown,0,Other,Two-way (divided with broken lines road marking),Tangent road with flat terrain,No junction,Asphalt roads,Dry,Daylight,Normal,Collision with roadside objects,2,2,Going straight,Pedestrian,Male,18-30,3,Other,Normal,Crossing from nearside - masked by parked or statioNot a Pedestrianry vehicle,No priority to pedestrian,Slight Injury
15:45:00,Thursday,18-30,Male,Junior high school,Employee,1-2yr,Lorry (41?100Q),Owner,Unknown,0,Other,Two-way (divided with broken lines road marking),Tangent road with flat terrain,Y Shape,Asphalt roads,Dry,Daylight,Normal,Collision with roadside objects,2,1,Turnover,Driver or rider,Male,31-50,3,Driver,Normal,Not a Pedestrian,No distancing,Serious Injury
18:30:00,Friday,31-50,Male,Junior high school,Employee,5-10yr,Public (12 seats),Owner,Unknown,0,Office areas,other,Tangent road with flat terrain,X Shape,Earth roads,Dry,Daylight,Normal,Vehicle with vehicle collision,4,4,Reversing,Unknown,Unknown,Unknown,0,Driver,Normal,Not a Pedestrian,No distancing,Slight Injury
17:07:00,Saturday,18-30,Male,Junior high school,Owner,5-10yr,Automobile,Owner,Above 10yr,0, Industrial areas,Two-way (divided with broken lines road marking),Tangent road with flat terrain,Y Shape,Asphalt roads,Dry,Daylight,Normal,Collision with roadside objects,3,1,Other,Driver or rider,Male,18-30,3,Driver,Normal,Not a Pedestrian,Overspeed,Slight Injury
15:00:00,Saturday,Unknown,Male,Junior high school,Employee,2-5yr,Lorry (41?100Q),Owner,Unknown,0,Office areas,other,Tangent road with flat terrain,No junction,Asphalt roads,Dry,Daylight,Normal,Vehicle with vehicle collision,1,1,Other,Driver or rider,Male,31-50,3,Unknown,Other,Not a Pedestrian,No distancing,Slight Injury
19:31:00,Friday,31-50,Male,High school,Owner,Above 10yr,Lorry (41?100Q),Owner,Unknown,0,Residential areas,Two-way (divided with broken lines road marking),Tangent road with flat terrain,Crossing,Asphalt roads,Dry,Daylight,Normal,Vehicle with vehicle collision,2,1,Going straight,Driver or rider,Male,18-30,3,Self-employed,Normal,Not a Pedestrian,Changing lane to the left,Slight Injury
17:30:00,Wednesday,Unknown,Male,Junior high school,Employee,Above 10yr,Public (12 seats),Owner,5-10yrs,0,Residential areas,One way,Tangent road with flat terrain,Unknown,Asphalt roads,Dry,Daylight,Normal,Vehicle with vehicle collision,2,1,Getting off,Driver or rider,Male,Under 18,3,Driver,Normal,Not a Pedestrian,No distancing,Slight Injury
07:50:00,Monday,18-30,Male,Junior high school,Employee,2-5yr,Motorcycle,Owner,Above 10yr,0,Office areas,other,Tangent road with mountainous terrain and,No junction,Asphalt roads,Dry,Daylight,Normal,Vehicle with vehicle collision,2,2,Going straight,Pedestrian,Male,Over 51,3,Driver,Normal,Not a Pedestrian,Other,Slight Injury
03:26:00,Thursday,Over 51,Male,Junior high school,Employee,Below 1yr,Other,Owner,2-5yrs,0,Residential areas,Undivided Two way,Tangent road with flat terrain,No junction,Asphalt roads,Dry,Darkness - lights lit,Normal,Collision with roadside objects,2,1,Going straight,Unknown,Unknown,Unknown,0,Unknown,Other,Not a Pedestrian,No distancing,Serious Injury
21:38:00,Wednesday,18-30,Male,Junior high school,Employee,1-2yr,Stationwagen,Owner,Unknown,0,Other,Double carriageway (median),Tangent road with flat terrain,No junction,Asphalt roads,Dry,Darkness - lights lit,Normal,Vehicle with vehicle collision,2,1,Going straight,Unknown,Unknown,Unknown,0,Unknown,Normal,Not a Pedestrian,Moving Backward,Slight Injury
00:20:00,Friday,Under 18,Male,Junior high school,Employee,Above 10yr,Automobile,Owner,Unknown,0, Industrial areas,Undivided Two way,Tangent road with flat terrain,Y Shape,Asphalt roads,Dry,Darkness - lights lit,Normal,Vehicle with vehicle collision,2,2,Going straight,Driver or rider,Male,31-50,3,Driver,Normal,Not a Pedestrian,No distancing,Slight Injury
10:42:00,Monday,31-50,Male,Junior high school,Owner,5-10yr,Pick up upto 10Q,Owner,2-5yrs,0,Office areas,Undivided Two way,Tangent road with flat terrain,Y Shape,Asphalt roads,Dry,Daylight,Normal,Vehicle with vehicle collision,2,1,Moving Backward,Passenger,Male,18-30,2,Driver,Normal,Not a Pedestrian,Driving carelessly,Serious Injury
08:05:00,Thursday,31-50,Male,Junior high school,Employee,5-10yr,Automobile,Organization,2-5yrs,0,Office areas,Two-way (divided with broken lines road marking),Tangent road with mountainous terrain and,Y Shape,Asphalt roads,Dry,Daylight,Normal,Vehicle with vehicle collision,2,1,Turnover,Driver or rider,Female,31-50,2,Driver,Normal,Not a Pedestrian,Other,Slight Injury
10:59:00,Friday,Over 51,Male,Junior high school,Owner,5-10yr,Special vehicle,Owner,5-10yrs,0, Church areas,Undivided Two way,Tangent road with flat terrain,No junction,Asphalt roads,Dry,Daylight,Normal,Vehicle with vehicle collision,1,1,Going straight,Unknown,Unknown,Unknown,0,Driver,Normal,Not a Pedestrian,Overtaking,Slight Injury
20:30:00,Friday,Under 18,Male,Junior high school,Employee,1-2yr,Automobile,Owner,5-10yrs,0,Other,Two-way (divided with broken lines road marking),Tangent road with flat terrain,Y Shape,Asphalt roads,Dry,Daylight,Normal,Vehicle with vehicle collision,2,1,Going straight,Pedestrian,Male,Under 18,3,Driver,Normal,Crossing from driver's nearside,Driving carelessly,Serious Injury
04:00:00,Friday,18-30,Unknown,Junior high school,Owner,5-10yr,Pick up upto 10Q,Owner,Above 10yr,0,Office areas,Two-way (divided with broken lines road marking),Tangent road with flat terrain,Y Shape,Asphalt roads,Wet or damp,Darkness - lights lit,Raining,Vehicle with vehicle collision,1,4,Going straight,Driver or rider,Female,Over 51,3,Driver,Other,Not a Pedestrian,Changing lane to the right,Slight Injury
18:47:00,Friday,18-30,Male,Junior high school,Employee,5-10yr,Lorry (41?100Q),Owner,Unknown,0,Office areas,Two-way (divided with broken lines road marking),Tangent road with mild grade and flat terrain,No junction,Asphalt roads,Wet or damp,Daylight,Raining,Vehicle with vehicle collision,3,1,Moving Backward,Driver or rider,Male,18-30,3,Employee,Normal,Not a Pedestrian,Overtaking,Slight Injury
16:10:00,Monday,Under 18,Male,Elementary school,Employee,2-5yr,Lorry (41?100Q),Owner,2-5yrs,0,Other,Two-way (divided with broken lines road marking),Tangent road with flat terrain,Y Shape,Asphalt roads,Dry,Daylight,Normal,Vehicle with vehicle collision,2,2,Going straight,Driver or rider,Male,18-30,3,Unknown,Normal,Not a Pedestrian,Moving Backward,Slight Injury
14:00:00,Friday,31-50,Male,Unknown,Owner,Above 10yr,Other,Owner,2-5yrs,0,  Market areas,Undivided Two way,Tangent road with flat terrain,Y Shape,Earth roads,Dry,Daylight,Normal,Vehicle with vehicle collision,2,1,Entering a junction,Passenger,Female,Over 51,3,Unknown,Normal,Not a Pedestrian,No distancing,Slight Injury
00:54:00,Friday,18-30,Male,Junior high school,Owner,Below 1yr,Pick up upto 10Q,Owner,Below 1yr,0,Other,Undivided Two way,Tangent road with mild grade and flat terrain,Crossing,Asphalt roads,Wet or damp,Darkness - lights lit,Raining,Rollover,2,1,Going straight,Unknown,Unknown,Unknown,0,Driver,Normal,Not a Pedestrian,Changing lane to the right,Slight Injury
17:45:00,Wednesday,18-30,Male,Junior high school,Employee,2-5yr,Automobile,Owner,Unknown,0,Office areas,Two-way (divided with broken lines road marking),Tangent road with flat terrain,Crossing,Asphalt roads,Dry,Darkness - lights lit,Normal,Vehicle with vehicle collision,2,1,Going straight,Driver or rider,Male,Under 18,3,Driver,Normal,Not a Pedestrian,Driving carelessly,Slight Injury
10:45:00,Friday,18-30,Male,Junior high school,Employee,5-10yr,Ridden horse,Owner,2-5yrs,0,Residential areas,Undivided Two way,Gentle horizontal curve,No junction,Asphalt roads,Dry,Daylight,Normal,Vehicle with vehicle collision,2,1,Moving Backward,Unknown,Unknown,Unknown,0,Unknown,Other,Not a Pedestrian,Getting off the vehicle improperly,Slight Injury
10:35:00,Tuesday,18-30,Male,Junior high school,Employee,Below 1yr,Long lorry,Owner,Unknown,0, Church areas,other,Tangent road with flat terrain,Crossing,Earth roads,Dry,Daylight,Normal,Vehicle with vehicle collision,2,2,Going straight,Pedestrian,Male,Under 18,2,Driver,Normal,Crossing from nearside - masked by parked or statioNot a Pedestrianry vehicle,No priority to vehicle,Slight Injury
09:50:00,Tuesday,31-50,Male,Junior high school,Employee,1-2yr,Lorry (41?100Q),Governmental,Unknown,0,Residential areas,other,Tangent road with flat terrain,Unknown,Asphalt roads,Dry,Daylight,Normal,Collision with roadside objects,2,1,Going straight,Driver or rider,Female,31-50,2,Driver,Normal,Not a Pedestrian,Driving carelessly,Slight Injury
10:40:00,Tuesday,Under 18,Male,High school,Employee,2-5yr,Automobile,Owner,Unknown,0,Other,Two-way (divided with broken lines road marking),Tangent road with flat terrain,Y Shape,Asphalt roads,Dry,Daylight,Normal,Vehicle with vehicle collision,2,1,Other,Driver or rider,Female,18-30,3,Unknown,Other,Not a Pedestrian,Changing lane to the right,Slight Injury
11:42:00,Wednesday,Over 51,Male,Junior high school,Employee,5-10yr,Lorry (41?100Q),Owner,Unknown,0,Office areas,Two-way (divided with broken lines road marking),Tangent road with flat terrain,Y Shape,Asphalt roads,Dry,Daylight,Normal,Collision with pedestrians,2,2,Going straight,Driver or rider,Male,31-50,3,Driver,Normal,Not a Pedestrian,No distancing,Slight Injury