time,day_of_week,age_band_of_driver,sex_of_driver,educational_level,vehicle_driver_relation,driving_experience,type_of_vehicle,owner_of_vehicle,service_year_of_vehicle,defect_of_vehicle,area_accident_occured,lanes_or_medians,road_allignment,types_of_junction,road_surface_type,road_surface_conditions,light_conditions,weather_conditions,type_of_collision,number_of_vehicles_involved,number_of_casualties,vehicle_movement,casualty_class,sex_of_casualty,age_band_of_casualty,casualty_severity,work_of_casualty,fitness_of_casualty,pedestrian_movement,cause_of_accident,accident_severity
18:12:00,Friday,31-50,Male,High school,Employee,2-5yr,Lorry (11?40Q),Owner,Unknown,0,Residential areas,other,Tangent road with flat terrain,No junction,Asphalt roads,Dry,Daylight,Normal,Vehicle with vehicle collision,2,1,Going straight,Pedestrian,Male,31-50,3,Driver,Normal,Not a Pedestrian,Driving carelessly,Slight Injury
17:45:00,Sunday,18-30,Male,Junior high school,Employee,5-10yr,Automobile,Owner,2-5yrs,0, Church areas,Undivided Two way,Tangent road with flat terrain,Crossing,Asphalt roads,Dry,Darkness - lights lit,Normal,Vehicle with vehicle collision,2,3,Going straight,Unknown,Unknown,Unknown,0,Driver,Normal,Not a Pedestrian,No priority to vehicle,Slight Injury
07:41:00,Tuesday,18-30,Male,Junior high school,Owner,5-10yr,Automobile,Owner,Unknown,0,Other,Two-way (divided with broken lines road marking),Tangent road with mild grade and flat terrain,Y Shape,Asphalt roads,Dry,Daylight,Normal,Vehicle with vehicle collision,2,1,Entering a junction,Driver or rider,Male,Over 51,3,Driver,Normal,Not a Pedestrian,Driving carelessly,Slight Injury
11:52:00,Monday,31-50,Male,Elementary school,Employee,Above 10yr,Automobile,Owner,Unknown,0,Residential areas,Two-way (divided with broken lines road marking),Tangent road with flat terrain,Y Shape,Asphalt roads,Dry,Daylight,Normal,Vehicle with vehicle collision,2,1,Going straight,Unknown,Unknown,Unknown,0,Employee,Normal,Not a Pedestrian,Changing lane to the right,Slight Injury
07:58:00,Thursday,18-30,Male,High school,Employee,Above 10yr,Motorcycle,Owner,Unknown,0,Residential areas,Two-way (divided with broken lines road marking),Tangent road with flat terrain,Y Shape,Asphalt roads,Wet or damp,Daylight,Raining,Vehicle with vehicle collision,2,2,Other,Unknown,Unknown,Unknown,0,Driver,Normal,Not a Pedestrian,No distancing,Slight Injury
20:05:00,Friday,Unknown,Female,Junior high school,Owner,Below 1yr,Lorry (41?100Q),Owner,Unknown,0, Church areas,Undivided Two way,Tangent road with flat terrain,Y Shape,Asphalt roads,Dry,Darkness - lights lit,Normal,Collision with roadside objects,2,1,Going straight,Driver or rider,Male,18-30,3,Driver,Normal,Not a Pedestrian,Changing lane to the right,Slight Injury
18:35:00,Saturday,31-50,Male,Above high school,Owner,1-2yr,Lorry (41?100Q),Governmental,Unknown,0,Residential areas,Two-way (divided with broken lines road marking),Tangent road with flat terrain,No junction,Asphalt roads,Dry,Darkness - lights lit,Normal,Vehicle with vehicle collision,2,1,Going straight,Driver or rider,Male,18-30,3,Other,Normal,Not a Pedestrian,Driving carelessly,Slight Injury
08:50:00,Friday,18-30,Male,Junior high school,Employee,Below 1yr,Lorry (41?100Q),Owner,Unknown,0,Office areas,Two-way (divided with broken lines road marking),Tangent road with mild grade and flat terrain,Crossing,Asphalt roads,Dry,Daylight,Normal,Vehicle with vehicle collision,1,1,Going straight,Unknown,Unknown,Unknown,0,Driver,Normal,Not a Pedestrian,Changing lane to the right,Slight Injury
14:25:00,Friday,31-50,Male,Junior high school,Employee,2-5yr,Automobile,Owner,Unknown,0,Residential areas,other,Tangent road with flat terrain,No junction,Asphalt roads,Dry,Daylight,Normal,Vehicle with vehicle collision,2,1,Going straight,Pedestrian,Female,31-50,3,Driver,Normal,Not a Pedestrian,No distancing,Slight Injury
21:30:00,Sunday,31-50,Male,High school,Employee,Above 10yr,Automobile,Owner,5-10yrs,0, Industrial areas,other,Tangent road with flat terrain,Y Shape,Asphalt roads,Dry,Daylight,Normal,Vehicle with vehicle collision,2,1,Going straight,Unknown,Unknown,Unknown,0,Driver,Normal,Not a Pedestrian,Changing lane to the left,Slight Injury
17:33:00,Saturday,31-50,Male,Junior high school,Employee,2-5yr,Automobile,Owner,Unknown,0,Other,Two-way (divided with solid lines road marking),Tangent road with flat terrain,Y Shape,Asphalt roads,Wet or damp,Darkness - lights lit,Raining,Vehicle with vehicle collision,1,1,Going straight,Unknown,Unknown,Unknown,0,Unknown,Other,Not a Pedestrian,No distancing,Slight Injury
11:36:00,Friday,18-30,Male,Junior high school,Employee,Above 10yr,Automobile,Owner,5-10yrs,0,Other,One way,Tangent road with flat terrain,Crossing,Earth roads,Dry,Daylight,Normal,Vehicle with vehicle collision,2,1,Entering a junction,Driver or rider,Male,Over 51,3,Driver,Normal,Not a Pedestrian,Driving carelessly,Slight Injury
16:05:00,Monday,31-50,Male,Elementary school,Employee,Above 10yr,Automobile,Owner,Unknown,0,Other,Undivided Two way,Tangent road with flat terrain,Y Shape,Asphalt roads,Wet or damp,Darkness - lights lit,Raining,Vehicle with vehicle collision,2,3,Going straight,Unknown,Unknown,Unknown,0,Unknown,Normal,Not a Pedestrian,No priority to pedestrian,Serious Injury
09:36:00,Thursday,31-50,Male,Junior high school,Employee,2-5yr,Long lorry,Owner,5-10yrs,0,Office areas,Two-way (divided with broken lines road marking),Tangent road with mild grade and flat terrain,No junction,Gravel roads,Dry,Daylight,Normal,Vehicle with vehicle collision,2,1,Going straight,Driver or rider,Male,Over 51,2,Unknown,Normal,Not a Pedestrian,Changing lane to the right,Slight Injury
16:05:00,Wednesday,18-30,Male,Junior high school,Employee,2-5yr,Automobile,Owner,Unknown,0,Residential areas,Two-way (divided with solid lines road marking),Tangent road with flat terrain,Y Shape,Asphalt roads,Wet or damp,Darkness - lights lit,Raining,Vehicle with vehicle collision,2,1,Going straight,Unknown,Unknown,Unknown,0,Unknown,Other,Not a Pedestrian,Changing lane to the right,Serious Injury
12:00:00,Monday,Unknown,Male,Junior high school,Owner,1-2yr,Lorry (41?100Q),Governmental,2-5yrs,0,Residential areas,Two-way (divided with broken lines road marking),Tangent road with flat terrain,Y Shape,Asphalt roads,Dry,Daylight,Unknown,Vehicle with vehicle collision,2,1,Other,Driver or rider,Male,31-50,3,Driver,Normal,Not a Pedestrian,No distancing,Slight Injury
12:10:00,Thursday,Unknown,Male,Junior high school,Employee,2-5yr,Pick up upto 10Q,Owner,Above 10yr,0, Church areas,other,Tangent road with flat terrain,No junction,Asphalt roads,Dry,Daylight,Normal,Vehicle with vehicle collision,2,2,Other,Driver or rider,Male,31-50,3,Driver,Normal,Not a Pedestrian,No distancing,Slight Injury
12:45:00,Monday,31-50,Male,Above high school,Employee,5-10yr,Other,Owner,Above 10yr,0, Church areas,Two-way (divided with broken lines road marking),Tangent road with flat terrain,Y Shape,Asphalt roads,Dry,Daylight,Normal,Vehicle with vehicle collision,2,1,Going straight,Driver or rider,Male,Over 51,3,Driver,Normal,Not a Pedestrian,Changing lane to the right,Slight Injury
20:15:00,Thursday,31-50,Male,Junior high school,Employee,5-10yr,Pick up upto 10Q,Owner,Unknown,0,Office areas,Two-way (divided with broken lines road marking),Tangent road with flat terrain,Y Shape,Asphalt roads,Dry,Daylight,Normal,Vehicle with vehicle collision,2,1,Going straight,Driver or rider,Male,31-50,3,Unknown,Other,Not a Pedestrian,Changing lane to the right,Slight Injury
10:12:00,Saturday,18-30,Male,Junior high school,Employee,2-5yr,Automobile,Owner,Unknown,0,Office areas,Two-way (divided with broken lines road marking),Tangent road with flat terrain,Y Shape,Asphalt roads,Dry,Daylight,Normal,Vehicle with vehicle collision,2,1,Going straight,Unknown,Unknown,Unknown,0,Unknown,Normal,Not a Pedestrian,No distancing,Slight Injury
09:18:00,Saturday,31-50,Male,Junior high school,Employee,Above 10yr,Automobile,Owner,5-10yrs,0,Office areas,Two-way (divided with broken lines road marking),Tangent road with mountainous terrain and,Crossing,Asphalt roads,Dry,Daylight,Normal,Vehicle with vehicle collision,2,1,Getting off,Unknown,Unknown,Unknown,0,Driver,Normal,Not a Pedestrian,Moving Backward,Slight Injury
21:00:00,Friday,18-30,Male,Elementary school,Employee,1-2yr,Automobile,Owner,Unknown,0,Office areas,Undivided Two way,Tangent road with flat terrain,Y Shape,Asphalt roads,Dry,Darkness - lights lit,Normal,Rollover,2,2,Getting off,Driver or rider,Female,31-50,3,Driver,Normal,Not a Pedestrian,No distancing,Slight Injury
15:30:00,Wednesday,18-30,Male,Junior high school,Employee,5-10yr,Other,Owner,Unknown,0,Other,Two-way (divided with broken lines road marking),Tangent road with flat terrain,Y Shape,Asphalt roads,Wet or damp,Daylight,Other,Vehicle with vehicle collision,2,1,Going straight,Unknown,Unknown,Unknown,0,Driver,Normal,Not a Pedestrian,Driving carelessly,Slight Injury
12:15:00,Saturday,31-50,Male,Junior high school,Employee,Above 10yr,Lorry (11?40Q),Owner,Unknown,0,Office areas,Two-way (divided with broken lines road marking),Tangent road with mild grade and flat terrain,Y Shape,Asphalt roads,Dry,Daylight,Normal,Vehicle with vehicle collision,2,1,Going straight,Unknown,Unknown,Unknown,0,Self-employed,Normal,Not a Pedestrian,No distancing,Slight Injury
17:41:00,Monday,18-30,Male,Junior high school,Employee,1-2yr,Automobile,Owner,Unknown,0,Other,Two-way (divided with broken lines road marking),Tangent road with flat terrain,Y Shape,Asphalt roads,Dry,Daylight,Normal,Collision with roadside objects,4,1,Going straight,Pedestrian,Female,5,3,Driver,Normal,Not a Pedestrian,No distancing,Slight Injury
16:30:00,Sunday,31-50,Male,High school,Employee,Below 1yr,Pick up upto 10Q,Owner,Above 10yr,0,Residential areas,other,Tangent road with flat terrain,No junction,Asphalt roads,Dry,Daylight,Normal,Vehicle with vehicle collision,2,1,Going straight,Unknown,Unknown,Unknown,0,Unknown,Normal,Not a Pedestrian,Driving carelessly,Slight Injury
16:30:00,Wednesday,Unknown,Male,Junior high school,Employee,5-10yr,Lorry (41?100Q),Owner,Unknown,0,Other,Undivided Two way,Tangent road with flat terrain,Y Shape,Asphalt roads,Dry,Daylight,Normal,Rollover,1,1,Other,Driver or rider,Female,Over 51,3,Unknown,Other,Not a Pedestrian,Changing lane to the right,Serious Injury
12:47:00,Sunday,Over 51,Male,Junior high school,Employee,5-10yr,Taxi,Owner,2-5yrs,0,Residential areas,One way,Tangent road with flat terrain,Y Shape,Asphalt roads,Dry,Daylight,Normal,Vehicle with vehicle collision,2,2,Going straight,Pedestrian,Male,Under 18,3,Driver,Normal,Not a Pedestrian,No distancing,Slight Injury
13:09:00,Tuesday,31-50,Male,Junior high school,Employee,2-5yr,Automobile,Owner,2-5yrs,0,Other,Undivided Two way,Tangent road with flat terrain,Y Shape,Asphalt roads,Dry,Daylight,Normal,Collision with roadside objects,3,2,Going straight,Driver or rider,Male,18-30,3,Driver,Normal,Not a Pedestrian,Driving carelessly,Fatal injury
00:18:00,Sunday,18-30,Male,Junior high school,Employee,Above 10yr,Automobile,Owner,Unknown,0,Office areas,Two-way (divided with broken lines road marking),Tangent road with flat terrain,No junction,Earth roads,Dry,Darkness - lights lit,Normal,Collision with pedestrians,2,2,Going straight,Driver or rider,Male,18-30,3,Driver,Normal,Not a Pedestrian,No distancing,Serious Injury
10:41:00,Wednesday,31-50,Male,Junior high school,Employee,Below 1yr,Lorry (41?100Q),Owner,Unknown,0,Office areas,Undivided Two way,Tangent road with flat terrain,Y Shape,Asphalt roads,Dry,Darkness - lights lit,Normal,Collision with roadside objects,2,1,Going straight,Pedestrian,Female,Under 18,3,Driver,Normal,Not a Pedestrian,Driving carelessly,Slight Injury
17:30:00,Friday,Over 51,Male,Junior high school,Employee,1-2yr,Automobile,Owner,Unknown,0,Other,One way,Tangent road with flat terrain,Crossing,Asphalt roads,Dry,Darkness - lights lit,Normal,Vehicle with vehicle collision,2,1,Going straight,Driver or rider,Male,18-30,3,Unknown,Other,Not a Pedestrian,Changing lane to the right,Slight Injury
18:09:00,Friday,18-30,Male,High school,Employee,Above 10yr,Public (13?45 seats),Owner,Above 10yr,0,Residential areas,Undivided Two way,Tangent road with flat terrain,Y Shape,Asphalt roads,Dry,Daylight,Normal,Vehicle with vehicle collision,2,1,Going straight,Driver or rider,Female,31-50,3,Self-employed,Normal,Not a Pedestrian,Driving carelessly,Slight Injury
13:30:00,Tuesday,18-30,Male,Elementary school,Employee,Above 10yr,Automobile,Owner,Unknown,0,Office areas,Two-way (divided with broken lines road marking),Tangent road with flat terrain,Y Shape,Asphalt roads,Dry,Daylight,Normal,Collision with roadside objects,2,1,Going straight,Driver or rider,Male,18-30,3,Driver,Normal,Not a Pedestrian,Driving carelessly,Slight Injury
15:10:00,Wednesday,18-30,Male,Junior high school,Owner,1-2yr,Pick up upto 10Q,Owner,5-10yrs,0, Church areas,Undivided Two way,Steep grade downward with mountainous terrain,Crossing,Asphalt roads,Dry,Daylight,Normal,Vehicle with vehicle collision,1,1,Going straight,Driver or rider,Female,18-30,3,Driver,Normal,Not a Pedestrian,Changing lane to the right,Serious Injury
20:55:00,Friday,Over 51,Male,High school,Employee,5-10yr,Automobile,Owner,Unknown,0,Other,Two-way (divided with broken lines road marking),Tangent road with flat terrain,Y Shape,Asphalt roads,Dry,Daylight,Normal,Vehicle with vehicle collision,3,2,Moving Backward,Driver or rider,Female,31-50,3,Unknown,Other,Not a Pedestrian,Changing lane to the left,Slight Injury
16:50:00,Monday,18-30,Male,Elementary school,Employee,5-10yr,Automobile,Owner,Unknown,0,School areas,Undivided Two way,Tangent road with flat terrain,Y Shape,Gravel roads,Dry,Daylight,Normal,Collision with pedestrians,2,1,Going straight,Unknown,Unknown,Unknown,0,Driver,Normal,Not a Pedestrian,Other,Slight Injury
10:30:00,Sunday,Unknown,Male,Elementary school,Employee,5-10yr,Lorry (41?100Q),Owner,Unknown,0,Office areas,Undivided Two way,Tangent road with flat terrain,No junction,Asphalt roads,Dry,Daylight,Normal,Vehicle with vehicle collision,2,1,Going straight,Pedestrian,Male,Over 51,3,Driver,Normal,"Walking along in carriageway, back to traffic",Changing lane to the left,Slight Injury
16:40:00,Tuesday,Over 51,Male,High school,Other,Above 10yr,Public (13?45 seats),Owner,2-5yrs,0,Residential areas,Undivided Two way,Gentle horizontal curve,Y Shape,Asphalt roads,Wet or damp,Darkness - lights lit,Normal,Vehicle with vehicle collision,1,1,Going straight,Unknown,Unknown,Unknown,0,Driver,Normal,Not a Pedestrian,No distancing,Slight Injury
10:05:00,Tuesday,Over 51,Unknown,High school,Employee,1-2yr,Public (> 45 seats),Owner,Unknown,0,Office areas,Two-way (divided with broken lines road marking),Tangent road with flat terrain,Crossing,Asphalt roads,Dry,Daylight,Normal,Vehicle with vehicle collision,2,1,Going straight,Unknown,Unknown,Unknown,0,Self-employed,Normal,Not a Pedestrian,Changing lane to the right,Slight Injury
09:45:00,Monday,Unknown,Male,Junior high school,Employee,2-5yr,Lorry (11?40Q),Governmental,Unknown,0,Residential areas,Double carriageway (median),Tangent road with flat terrain,No junction,Asphalt roads,Dry,Daylight,Unknown,Collision with roadside objects,1,1,Going straight,Unknown,Unknown,Unknown,0,Driver,Normal,Not a Pedestrian,No priority to pedestrian,Serious Injury
12:30:00,Saturday,31-50,Male,Junior high school,Employee,Above 10yr,Other,Organization,5-10yrs,0,Office areas,Two-way (divided with broken lines road marking),Gentle horizontal curve,No junction,Asphalt roads,Dry,Daylight,Normal,Vehicle with vehicle collision,1,1,Going straight,Driver or rider,Male,31-50,3,Unknown,Other,Not a Pedestrian,Changing lane to the left,Slight Injury
19:00:00,Wednesday,Under 18,Male,Junior high school,Employee,5-10yr,Lorry (41?100Q),Owner,Above 10yr,0,Residential areas,Undivided Two way,Tangent road with flat terrain,Y Shape,Asphalt roads,Dry,Darkness - lights lit,Normal,Vehicle with vehicle collision,2,1,Going straight,Passenger,Female,Under 18,3,Unknown,Other,Not a Pedestrian,No priority to pedestrian,Slight Injury
17:10:00,Thursday,Over 51,Male,Junior high school,Owner,5-10yr,Stationwagen,Owner,Unknown,0,Office areas,other,Tangent road with flat terrain,Y Shape,Asphalt roads,Wet or damp,Darkness - lights lit,Normal,Vehicle with vehicle collision,2,3,Going straight,Unknown,Unknown,Unknown,0,Unknown,Other,Not a Pedestrian,Other,Slight Injury
11:11:00,Wednesday,18-30,Male,Writing & reading,Owner,5-10yr,Lorry (11?40Q),Governmental,Unknown,0,Office areas,One way,Tangent road with flat terrain,Y Shape,Gravel roads,Dry,Daylight,Normal,Vehicle with vehicle collision,2,1,Going straight,Driver or rider,Male,Over 51,3,Driver,Normal,Not a Pedestrian,Changing lane to the left,Slight Injury
00:17:00,Sunday,Under 18,Male,Junior high school,Employee,2-5yr,Automobile,Owner,2-5yrs,0,Residential areas,Undivided Two way,Tangent road with flat terrain,Y Shape,Asphalt roads,Dry,Darkness - lights lit,Normal,Vehicle with vehicle collision,2,2,Reversing,Driver or rider,Male,31-50,3,Self-employed,Normal,Not a Pedestrian,No distancing,Slight Injury
14:25:00,Monday,Over 51,Male,Junior high school,Employee,5-10yr,Lorry (11?40Q),Owner,2-5yrs,0,Other,Undivided Two way,Tangent road with flat terrain,Crossing,Asphalt roads,Dry,Daylight,Normal,Vehicle with vehicle collision,2,1,Going straight,Pedestrian,Male,Under 18,3,Driver,Normal,Not a Pedestrian,Overturning,Slight Injury
15:40:00,Monday,31-50,Male,Junior high school,Employee,Below 1yr,Automobile,Owner,1-2yr,0,Office areas,Two-way (divided with broken lines road marking),Tangent road with flat terrain,Y Shape,Asphalt roads,Dry,Daylight,Unknown,Vehicle with vehicle collision,2,1,Going straight,Unknown,Unknown,Unknown,0,Unknown,Other,Not a Pedestrian,Changing lane to the right,Serious Injury
19:16:00,Tuesday,Over 51,Male,Junior high school,Owner,5-10yr,Automobile,Owner,Above 10yr,0,Office areas,Undivided Two way,Gentle horizontal curve,No junction,Asphalt roads,Dry,Daylight,Normal,Vehicle with vehicle collision,2,1,Going straight,Pedestrian,Male,Under 18,2,Unknown,Other,Unknown or other,Changing lane to the right,Slight Injury
16:30:00,Monday,31-50,Male,Above high school,Other,2-5yr,Motorcycle,Owner,Unknown,0, Industrial areas,Two-way (divided with broken lines road marking),Tangent road with flat terrain,Crossing,Asphalt roads,Dry,Darkness - lights lit,Normal,Vehicle with vehicle collision,2,1,Going straight,Pedestrian,Female,Over 51,3,Unknown,Other,Crossing from nearside - masked by parked or statioNot a Pedestrianry vehicle,No priority to pedestrian,Slight Injury
07:45:00,Tuesday,18-30,Male,Junior high school,Owner,2-5yr,Taxi,Owner,5-10yrs,0, Church areas,Two-way (divided with broken lines road marking),Tangent road with flat terrain,No junction,Asphalt roads,Dry,Daylight,Normal,Collision with pedestrians,2,1,Going straight,Unknown,Unknown,Unknown,0,Other,Normal,Not a Pedestrian,Driving carelessly,Slight Injury
13:45:00,Sunday,Under 18,Male,Elementary school,Other,5-10yr,Motorcycle,Governmental,Unknown,0,Other,Two-way (divided with broken lines road marking),Steep grade downward with mountainous terrain,Crossing,Earth roads,Dry,Daylight,Normal,Vehicle with vehicle collision,2,1,Going straight,Pedestrian,Female,18-30,3,Driver,Normal,"In carriageway, statioNot a Pedestrianry - not crossing  (standing or playing)",Driving carelessly,Slight Injury
18:05:00,Thursday,31-50,Male,Elementary school,Employee,Below 1yr,Lorry (11?40Q),Owner,Unknown,0,Office areas,Two-way (divided with broken lines road marking),Tangent road with flat terrain,No junction,Asphalt roads,Dry,Darkness - lights lit,Normal,Vehicle with vehicle collision,2,1,Going straight,Unknown,Unknown,Unknown,0,Self-employed,Normal,Not a Pedestrian,Changing lane to the right,Serious Injury
17:24:00,Tuesday,18-30,Male,Junior high school,Employee,5-10yr,Lorry (41?100Q),Owner,2-5yrs,0,Other,Undivided Two way,Steep grade downward with mountainous terrain,Y Shape,Asphalt roads,Dry,Daylight,Normal,Vehicle with vehicle collision,1,1,Going straight,Passenger,Male,31-50,3,Driver,Normal,Not a Pedestrian,Changing lane to the right,Slight Injury
19:00:00,Tuesday,18-30,Male,Junior high school,Employee,2-5yr,Bicycle,Owner,5-10yrs,0,Residential areas,One way,Tangent road with flat terrain,Y Shape,Asphalt roads,Dry,Daylight,Normal,Collision with pedestrians,2,2,Turnover,Pedestrian,Male,31-50,3,Driver,Normal,Not a Pedestrian,No priority to vehicle,Slight Injury
13:43:00,Monday,Over 51,Male,Junior high school,Employee,5-10yr,Automobile,Owner,2-5yrs,0, Hospital areas,One way,Tangent road with flat terrain,Y Shape,Asphalt roads,Wet or damp,Darkness - lights lit,Normal,Collision with roadside objects,2,5,Going straight,Pedestrian,Female,Over 51,3,Driver,Normal,Not a Pedestrian,Moving Backward,Slight Injury
15:09:00,Thursday,18-30,Male,Junior high school,Employee,5-10yr,Automobile,Owner,5-10yrs,0, Industrial areas,Undivided Two way,Tangent road with flat terrain,No junction,Asphalt roads,Dry,Daylight,Normal,Vehicle with vehicle collision,1,1,Going straight,Passenger,Male,Over 51,3,Driver,Normal,Not a Pedestrian,Changing lane to the right,Serious Injury
16:30:00,Wednesday,Over 51,Male,Junior high school,Owner,5-10yr,Public (12 seats),Owner,2-5yrs,0,Residential areas,Undivided Two way,Tangent road with flat terrain,No junction,Asphalt roads,Dry,Daylight,Normal,Vehicle with vehicle collision,3,1,Going straight,Driver or rider,Male,31-50,2,Driver,Other,Not a Pedestrian,Changing lane to the left,Slight Injury
19:41:00,Tuesday,Over 51,Male,Junior high school,Employee,5-10yr,Pick up upto 10Q,Owner,1-2yr,0,Office areas,Double carriageway (median),Tangent road with flat terrain,Y Shape,Asphalt roads,Dry,Darkness - lights lit,Normal,Vehicle with vehicle collision,3,1,Moving Backward,Unknown,Unknown,Unknown,0,Unknown,Other,Not a Pedestrian,No distancing,Slight Injury
16:31:00,Wednesday,31-50,Male,Junior high school,Employee,Below 1yr,Lorry (41?100Q),Owner,1-2yr,0,Office areas,Two-way (divided with broken lines road marking),Tangent road with flat terrain,No junction,Asphalt roads,Dry,Daylight,Normal,Vehicle with vehicle collision,3,1,Going straight,Driver or rider,Male,18-30,3,Unknown,Other,Not a Pedestrian,Overtaking,Slight Injury
06:10:00,Friday,18-30,Male,Junior high school,Employee,5-10yr,Lorry (41?100Q),Owner,Unknown,0,Other,Two-way (divided with broken lines road marking),Tangent road with flat terrain,Y Shape,Asphalt roads,Dry,Daylight,Normal,Vehicle with vehicle collision,2,2,Turnover,Driver or rider,Male,31-50,3,Driver,Normal,Not a Pedestrian,Changing lane to the left,Slight Injury
22:30:00,Tuesday,31-50,Male,Junior high school,Employee,2-5yr,Lorry (41?100Q),Owner,Unknown,0,Office areas,Two-way (divided with broken lines road marking),Tangent road with flat terrain,T Shape,Asphalt roads,Dry,Darkness - lights lit,Normal,Vehicle with vehicle collision,2,1,Going straight,Driver or rider,Female,18-30,2,Other,Normal,Not a Pedestrian,No distancing,Slight Injury
21:20:00,Saturday,Under 18,Male,Junior high school,Employee,5-10yr,Stationwagen,Owner,Unknown,0,Office areas,Undivided Two way,Tangent road with flat terrain,Y Shape,Asphalt roads,Dry,Daylight,Normal,Vehicle with vehicle collision,1,2,Going straight,Driver or rider,Male,18-30,3,Unknown,Other,Not a Pedestrian,Overturning,Serious Injury
19:40:00,Thursday,18-30,Male,High school,Employee,5-10yr,Long lorry,Owner,2-5yrs,0,Office areas,Two-way (divided with broken lines road marking),Tangent road with mountainous terrain and,No junction,Asphalt roads,Dry,Daylight,Normal,Rollover,2,1,Going straight,Unknown,Unknown,Unknown,0,Employee,Normal,Not a Pedestrian,Changing lane to the left,Slight Injury
08:40:00,Wednesday,Unknown,Male,Junior high school,Employee,5-10yr,Public (> 45 seats),Owner,Unknown,0,Office areas,Undivided Two way,Tangent road with mountainous terrain and,No junction,Asphalt roads,Dry,Daylight,Normal,Vehicle with vehicle collision,2,1,Going straight,Unknown,Unknown,Unknown,0,Unknown,Other,Not a Pedestrian,Driving carelessly,Slight Injury
15:40:00,Tuesday,31-50,Male,Junior high school,Employee,Below 1yr,Automobile,Owner,Unknown,0,Office areas,Undivided Two way,Tangent road with mountainous terrain and,No junction,Asphalt roads,Wet or damp,Daylight,Raining,Collision with roadside objects,1,1,Entering a junction,Unknown,Unknown,Unknown,0,Driver,Normal,Not a Pedestrian,Changing lane to the left,Slight Injury
07:47:00,Monday,31-50,Male,Elementary school,Employee,Above 10yr,Automobile,Owner,2-5yrs,0,Other,other,Tangent road with flat terrain,No junction,Asphalt roads,Dry,Daylight,Normal,Collision with pedestrians,2,1,Going straight,Unknown,Unknown,Unknown,0,Driver,Normal,Not a Pedestrian,Changing lane to the left,Slight Injury
13:00:00,Thursday,Unknown,Male,Junior high school,Employee,2-5yr,Automobile,Owner,Above 10yr,0,Office areas,other,Tangent road with flat terrain,No junction,Other,Dry,Daylight,Normal,Vehicle with vehicle collision,1,1,Going straight,Pedestrian,Male,31-50,3,Unknown,Normal,Unknown or other,Changing lane to the left,Slight Injury
08:13:00,Wednesday,31-50,Male,Junior high school,Owner,5-10yr,Automobile,Owner,Unknown,0,Other,Two-way (divided with broken lines road marking),Tangent road with flat terrain,Y Shape,Asphalt roads,Wet or damp,Daylight,Raining and Windy,Vehicle with vehicle collision,2,2,Going straight,Passenger,Female,18-30,3,Driver,Normal,Not a Pedestrian,Moving Backward,Slight Injury
15:40:00,Thursday,31-50,Male,Junior high school,Employee,1-2yr,Long lorry,Owner,Unknown,0,Other,Undivided Two way,Tangent road with flat terrain,No junction,Asphalt roads,Dry,Daylight,Unknown,Fall from vehicles,2,2,Going straight,Driver or rider,Female,31-50,3,Self-employed,Normal,Not a Pedestrian,Changing lane to the left,Slight Injury
11:55:00,Friday,31-50,Male,Junior high school,Employee,2-5yr,Taxi,Governmental,Unknown,0,Other,Two-way (divided with solid lines road marking),Tangent road with flat terrain,Y Shape,Asphalt roads,Dry,Daylight,Normal,Vehicle with vehicle collision,1,2,Going straight,Unknown,Unknown,Unknown,0,Self-employed,Normal,Not a Pedestrian,No distancing,Slight Injury
22:25:00,Friday,31-50,Male,Junior high school,Employee,Above 10yr,Other,Owner,Unknown,0, Church areas,Undivided Two way,Tangent road with flat terrain,Crossing,Asphalt roads,Wet or damp,Darkness - lights lit,Normal,Vehicle with vehicle collision,2,1,Going straight,Driver or rider,Male,31-50,3,Self-employed,Normal,Not a Pedestrian,Driving carelessly,Slight Injury
13:53:00,Saturday,31-50,Male,Junior high school,Employee,5-10yr,Automobile,Owner,5-10yrs,0,Other,Undivided Two way,Tangent road with flat terrain,Y Shape,Asphalt roads,Wet or damp,Daylight,Normal,Vehicle with vehicle collision,2,3,Turnover,Driver or rider,Male,18-30,3,Driver,Normal,Not a Pedestrian,Overturning,Slight Injury
07:40:00,Thursday,Unknown,Male,Junior high school,Owner,2-5yr,Lorry (41?100Q),Owner,Above 10yr,0, Church areas,other,Tangent road with flat terrain,Y Shape,Asphalt roads,Dry,Daylight,Other,Vehicle with vehicle collision,2,1,Going straight,Pedestrian,Male,18-30,2,Driver,Normal,Unknown or other,Driving carelessly,Slight Injury
16:25:00,Saturday,18-30,Male,Junior high school,Employee,Below 1yr,Long lorry,Owner,Unknown,0,Office areas,Two-way (divided with broken lines road marking),Tangent road with flat terrain,Crossing,Asphalt roads,Wet or damp,Daylight,Normal,Vehicle with vehicle collision,2,1,Going straight,Unknown,Unknown,Unknown,0,Unknown,Other,Not a Pedestrian,No priority to pedestrian,Slight Injury
17:27:00,Friday,31-50,Male,Junior high school,Employee,5-10yr,Lorry (11?40Q),Owner,1-2yr,0,Other,Two-way (divided with broken lines road marking),Tangent road with flat terrain,Y Shape,Asphalt roads,Dry,Daylight,Normal,Collision with roadside-parked vehicles,4,2,Going straight,Unknown,Unknown,Unknown,0,Unknown,Other,Not a Pedestrian,Changing lane to the right,Slight Injury