time,day_of_week,age_band_of_driver,sex_of_driver,educational_level,vehicle_driver_relation,driving_experience,type_of_vehicle,owner_of_vehicle,service_year_of_vehicle,defect_of_vehicle,area_accident_occured,lanes_or_medians,road_allignment,types_of_junction,road_surface_type,road_surface_conditions,light_conditions,weather_conditions,type_of_collision,number_of_vehicles_involved,number_of_casualties,vehicle_movement,casualty_class,sex_of_casualty,age_band_of_casualty,casualty_severity,work_of_casualty,fitness_of_casualty,pedestrian_movement,cause_of_accident,accident_severity
09:10:00,Thursday,31-50,Male,Junior high school,Employee,2-5yr,Pick up upto 10Q,Organization,Above 10yr,0, Hospital areas,Two-way (divided with broken lines road marking),Tangent road with flat terrain,Crossing,Asphalt roads,Wet or damp,Daylight,Normal,Vehicle with vehicle collision,2,2,Going straight,Unknown,Unknown,Unknown,0,Self-employed,Normal,Not a Pedestrian,Other,Slight Injury
16:20:00,Wednesday,31-50,Male,Junior high school,Employee,2-5yr,Automobile,Organization,2-5yrs,0,Other,Undivided Two way,Tangent road with flat terrain,Y Shape,Asphalt roads,Dry,Daylight,Normal,Collision with roadside objects,2,1,Other,Driver or rider,Male,Under 18,3,Self-employed,Normal,Not a Pedestrian,Driving carelessly,Slight Injury
14:00:00,Saturday,18-30,Female,Elementary school,Employee,Below 1yr,Automobile,Owner,Unknown,0,Residential areas,other,Tangent road with flat terrain,Crossing,Asphalt roads,Wet or damp,Darkness - lights lit,Cloudy,Vehicle with vehicle collision,2,2,Going straight,Driver or rider,Male,31-50,3,Other,Normal,Not a Pedestrian,No distancing,Slight Injury
19:45:00,Sunday,18-30,Male,Elementary school,Employee,Below 1yr,Automobile,Owner,Unknown,0,Residential areas,Two-way (divided with broken lines road marking),Tangent road with flat terrain,No junction,Other,Wet or damp,Darkness - lights lit,Normal,Vehicle with vehicle collision,2,2,Going straight,Unknown,Unknown,Unknown,0,Driver,Normal,Not a Pedestrian,No priority to vehicle,Slight Injury
07:40:00,Monday,18-30,Male,Junior high school,Owner,5-10yr,Automobile,Governmental,1-2yr,0,Other,Two-way (divided with broken lines road marking),Tangent road with flat terrain,No junction,Asphalt roads,Wet or damp,Daylight,Raining,Vehicle with vehicle collision,2,1,Entering a junction,Driver or rider,Male,31-50,3,Driver,Normal,Not a Pedestrian,Moving Backward,Slight Injury
14:00:00,Sunday,Under 18,Male,Junior high school,Owner,Below 1yr,Turbo,Owner,Above 10yr,0, Hospital areas,Two-way (divided with broken lines road marking),Tangent road with flat terrain,Other,Earth roads,Wet or damp,Daylight,Raining,Vehicle with vehicle collision,4,2,Going straight,Unknown,Unknown,Unknown,0,Driver,Normal,Not a Pedestrian,Moving Backward,Slight Injury
17:40:00,Thursday,31-50,Male,Junior high school,Employee,1-2yr,Lorry (41?100Q),Owner,Unknown,0,Office areas,Two-way (divided with broken lines road marking),Tangent road with flat terrain,Y Shape,Asphalt roads,Dry,Daylight,Normal,Vehicle with vehicle collision,2,2,Going straight,Driver or rider,Male,31-50,3,Driver,Normal,Not a Pedestrian,Changing lane to the right,Slight Injury
16:10:00,Monday,Over 51,Male,Junior high school,Employee,1-2yr,Automobile,Owner,Unknown,0,Office areas,Two-way (divided with broken lines road marking),Tangent road with flat terrain,Y Shape,Asphalt roads,Dry,Daylight,Normal,Vehicle with vehicle collision,2,2,Going straight,Passenger,Female,18-30,3,Unknown,Normal,Not a Pedestrian,Improper parking,Slight Injury
22:25:00,Thursday,31-50,Male,Junior high school,Employee,5-10yr,Public (12 seats),Owner,Unknown,0,Office areas,Undivided Two way,Tangent road with flat terrain,No junction,Asphalt roads,Wet or damp,Darkness - lights lit,Raining,Vehicle with vehicle collision,2,1,Other,Driver or rider,Male,31-50,3,Unknown,Other,Not a Pedestrian,No distancing,Serious Injury
16:35:00,Saturday,18-30,Male,Junior high school,Owner,Above 10yr,Lorry (41?100Q),Owner,Unknown,0, Church areas,Double carriageway (median),Tangent road with mild grade and flat terrain,No junction,Asphalt roads,Dry,Daylight,Normal,Collision with roadside objects,2,1,Going straight,Passenger,Male,Under 18,3,Unknown,Other,Not a Pedestrian,Driving under the influence of drugs,Slight Injury
13:18:00,Thursday,Over 51,Male,Junior high school,Employee,2-5yr,Lorry (41?100Q),Owner,Unknown,0, Church areas,Two-way (divided with broken lines road marking),Tangent road with flat terrain,Unknown,Asphalt roads,Dry,Daylight,Normal,Vehicle with vehicle collision,2,1,Going straight,Pedestrian,Male,18-30,3,Driver,Normal,Unknown or other,No priority to vehicle,Slight Injury
06:54:00,Sunday,Unknown,Male,High school,Employee,1-2yr,Automobile,Owner,Unknown,0,Other,Undivided Two way,Tangent road with flat terrain,No junction,Asphalt roads,Wet or damp,Daylight,Raining,Vehicle with vehicle collision,2,1,Overtaking,Driver or rider,Male,Under 18,3,Driver,Normal,Not a Pedestrian,Driving carelessly,Slight Injury
12:45:00,Saturday,31-50,Male,Junior high school,Employee,1-2yr,Automobile,Owner,Unknown,0,Other,One way,Tangent road with flat terrain,No junction,Asphalt roads,Dry,Daylight,Normal,Collision with roadside objects,2,2,Going straight,Unknown,Unknown,Unknown,0,Unknown,Other,Not a Pedestrian,Changing lane to the right,Slight Injury
19:45:00,Thursday,Under 18,Male,Junior high school,Employee,5-10yr,Taxi,Owner,Unknown,0,Other,One way,Tangent road with flat terrain,Other,Asphalt roads,Dry,Daylight,Normal,Vehicle with vehicle collision,2,1,Going straight,Driver or rider,Male,18-30,3,Driver,Normal,Not a Pedestrian,Getting off the vehicle improperly,Slight Injury
09:40:00,Sunday,18-30,Male,Junior high school,Employee,Above 10yr,Automobile,Owner,5-10yrs,0, Church areas,other,Tangent road with flat terrain,No junction,Asphalt roads,Dry,Daylight,Normal,Vehicle with vehicle collision,3,1,Going straight,Unknown,Unknown,Unknown,0,Driver,Normal,Not a Pedestrian,Changing lane to the left,Slight Injury
17:10:00,Friday,31-50,Male,Junior high school,Employee,5-10yr,Stationwagen,Owner,Unknown,0,Other,other,Tangent road with flat terrain,No junction,Asphalt roads,Wet or damp,Daylight,Normal,Vehicle with vehicle collision,3,1,Going straight,Passenger,Female,Over 51,3,Driver,Normal,Not a Pedestrian,Moving Backward,Slight Injury
15:15:00,Monday,Unknown,Unknown,Junior high school,Employee,Above 10yr,Public (12 seats),Owner,Unknown,0,Office areas,Two-way (divided with broken lines road marking),Tangent road with mountainous terrain and,Y Shape,Asphalt roads,Dry,Daylight,Normal,Collision with roadside objects,2,1,Going straight,Passenger,Female,18-30,3,Self-employed,Normal,Not a Pedestrian,No priority to vehicle,Slight Injury
09:20:00,Tuesday,Unknown,Male,Junior high school,Employee,5-10yr,Turbo,Owner,Unknown,0, Church areas,Double carriageway (median),Tangent road with mild grade and flat terrain,No junction,Earth roads,Dry,Daylight,Normal,Collision with roadside objects,2,4,Going straight,Driver or rider,Male,31-50,3,Self-employed,Normal,Not a Pedestrian,Drunk driving,Slight Injury
18:40:00,Thursday,18-30,Male,Junior high school,Employee,Below 1yr,Automobile,Owner,Unknown,0, Industrial areas,Undivided Two way,Tangent road with flat terrain,Y Shape,Asphalt roads,Dry,Daylight,Normal,Vehicle with vehicle collision,1,1,Going straight,Driver or rider,Male,Over 51,3,Driver,Other,Not a Pedestrian,Changing lane to the left,Slight Injury
19:26:00,Monday,Over 51,Male,Junior high school,Employee,1-2yr,Lorry (11?40Q),Owner,Unknown,0,Office areas,Two-way (divided with broken lines road marking),Tangent road with flat terrain,Other,Asphalt roads,Wet or damp,Daylight,Normal,Vehicle with vehicle collision,2,1,Other,Unknown,Unknown,Unknown,0,Unknown,Other,Not a Pedestrian,No distancing,Slight Injury
07:24:00,Monday,31-50,Male,Junior high school,Employee,2-5yr,Stationwagen,Owner,2-5yrs,0,Other,Undivided Two way,Tangent road with flat terrain,No junction,Asphalt roads,Dry,Daylight,Other,Collision with roadside objects,2,1,Going straight,Driver or rider,Male,31-50,3,Driver,Normal,Not a Pedestrian,Driving to the left,Slight Injury
18:50:00,Tuesday,18-30,Male,Junior high school,Employee,5-10yr,Lorry (11?40Q),Owner,Unknown,0,Office areas,Double carriageway (median),Tangent road with flat terrain,No junction,Asphalt roads,Dry,Darkness - lights lit,Normal,Vehicle with vehicle collision,1,1,Going straight,Pedestrian,Male,18-30,3,Self-employed,Normal,Crossing from nearside - masked by parked or statioNot a Pedestrianry vehicle,No priority to vehicle,Slight Injury
08:30:00,Sunday,Under 18,Male,Junior high school,Employee,5-10yr,Automobile,Owner,Unknown,0,Office areas,Undivided Two way,Tangent road with flat terrain,No junction,Asphalt roads,Wet or damp,Daylight,Normal,Collision with pedestrians,1,1,Unknown,Passenger,Male,18-30,3,Student,Normal,Not a Pedestrian,No priority to vehicle,Serious Injury
06:14:00,Friday,Over 51,Male,Junior high school,Employee,5-10yr,Other,Owner,2-5yrs,0,Other,Two-way (divided with broken lines road marking),Tangent road with mild grade and flat terrain,Y Shape,Asphalt roads,Wet or damp,Darkness - lights lit,Normal,Vehicle with vehicle collision,2,1,Going straight,Passenger,Female,Under 18,2,Driver,Normal,Not a Pedestrian,Driving carelessly,Slight Injury
00:25:00,Monday,Under 18,Male,Junior high school,Owner,Below 1yr,Lorry (11?40Q),Owner,Unknown,0,Residential areas,other,Tangent road with flat terrain,Y Shape,Asphalt roads,Wet or damp,Darkness - lights lit,Other,Vehicle with vehicle collision,1,2,Going straight,Unknown,Unknown,Unknown,0,Unknown,Other,Not a Pedestrian,Moving Backward,Slight Injury
18:26:00,Saturday,18-30,Male,Junior high school,Owner,Below 1yr,Lorry (41?100Q),Owner,5-10yrs,0, Industrial areas,Two-way (divided with broken lines road marking),Tangent road with mild grade and flat terrain,Y Shape,Earth roads,Dry,Darkness - lights lit,Unknown,Vehicle with vehicle collision,2,1,Going straight,Driver or rider,Female,18-30,3,Employee,Normal,Not a Pedestrian,Changing lane to the right,Serious Injury
15:55:00,Sunday,Over 51,Male,Junior high school,Unknown,5-10yr,Lorry (11?40Q),Owner,Unknown,0,Office areas,Undivided Two way,Tangent road with flat terrain,Unknown,Asphalt roads,Dry,Daylight,Normal,Vehicle with vehicle collision,1,2,Turnover,Pedestrian,Female,Under 18,3,Driver,Normal,Not a Pedestrian,No distancing,Slight Injury
11:45:00,Saturday,Over 51,Male,High school,Employee,Above 10yr,Automobile,Owner,5-10yrs,0,School areas,other,Tangent road with flat terrain,Y Shape,Asphalt roads,Dry,Daylight,Normal,Vehicle with vehicle collision,2,1,Going straight,Driver or rider,Female,31-50,3,Unknown,Other,Not a Pedestrian,Driving carelessly,Slight Injury
17:00:00,Friday,18-30,Male,Junior high school,Employee,1-2yr,Automobile,Owner,Unknown,0,Office areas,Double carriageway (median),Tangent road with flat terrain,No junction,Asphalt roads,Wet or damp,Darkness - lights lit,Normal,Vehicle with vehicle collision,2,2,Going straight,Driver or rider,Male,Under 18,3,Self-employed,Normal,Not a Pedestrian,Getting off the vehicle improperly,Slight Injury
15:40:00,Tuesday,18-30,Male,Junior high school,Employee,5-10yr,Automobile,Owner,Unknown,0,Other,Two-way (divided with broken lines road marking),Tangent road with flat terrain,No junction,Asphalt roads,Dry,Daylight,Normal,Vehicle with vehicle collision,3,3,Going straight,Driver or rider,Female,18-30,3,Driver,Normal,Not a Pedestrian,No priority to vehicle,Slight Injury
09:07:00,Thursday,31-50,Male,Junior high school,Owner,1-2yr,Public (12 seats),Owner,Below 1yr,0,Office areas,Undivided Two way,Tangent road with flat terrain,Y Shape,Asphalt roads,Wet or damp,Daylight,Raining,Vehicle with vehicle collision,1,1,Going straight,Unknown,Unknown,Unknown,0,Unknown,Other,Not a Pedestrian,No priority to pedestrian,Slight Injury
11:45:00,Sunday,18-30,Male,Junior high school,Employee,5-10yr,Lorry (41?100Q),Owner,5-10yrs,0, Church areas,Two-way (divided with broken lines road marking),Tangent road with flat terrain,Y Shape,Asphalt roads,Dry,Daylight,Normal,Vehicle with vehicle collision,2,1,Going straight,Passenger,Male,Over 51,3,Unknown,Other,Not a Pedestrian,Driving under the influence of drugs,Slight Injury
15:40:00,Monday,31-50,Female,Junior high school,Employee,5-10yr,Automobile,Owner,5-10yrs,0,Other,Two-way (divided with broken lines road marking),Tangent road with flat terrain,Y Shape,Asphalt roads,Dry,Daylight,Normal,Vehicle with vehicle collision,4,1,Turnover,Passenger,Male,18-30,3,Unknown,Other,Not a Pedestrian,No priority to vehicle,Slight Injury
18:45:00,Wednesday,31-50,Unknown,Junior high school,Owner,Above 10yr,Lorry (41?100Q),Owner,Unknown,0,Residential areas,Two-way (divided with broken lines road marking),Tangent road with flat terrain,No junction,Asphalt roads,Wet or damp,Darkness - lights lit,Raining,Vehicle with vehicle collision,2,1,Going straight,Passenger,Female,Over 51,2,Driver,Normal,Not a Pedestrian,Changing lane to the left,Slight Injury
18:30:00,Wednesday,Under 18,Male,High school,Employee,Below 1yr,Automobile,Owner,2-5yrs,0,Other,One way,Tangent road with flat terrain,Y Shape,Asphalt roads,Dry,Darkness - lights lit,Normal,Vehicle with vehicle collision,2,1,Going straight,Unknown,Unknown,Unknown,0,Driver,Normal,Not a Pedestrian,Changing lane to the left,Slight Injury
11:30:00,Tuesday,Under 18,Male,Junior high school,Employee,5-10yr,Lorry (41?100Q),Owner,Unknown,0,Other,Undivided Two way,Tangent road with flat terrain,Y Shape,Asphalt roads,Wet or damp,Darkness - lights lit,Raining,Vehicle with vehicle collision,2,1,Going straight,Unknown,Unknown,Unknown,0,Driver,Normal,Not a Pedestrian,Changing lane to the left,Slight Injury
22:05:00,Friday,Unknown,Male,Junior high school,Employee,unknown,Other,Owner,Unknown,0,Other,Two-way (divided with broken lines road marking),Tangent road with flat terrain,No junction,Asphalt roads,Dry,Darkness - lights lit,Normal,Vehicle with vehicle collision,2,1,Going straight,Passenger,Female,18-30,3,Driver,Normal,Not a Pedestrian,Moving Backward,Slight Injury
15:46:00,Saturday,31-50,Male,High school,Owner,Above 10yr,Automobile,Owner,5-10yrs,0,Office areas,Two-way (divided with broken lines road marking),Tangent road with flat terrain,Crossing,Asphalt roads,Dry,Daylight,Normal,Vehicle with vehicle collision,2,3,Going straight,Passenger,Male,31-50,3,Driver,Normal,Not a Pedestrian,Changing lane to the right,Slight Injury
12:59:00,Tuesday,Over 51,Male,Junior high school,Owner,5-10yr,Lorry (41?100Q),Owner,Unknown,0,Residential areas,Two-way (divided with broken lines road marking),Tangent road with flat terrain,Other,Asphalt roads,Dry,Daylight,Normal,Vehicle with vehicle collision,3,1,Going straight,Driver or rider,Male,Under 18,3,Driver,Normal,Not a Pedestrian,No distancing,Slight Injury
15:00:00,Wednesday,Under 18,Unknown,Junior high school,Employee,5-10yr,Long lorry,Owner,2-5yrs,0,Other,Two-way (divided with broken lines road marking),Tangent road with flat terrain,No junction,Asphalt roads,Dry,Daylight,Normal,Vehicle with vehicle collision,2,1,Other,Pedestrian,Female,18-30,3,Driver,Normal,Unknown or other,Changing lane to the right,Slight Injury
11:11:00,Wednesday,18-30,Male,Junior high school,Employee,5-10yr,Special vehicle,Owner,Unknown,0,Office areas,Double carriageway (median),Tangent road with flat terrain,Y Shape,Asphalt roads,Dry,Daylight,Normal,Vehicle with vehicle collision,2,1,Turnover,Driver or rider,Male,31-50,3,Driver,Normal,Not a Pedestrian,No distancing,Slight Injury
08:47:00,Wednesday,18-30,Male,High school,Owner,Above 10yr,Public (12 seats),Owner,5-10yrs,0,Other,Two-way (divided with broken lines road marking),Tangent road with flat terrain,Y Shape,Earth roads,Dry,Daylight,Normal,Collision with roadside objects,2,1,Going straight,Driver or rider,Male,18-30,3,Driver,Normal,Not a Pedestrian,Changing lane to the right,Slight Injury
16:05:00,Tuesday,Over 51,Male,Junior high school,Employee,Below 1yr,Automobile,Owner,Unknown,0,Other,One way,Tangent road with flat terrain,Y Shape,Asphalt roads,Dry,Daylight,Normal,Vehicle with vehicle collision,4,5,Going straight,Passenger,Female,18-30,3,Driver,Normal,Not a Pedestrian,No distancing,Slight Injury
18:30:00,Monday,Unknown,Male,High school,Employee,2-5yr,Lorry (41?100Q),Owner,5-10yrs,0,Other,Undivided Two way,Tangent road with flat terrain,No junction,Asphalt roads,Wet or damp,Darkness - lights lit,Raining,Collision with roadside objects,2,2,Going straight,Driver or rider,Male,Under 18,3,Driver,Normal,Not a Pedestrian,No priority to vehicle,Slight Injury
11:29:00,Saturday,Over 51,Male,High school,Employee,Below 1yr,Automobile,Owner,Unknown,0,Residential areas,Two-way (divided with broken lines road marking),Tangent road with flat terrain,Y Shape,Asphalt roads,Dry,Daylight,Normal,Collision with pedestrians,2,1,Moving Backward,Passenger,Male,Over 51,3,Driver,Normal,Not a Pedestrian,Changing lane to the right,Slight Injury
00:30:00,Saturday,31-50,Male,Junior high school,Employee,5-10yr,Stationwagen,Owner,Unknown,0,Office areas,Double carriageway (median),Tangent road with mild grade and flat terrain,No junction,Asphalt roads,Dry,Darkness - lights lit,Normal,Vehicle with vehicle collision,2,2,Moving Backward,Driver or rider,Male,18-30,3,Employee,Normal,Not a Pedestrian,No distancing,Slight Injury
08:00:00,Sunday,31-50,Male,Elementary school,Employee,5-10yr,Automobile,Governmental,Below 1yr,0,  Recreational areas,Two-way (divided with broken lines road marking),Tangent road with flat terrain,Crossing,Asphalt roads,Dry,Daylight,Normal,Vehicle with vehicle collision,2,1,Going straight,Driver or rider,Male,18-30,3,Self-employed,Normal,Not a Pedestrian,No distancing,Slight Injury
12:04:00,Sunday,18-30,Male,Elementary school,Employee,Below 1yr,Lorry (41?100Q),Organization,Above 10yr,0, Outside rural areas,Undivided Two way,Tangent road with flat terrain,Y Shape,Asphalt roads,Wet or damp,Daylight,Normal,Vehicle with vehicle collision,2,1,Other,Unknown,Unknown,Unknown,0,Driver,Normal,Not a Pedestrian,No priority to pedestrian,Slight Injury
07:05:00,Wednesday,18-30,Male,High school,Employee,2-5yr,Lorry (41?100Q),Owner,Unknown,0,Residential areas,Two-way (divided with broken lines road marking),Tangent road with flat terrain,Y Shape,Asphalt roads,Dry,Daylight,Normal,Vehicle with vehicle collision,2,1,Other,Unknown,Unknown,Unknown,0,Self-employed,Normal,Not a Pedestrian,No priority to vehicle,Slight Injury
19:15:00,Wednesday,Unknown,Male,Junior high school,Employee,5-10yr,Long lorry,Owner,Unknown,0,Other,other,Tangent road with flat terrain,Other,Asphalt roads,Dry,Daylight,Normal,Collision with pedestrians,2,1,Turnover,Unknown,Unknown,Unknown,0,Driver,Normal,Not a Pedestrian,No distancing,Slight Injury
06:30:00,Tuesday,31-50,Male,Junior high school,Employee,2-5yr,Other,Owner,2-5yrs,0,Other,Undivided Two way,Tangent road with mountainous terrain and,Crossing,Asphalt roads,Wet or damp,Darkness - lights lit,Raining,Vehicle with vehicle collision,2,1,Other,Unknown,Unknown,Unknown,0,Other,Normal,Not a Pedestrian,Driving to the left,Slight Injury
12:08:00,Saturday,18-30,Male,Elementary school,Employee,5-10yr,Long lorry,Governmental,Above 10yr,0,Residential areas,other,Tangent road with flat terrain,No junction,Asphalt roads,Dry,Daylight,Normal,Vehicle with vehicle collision,2,2,Going straight,Driver or rider,Male,18-30,3,Driver,Normal,Not a Pedestrian,Moving Backward,Slight Injury
12:30:00,Monday,18-30,Male,Junior high school,Employee,Above 10yr,Other,Owner,5-10yrs,0,Office areas,Double carriageway (median),Tangent road with flat terrain,Y Shape,Asphalt roads,Dry,Daylight,Normal,Vehicle with vehicle collision,1,2,Going straight,Driver or rider,Male,31-50,3,Driver,Normal,Not a Pedestrian,No distancing,Slight Injury
17:45:00,Wednesday,18-30,Male,Junior high school,Employee,Above 10yr,Other,Owner,Unknown,0,Other,Two-way (divided with broken lines road marking),Tangent road with flat terrain,Y Shape,Asphalt roads,Wet or damp,Darkness - lights lit,Raining,Vehicle with vehicle collision,1,1,Going straight,Driver or rider,Male,18-30,3,Driver,Normal,Not a Pedestrian,No priority to pedestrian,Slight Injury
19:32:00,Friday,31-50,Male,Elementary school,Employee,Below 1yr,Lorry (41?100Q),Owner,Unknown,0,Other,Two-way (divided with broken lines road marking),Tangent road with flat terrain,Y Shape,Other,Dry,Daylight,Normal,Vehicle with vehicle collision,2,1,Going straight,Driver or rider,Male,Over 51,3,Unknown,Normal,Not a Pedestrian,Changing lane to the left,Slight Injury
07:26:00,Thursday,31-50,Male,Elementary school,Employee,5-10yr,Taxi,Owner,Unknown,0,Office areas,Two-way (divided with broken lines road marking),Tangent road with mild grade and flat terrain,No junction,Asphalt roads,Dry,Daylight,Normal,Collision with roadside objects,2,1,Going straight,Pedestrian,Female,18-30,3,Unknown,Other,Not a Pedestrian,No priority to vehicle,Slight Injury
08:59:00,Thursday,31-50,Male,Junior high school,Employee,5-10yr,Stationwagen,Owner,Unknown,0,Residential areas,other,Tangent road with flat terrain,Y Shape,Asphalt roads,Wet or damp,Daylight,Raining,Vehicle with vehicle collision,2,1,Going straight,Driver or rider,Female,31-50,3,Unknown,Normal,Not a Pedestrian,No distancing,Slight Injury
11:41:00,Tuesday,31-50,Male,Elementary school,Employee,5-10yr,Lorry (41?100Q),Owner,Unknown,0, Church areas,Two-way (divided with broken lines road marking),Tangent road with flat terrain,Y Shape,Gravel roads,Dry,Daylight,Normal,Vehicle with vehicle collision,1,1,Going straight,Driver or rider,Male,Over 51,3,Driver,Normal,Not a Pedestrian,No distancing,Slight Injury
17:32:00,Thursday,Over 51,Male,Junior high school,Employee,2-5yr,Automobile,Owner,1-2yr,0,Other,Two-way (divided with broken lines road marking),Tangent road with flat terrain,No junction,Asphalt roads,Dry,Daylight,Normal,Vehicle with vehicle collision,2,1,Going straight,Driver or rider,Male,31-50,2,Unknown,Normal,Not a Pedestrian,No distancing,Slight Injury
07:40:00,Tuesday,18-30,Male,Junior high school,Employee,Above 10yr,Lorry (41?100Q),Owner,Unknown,0,Residential areas,Two-way (divided with broken lines road marking),Tangent road with flat terrain,Y Shape,Asphalt roads,Dry,Daylight,Normal,Vehicle with vehicle collision,1,1,Going straight,Driver or rider,Male,18-30,2,Self-employed,Normal,Not a Pedestrian,No priority to vehicle,Slight Injury
13:16:00,Wednesday,31-50,Male,Junior high school,Employee,Above 10yr,Automobile,Owner,Unknown,0,Office areas,other,Tangent road with flat terrain,Y Shape,Asphalt roads,Dry,Darkness - lights lit,Normal,Vehicle with vehicle collision,2,3,Going straight,Unknown,Unknown,Unknown,0,Driver,Normal,Not a Pedestrian,Changing lane to the left,Slight Injury
17:00:00,Tuesday,18-30,Male,Junior high school,Employee,Above 10yr,Other,Owner,Unknown,0,Other,Two-way (divided with broken lines road marking),Tangent road with flat terrain,Y Shape,Earth roads,Dry,Daylight,Normal,Vehicle with vehicle collision,2,1,Going straight,Driver or rider,Female,31-50,3,Driver,Normal,Not a Pedestrian,Changing lane to the left,Slight Injury
08:45:00,Friday,31-50,Male,Junior high school,Employee,5-10yr,Automobile,Owner,5-10yrs,0,Office areas,Two-way (divided with broken lines road marking),Tangent road with mild grade and flat terrain,No junction,Asphalt roads,Dry,Daylight,Unknown,Vehicle with vehicle collision,1,1,Moving Backward,Unknown,Unknown,Unknown,0,Unknown,Normal,Not a Pedestrian,Moving Backward,Slight Injury
11:45:00,Saturday,31-50,Male,Elementary school,Employee,2-5yr,Lorry (41?100Q),Owner,Unknown,0, Outside rural areas,Two-way (divided with broken lines road marking),Tangent road with flat terrain,Y Shape,Asphalt roads,Dry,Daylight,Unknown,Vehicle with vehicle collision,2,1,Entering a junction,Driver or rider,Male,Under 18,3,Unknown,Normal,Not a Pedestrian,Changing lane to the right,Slight Injury
09:51:00,Sunday,Over 51,Male,Writing & reading,Employee,5-10yr,Pick up upto 10Q,Owner,Above 10yr,0, Church areas,Two-way (divided with broken lines road marking),Steep grade upward with mountainous terrain,No junction,Earth roads,Dry,Daylight,Normal,Vehicle with vehicle collision,2,1,Going straight,Unknown,Unknown,Unknown,0,Driver,Normal,Not a Pedestrian,No distancing,Slight Injury
00:28:00,Saturday,18-30,Male,Junior high school,Owner,5-10yr,Public (> 45 seats),Owner,Unknown,0,Office areas,other,Tangent road with flat terrain,Y Shape,Asphalt roads,Dry,Darkness - lights lit,Normal,Vehicle with vehicle collision,2,2,Other,Unknown,Unknown,Unknown,0,Unknown,Other,Not a Pedestrian,Overtaking,Slight Injury
08:43:00,Wednesday,31-50,Male,Junior high school,Employee,2-5yr,Automobile,Owner,Unknown,0,Office areas,Double carriageway (median),Tangent road with flat terrain,Y Shape,Gravel roads,Wet or damp,Darkness - no lighting,Normal,Vehicle with vehicle collision,1,1,Going straight,Unknown,Unknown,Unknown,0,Unknown,Other,Not a Pedestrian,Changing lane to the right,Serious Injury
18:32:00,Tuesday,31-50,Male,Junior high school,Employee,5-10yr,Automobile,Governmental,Below 1yr,0,  Recreational areas,Two-way (divided with broken lines road marking),Tangent road with flat terrain,No junction,Asphalt roads,Wet or damp,Daylight,Snow,Collision with pedestrians,2,1,Going straight,Pedestrian,Male,31-50,3,Other,Normal,Not a Pedestrian,Other,Slight Injury
16:55:00,Thursday,31-50,Male,Elementary school,Employee,1-2yr,Lorry (41?100Q),Owner,Unknown,0, Church areas,Undivided Two way,Tangent road with flat terrain,Y Shape,Asphalt roads,Dry,Daylight,Normal,Vehicle with vehicle collision,1,1,Going straight,Driver or rider,Male,18-30,3,Driver,Normal,Not a Pedestrian,No priority to pedestrian,Slight Injury
13:41:00,Thursday,31-50,Male,Junior high school,Employee,2-5yr,Long lorry,Owner,Unknown,0,Other,Two-way (divided with broken lines road marking),Tangent road with flat terrain,No junction,Earth roads,Dry,Daylight,Normal,Collision with pedestrians,1,1,Going straight,Unknown,Unknown,Unknown,0,Unknown,Other,Not a Pedestrian,Overtaking,Slight Injury
11:52:00,Sunday,18-30,Male,Junior high school,Employee,2-5yr,Automobile,Owner,2-5yrs,0,  Recreational areas,Undivided Two way,Tangent road with flat terrain,Other,Asphalt roads,Wet or damp,Daylight,Normal,Vehicle with vehicle collision,2,1,Other,Driver or rider,Female,Over 51,3,Other,Normal,Not a Pedestrian,No distancing,Serious Injury
13:05:00,Monday,31-50,Male,Junior high school,Employee,2-5yr,Taxi,Owner,Unknown,0, Industrial areas,other,Tangent road with flat terrain,No junction,Asphalt roads,Dry,Daylight,Normal,Vehicle with vehicle collision,3,1,Reversing,Passenger,Male,31-50,3,Driver,Normal,Not a Pedestrian,Changing lane to the left,Serious Injury
13:56:00,Thursday,31-50,Male,Junior high school,Employee,5-10yr,Public (12 seats),Owner,Unknown,0,Residential areas,Two-way (divided with broken lines road marking),Tangent road with flat terrain,No junction,Asphalt roads,Dry,Daylight,Normal,Vehicle with vehicle collision,3,1,Going straight,Unknown,Unknown,Unknown,0,Driver,Normal,Not a Pedestrian,Changing lane to the right,Slight Injury
08:50:00,Monday,Under 18,Male,Junior high school,Employee,1-2yr,Automobile,Governmental,Unknown,0,Other,Double carriageway (median),Tangent road with flat terrain,O Shape,Asphalt roads,Wet or damp,Daylight,Raining,Fall from vehicles,2,1,Going straight,Driver or rider,Male,18-30,3,Unknown,Other,Not a Pedestrian,Getting off the vehicle improperly,Slight Injury
21:05:00,Friday,Under 18,Male,Elementary school,Employee,No Licence,Stationwagen,Owner,2-5yrs,0, Church areas,Undivided Two way,Tangent road with flat terrain,Other,Asphalt roads,Dry,Darkness - lights lit,Normal,Vehicle with vehicle collision,2,1,Entering a junction,Unknown,Unknown,Unknown,0,Driver,Normal,Not a Pedestrian,No priority to vehicle,Slight Injury
13:45:00,Thursday,Unknown,Male,Junior high school,Employee,Below 1yr,Other,Owner,2-5yrs,0, Outside rural areas,Undivided Two way,Tangent road with flat terrain,No junction,Asphalt roads,Dry,Daylight,Normal,Collision with roadside objects,2,1,Going straight,Driver or rider,Male,31-50,3,Self-employed,Normal,Not a Pedestrian,No distancing,Slight Injury