time,day_of_week,age_band_of_driver,sex_of_driver,educational_level,vehicle_driver_relation,driving_experience,type_of_vehicle,owner_of_vehicle,service_year_of_vehicle,defect_of_vehicle,area_accident_occured,lanes_or_medians,road_allignment,types_of_junction,road_surface_type,road_surface_conditions,light_conditions,weather_conditions,type_of_collision,number_of_vehicles_involved,number_of_casualties,vehicle_movement,casualty_class,sex_of_casualty,age_band_of_casualty,casualty_severity,work_of_casualty,fitness_of_casualty,pedestrian_movement,cause_of_accident,accident_severity
17:02:00,Monday,18-30,Male,Elementary school,Employee,2-5yr,Bajaj,Owner,5-10yrs,0,School areas,other,Tangent road with flat terrain,No junction,Asphalt roads,Dry,Daylight,Normal,Vehicle with vehicle collision,3,2,Going straight,Unknown,Unknown,Unknown,0,Driver,Normal,Not a Pedestrian,Changing lane to the left,Slight Injury
09:51:00,Thursday,31-50,Male,Elementary school,Owner,Above 10yr,Automobile,Owner,Unknown,0, Industrial areas,Undivided Two way,Tangent road with flat terrain,Y Shape,Asphalt roads,Dry,Daylight,Normal,Collision with roadside objects,2,2,Going straight,Passenger,Male,18-30,3,Driver,Normal,Not a Pedestrian,Changing lane to the right,Serious Injury
13:15:00,Friday,18-30,Male,Elementary school,Employee,Above 10yr,Lorry (41?100Q),Owner,Unknown,0,Residential areas,Undivided Two way,Tangent road with flat terrain,Crossing,Asphalt roads,Wet or damp,Daylight,Normal,Collision with roadside objects,2,1,Going straight,Driver or rider,Female,31-50,3,Driver,Normal,Not a Pedestrian,No distancing,Slight Injury
11:19:00,Wednesday,Over 51,Male,Elementary school,Owner,Above 10yr,Lorry (41?100Q),Owner,Unknown,0,Other,Undivided Two way,Tangent road with flat terrain,Y Shape,Asphalt roads,Dry,Daylight,Normal,Vehicle with vehicle collision,2,1,Going straight,Unknown,Unknown,Unknown,0,Driver,Normal,Not a Pedestrian,No distancing,Slight Injury
08:40:00,Monday,Unknown,Male,Junior high school,Employee,5-10yr,Other,Owner,Unknown,0,Other,Undivided Two way,Tangent road with flat terrain,No junction,Asphalt roads,Dry,Daylight,Normal,Collision with roadside objects,2,1,Going straight,Unknown,Unknown,Unknown,0,Driver,Normal,Not a Pedestrian,Changing lane to the left,Slight Injury
15:42:00,Thursday,31-50,Male,High school,Employee,1-2yr,Public (13?45 seats),Owner,Above 10yr,0, Outside rural areas,Two-way (divided with broken lines road marking),Tangent road with flat terrain,Y Shape,Asphalt roads,Dry,Daylight,Normal,Collision with pedestrians,2,2,Turnover,Passenger,Male,Under 18,3,Unknown,Normal,Not a Pedestrian,No distancing,Slight Injury
17:40:00,Thursday,31-50,Male,Junior high school,Employee,Below 1yr,Long lorry,Owner,Unknown,0,Office areas,Undivided Two way,Tangent road with flat terrain,Y Shape,Asphalt roads,Dry,Daylight,Normal,Vehicle with vehicle collision,2,2,Moving Backward,Driver or rider,Male,18-30,3,Driver,Normal,Not a Pedestrian,No priority to vehicle,Slight Injury
18:00:00,Tuesday,18-30,Male,High school,Owner,1-2yr,Automobile,Owner,Above 10yr,0,Other,other,Tangent road with flat terrain,Y Shape,Asphalt roads,Dry,Darkness - lights lit,Normal,Vehicle with vehicle collision,2,1,Turnover,Passenger,Female,31-50,3,Driver,Normal,Not a Pedestrian,Getting off the vehicle improperly,Slight Injury
22:15:00,Friday,31-50,Male,Junior high school,Employee,Above 10yr,Automobile,Owner,Unknown,0,Other,Two-way (divided with broken lines road marking),Tangent road with flat terrain,No junction,Asphalt roads,Dry,Darkness - lights lit,Normal,Vehicle with vehicle collision,1,1,Going straight,Unknown,Unknown,Unknown,0,Driver,Normal,Not a Pedestrian,No priority to vehicle,Slight Injury
06:15:00,Tuesday,31-50,Male,Elementary school,Employee,5-10yr,Automobile,Owner,Unknown,0,Office areas,Two-way (divided with broken lines road marking),Tangent road with flat terrain,Crossing,Asphalt roads,Dry,Daylight,Unknown,Vehicle with vehicle collision,2,1,Going straight,Unknown,Unknown,Unknown,0,Other,Normal,Not a Pedestrian,Changing lane to the left,Slight Injury
20:35:00,Sunday,Unknown,Female,Junior high school,Employee,1-2yr,Lorry (41?100Q),Owner,2-5yrs,0, Church areas,Undivided Two way,Tangent road with flat terrain,Crossing,Asphalt roads,Dry,Daylight,Normal,Vehicle with vehicle collision,2,1,Going straight,Driver or rider,Male,Under 18,3,Unknown,Normal,Not a Pedestrian,No distancing,Slight Injury
13:36:00,Wednesday,31-50,Male,Elementary school,Employee,1-2yr,Lorry (41?100Q),Owner,Unknown,0,Office areas,One way,Tangent road with flat terrain,No junction,Asphalt roads,Dry,Daylight,Normal,Vehicle with vehicle collision,4,2,Going straight,Unknown,Unknown,Unknown,0,Driver,Normal,Not a Pedestrian,Changing lane to the right,Slight Injury
17:10:00,Friday,18-30,Male,Elementary school,Employee,Above 10yr,Automobile,Owner,5-10yrs,0,Other,Two-way (divided with broken lines road marking),Tangent road with flat terrain,No junction,Asphalt roads,Wet or damp,Daylight,Normal,Vehicle with vehicle collision,3,1,Going straight,Pedestrian,Male,Under 18,3,Driver,Normal,"Walking along in carriageway, facing traffic",No priority to vehicle,Slight Injury
12:45:00,Saturday,18-30,Male,Elementary school,Employee,1-2yr,Lorry (41?100Q),Owner,Unknown,0,  Recreational areas,other,Tangent road with flat terrain,No junction,Asphalt roads,Wet or damp,Daylight,Raining,Vehicle with vehicle collision,2,1,Going straight,Unknown,Unknown,Unknown,0,Unknown,Other,Not a Pedestrian,No distancing,Slight Injury
15:00:00,Wednesday,Over 51,Male,Junior high school,Owner,2-5yr,Lorry (11?40Q),Owner,Unknown,0,Other,One way,Tangent road with flat terrain,No junction,Asphalt roads,Dry,Daylight,Normal,Collision with animals,1,1,Overtaking,Driver or rider,Male,18-30,3,Self-employed,Normal,Not a Pedestrian,Changing lane to the left,Slight Injury
07:30:00,Monday,18-30,Male,Elementary school,Employee,Below 1yr,Motorcycle,Owner,Unknown,0,Office areas,Two-way (divided with broken lines road marking),Tangent road with flat terrain,Crossing,Asphalt roads,Dry,Daylight,Normal,Collision with roadside objects,1,1,Going straight,Driver or rider,Male,31-50,3,Driver,Normal,Not a Pedestrian,Overtaking,Slight Injury
16:07:00,Sunday,Under 18,Male,Elementary school,Employee,5-10yr,Public (13?45 seats),Organization,5-10yrs,0,Residential areas,Two-way (divided with broken lines road marking),Tangent road with flat terrain,Y Shape,Asphalt roads,Dry,Daylight,Normal,Collision with pedestrians,3,6,Moving Backward,Passenger,Male,5,3,Other,Normal,Not a Pedestrian,Changing lane to the left,Slight Injury
08:34:00,Wednesday,18-30,Male,Junior high school,Owner,1-2yr,Other,Owner,Unknown,0,Other,other,Tangent road with flat terrain,No junction,Asphalt roads,Wet or damp,Daylight,Normal,Collision with pedestrians,1,1,Going straight,Unknown,Unknown,Unknown,0,Driver,Normal,Not a Pedestrian,Unknown,Serious Injury
12:20:00,Saturday,18-30,Male,Junior high school,Employee,2-5yr,Automobile,Owner,2-5yrs,0,Residential areas,Two-way (divided with broken lines road marking),Tangent road with flat terrain,Crossing,Asphalt roads,Dry,Daylight,Normal,Collision with roadside objects,2,3,Moving Backward,Pedestrian,Male,Over 51,3,Unknown,Other,Crossing from nearside - masked by parked or statioNot a Pedestrianry vehicle,Driving under the influence of drugs,Slight Injury
23:45:00,Friday,Unknown,Female,Junior high school,Employee,2-5yr,Public (12 seats),Owner,Unknown,0, Church areas,Undivided Two way,Tangent road with flat terrain,Crossing,Asphalt roads,Wet or damp,Darkness - lights lit,Raining,Collision with pedestrians,3,1,Going straight,Driver or rider,Male,18-30,3,Self-employed,Normal,Not a Pedestrian,Driving under the influence of drugs,Slight Injury
10:00:00,Monday,Over 51,Male,Junior high school,Employee,5-10yr,Motorcycle,Owner,Unknown,0,Office areas,Undivided Two way,Tangent road with flat terrain,Y Shape,Asphalt roads,Dry,Daylight,Normal,Vehicle with vehicle collision,2,3,Entering a junction,Unknown,Unknown,Unknown,0,Unknown,Normal,Not a Pedestrian,No distancing,Slight Injury
15:40:00,Monday,18-30,Male,Junior high school,Owner,1-2yr,Lorry (41?100Q),Owner,Unknown,0,Residential areas,Two-way (divided with broken lines road marking),Tangent road with flat terrain,Y Shape,Asphalt roads,Dry,Daylight,Normal,Vehicle with vehicle collision,4,1,Other,Passenger,Male,5,3,Driver,Normal,Not a Pedestrian,No distancing,Slight Injury
19:49:00,Wednesday,31-50,Male,Junior high school,Employee,5-10yr,Pick up upto 10Q,Owner,2-5yrs,0,Office areas,Double carriageway (median),Tangent road with flat terrain,No junction,Asphalt roads,Wet or damp,Darkness - lights lit,Normal,Collision with pedestrians,3,1,Going straight,Driver or rider,Male,18-30,3,Driver,Normal,Not a Pedestrian,No distancing,Serious Injury
17:00:00,Saturday,18-30,Male,Elementary school,Employee,No Licence,Automobile,Owner,Unknown,7,Other,other,Tangent road with flat terrain,Crossing,Asphalt roads,Dry,Daylight,Normal,Vehicle with vehicle collision,3,2,Other,Pedestrian,Female,31-50,3,Unknown,Other,Not a Pedestrian,No distancing,Slight Injury
15:25:00,Monday,31-50,Unknown,Junior high school,Employee,Above 10yr,Other,Owner,Below 1yr,0, Church areas,Undivided Two way,Tangent road with flat terrain,Crossing,Asphalt roads,Dry,Daylight,Normal,Vehicle with vehicle collision,1,1,Going straight,Driver or rider,Male,18-30,2,Driver,Normal,Not a Pedestrian,Overturning,Slight Injury
07:48:00,Wednesday,Under 18,Male,Junior high school,Employee,2-5yr,Other,Owner,1-2yr,0,Office areas,Double carriageway (median),Tangent road with flat terrain,No junction,Asphalt roads,Dry,Daylight,Normal,Vehicle with vehicle collision,1,1,Going straight,Pedestrian,Male,Over 51,3,Driver,Normal,Not a Pedestrian,No priority to vehicle,Slight Injury
16:10:00,Monday,31-50,Male,Junior high school,Employee,5-10yr,Lorry (41?100Q),Owner,Unknown,0,Other,Two-way (divided with broken lines road marking),Tangent road with flat terrain,Y Shape,Asphalt roads,Dry,Daylight,Normal,Vehicle with vehicle collision,2,5,Going straight,Unknown,Unknown,Unknown,0,Driver,Normal,Not a Pedestrian,No priority to vehicle,Slight Injury
18:16:00,Wednesday,31-50,Male,Junior high school,Owner,Below 1yr,Automobile,Owner,Unknown,0, Church areas,other,Tangent road with flat terrain,Crossing,Asphalt roads,Dry,Darkness - lights lit,Normal,Vehicle with vehicle collision,2,1,Going straight,Driver or rider,Male,18-30,3,Self-employed,Normal,Not a Pedestrian,Changing lane to the left,Serious Injury
17:15:00,Tuesday,18-30,Male,Junior high school,Employee,5-10yr,Automobile,Owner,2-5yrs,0,Residential areas,Undivided Two way,Gentle horizontal curve,No junction,Asphalt roads,Dry,Daylight,Normal,Vehicle with vehicle collision,2,1,Entering a junction,Unknown,Unknown,Unknown,0,Driver,Normal,Not a Pedestrian,Changing lane to the left,Slight Injury
17:55:00,Wednesday,18-30,Male,Elementary school,Owner,5-10yr,Automobile,Owner,2-5yrs,0,Other,Two-way (divided with broken lines road marking),Tangent road with flat terrain,Y Shape,Asphalt roads,Wet or damp,Darkness - lights lit,Normal,Collision with roadside objects,2,1,Going straight,Unknown,Unknown,Unknown,0,Driver,Normal,Not a Pedestrian,No distancing,Slight Injury
13:24:00,Wednesday,31-50,Male,Junior high school,Employee,1-2yr,Lorry (41?100Q),Owner,Unknown,0,Residential areas,other,Tangent road with flat terrain,T Shape,Asphalt roads,Dry,Daylight,Normal,Vehicle with vehicle collision,2,2,Going straight,Pedestrian,Male,18-30,3,Unknown,Normal,Unknown or other,Driving under the influence of drugs,Slight Injury
12:30:00,Friday,Under 18,Male,Junior high school,Employee,2-5yr,Public (12 seats),Owner,Unknown,0,Office areas,Two-way (divided with solid lines road marking),Tangent road with flat terrain,No junction,Asphalt roads,Dry,Daylight,Unknown,Vehicle with vehicle collision,2,1,Going straight,Pedestrian,Male,Over 51,3,Unknown,Other,Unknown or other,Changing lane to the left,Slight Injury
13:46:00,Tuesday,18-30,Male,Junior high school,Employee,2-5yr,Taxi,Governmental,5-10yrs,0,Other,Undivided Two way,Tangent road with flat terrain,Other,Asphalt roads,Dry,Daylight,Normal,Vehicle with vehicle collision,2,1,Going straight,Driver or rider,Female,31-50,3,Student,Normal,Not a Pedestrian,Driving carelessly,Slight Injury
07:10:00,Tuesday,Over 51,Male,Junior high school,Employee,1-2yr,Public (> 45 seats),Owner,Unknown,0,Other,Two-way (divided with broken lines road marking),Tangent road with flat terrain,Crossing,Asphalt roads,Dry,Daylight,Normal,Vehicle with vehicle collision,2,1,Going straight,Unknown,Unknown,Unknown,0,Unknown,Other,Not a Pedestrian,Driving under the influence of drugs,Slight Injury
09:30:00,Tuesday,Unknown,Male,Junior high school,Employee,Below 1yr,Lorry (41?100Q),Governmental,Unknown,0,Office areas,Undivided Two way,Tangent road with flat terrain,No junction,Asphalt roads,Dry,Daylight,Normal,Vehicle with vehicle collision,2,1,Going straight,Driver or rider,Male,5,3,Unknown,Other,Not a Pedestrian,Driving at high speed,Slight Injury
16:30:00,Tuesday,31-50,Male,Junior high school,Employee,5-10yr,Automobile,Owner,Unknown,0,Other,Two-way (divided with broken lines road marking),Tangent road with flat terrain,Y Shape,Asphalt roads,Dry,Daylight,Normal,Vehicle with vehicle collision,1,1,Other,Driver or rider,Female,18-30,3,Driver,Blind,Not a Pedestrian,Changing lane to the right,Slight Injury
17:14:00,Friday,18-30,Male,Junior high school,Employee,1-2yr,Public (> 45 seats),Owner,1-2yr,0, Industrial areas,Double carriageway (median),Tangent road with flat terrain,Other,Asphalt roads,Dry,Daylight,Normal,Vehicle with vehicle collision,3,3,Going straight,Driver or rider,Female,18-30,3,Driver,Normal,Not a Pedestrian,Driving carelessly,Slight Injury
13:54:00,Saturday,31-50,Male,Junior high school,Employee,1-2yr,Other,Owner,Unknown,0, Church areas,Undivided Two way,Tangent road with flat terrain,No junction,Asphalt roads,Dry,Daylight,Normal,Vehicle with vehicle collision,2,1,Going straight,Driver or rider,Male,5,3,Driver,Normal,Not a Pedestrian,Getting off the vehicle improperly,Slight Injury
19:50:00,Thursday,18-30,Male,Elementary school,Employee,2-5yr,Automobile,Owner,Unknown,0,Residential areas,Two-way (divided with broken lines road marking),Tangent road with flat terrain,No junction,Asphalt roads,Dry,Darkness - lights lit,Normal,Vehicle with vehicle collision,2,1,Going straight,Driver or rider,Male,31-50,3,Self-employed,Normal,Not a Pedestrian,Changing lane to the left,Slight Injury
19:50:00,Thursday,Unknown,Male,Junior high school,Employee,5-10yr,Automobile,Owner,2-5yrs,0,Other,Two-way (divided with broken lines road marking),Tangent road with mild grade and flat terrain,No junction,Asphalt roads with some distress,Dry,Darkness - lights lit,Normal,Vehicle with vehicle collision,2,1,Going straight,Unknown,Unknown,Unknown,0,Self-employed,Normal,Not a Pedestrian,No distancing,Slight Injury
11:19:00,Monday,18-30,Male,Junior high school,Employee,2-5yr,Public (> 45 seats),Owner,1-2yr,0, Industrial areas,Double carriageway (median),Tangent road with flat terrain,Y Shape,Asphalt roads,Wet or damp,Darkness - no lighting,Normal,Vehicle with vehicle collision,2,3,Going straight,Passenger,Female,18-30,3,Driver,Normal,Not a Pedestrian,No distancing,Slight Injury
16:15:00,Saturday,18-30,Male,Junior high school,Employee,1-2yr,Automobile,Owner,5-10yrs,0,Other,Undivided Two way,Tangent road with flat terrain,Crossing,Asphalt roads,Dry,Daylight,Normal,Vehicle with vehicle collision,2,1,Other,Driver or rider,Male,Under 18,2,Self-employed,Normal,Not a Pedestrian,Driving carelessly,Serious Injury
08:02:00,Tuesday,31-50,Male,Elementary school,Employee,5-10yr,Turbo,Owner,Above 10yr,0,Other,Two-way (divided with broken lines road marking),Tangent road with flat terrain,Unknown,Earth roads,Dry,Daylight,Normal,Vehicle with vehicle collision,2,2,Moving Backward,Unknown,Unknown,Unknown,0,Driver,Normal,Not a Pedestrian,Moving Backward,Slight Injury
16:18:00,Wednesday,18-30,Male,Elementary school,Owner,5-10yr,Lorry (41?100Q),Owner,Unknown,0,Other,Two-way (divided with broken lines road marking),Tangent road with flat terrain,Unknown,Asphalt roads,Wet or damp,Darkness - lights lit,Normal,Vehicle with vehicle collision,1,1,Reversing,Unknown,Unknown,Unknown,0,Driver,Normal,Not a Pedestrian,Changing lane to the left,Slight Injury
17:57:00,Wednesday,31-50,Male,Elementary school,Employee,2-5yr,Public (13?45 seats),Owner,Unknown,0,Office areas,Two-way (divided with broken lines road marking),Tangent road with flat terrain,No junction,Asphalt roads,Dry,Daylight,Normal,Vehicle with vehicle collision,2,1,Going straight,Unknown,Unknown,Unknown,0,Self-employed,Normal,Not a Pedestrian,Driving carelessly,Slight Injury
14:59:00,Wednesday,Under 18,Male,Junior high school,Employee,Above 10yr,Stationwagen,Owner,2-5yrs,0,Residential areas,Undivided Two way,Tangent road with flat terrain,Other,Asphalt roads,Dry,Daylight,Normal,Unknown,2,2,Going straight,Driver or rider,Male,31-50,3,Driver,Normal,Not a Pedestrian,No distancing,Slight Injury
10:30:00,Monday,Over 51,Male,Junior high school,Employee,5-10yr,Pick up upto 10Q,Owner,Unknown,0,Other,Two-way (divided with broken lines road marking),Tangent road with flat terrain,No junction,Gravel roads,Dry,Daylight,Normal,Vehicle with vehicle collision,2,1,Going straight,Unknown,Unknown,Unknown,0,Employee,Normal,Not a Pedestrian,Driving at high speed,Slight Injury
16:30:00,Tuesday,31-50,Male,Junior high school,Employee,2-5yr,Automobile,Owner,Unknown,0,Other,Undivided Two way,Tangent road with flat terrain,Y Shape,Asphalt roads,Dry,Daylight,Normal,Collision with animals,3,1,Going straight,Unknown,Unknown,Unknown,0,Unknown,Other,Not a Pedestrian,Driving carelessly,Slight Injury
12:20:00,Wednesday,Unknown,Male,Junior high school,Owner,Below 1yr,Lorry (11?40Q),Owner,Unknown,0,Other,Two-way (divided with broken lines road marking),Tangent road with flat terrain,No junction,Asphalt roads,Dry,Daylight,Cloudy,Vehicle with vehicle collision,4,2,Going straight,Pedestrian,Female,18-30,3,Self-employed,Normal,Not a Pedestrian,Driving carelessly,Slight Injury
19:28:00,Wednesday,18-30,Male,Junior high school,Owner,Above 10yr,Taxi,Owner,Below 1yr,0,Other,Undivided Two way,Tangent road with flat terrain,Crossing,Asphalt roads,Dry,Daylight,Normal,Vehicle with vehicle collision,3,1,Going straight,Passenger,Male,18-30,3,Driver,Normal,Not a Pedestrian,No distancing,Slight Injury
16:55:00,Friday,31-50,Male,High school,Employee,2-5yr,Other,Owner,Below 1yr,0,Office areas,Two-way (divided with broken lines road marking),Tangent road with flat terrain,Y Shape,Asphalt roads,Dry,Daylight,Normal,Rollover,2,1,Other,Unknown,Unknown,Unknown,0,Employee,Other,Not a Pedestrian,Changing lane to the right,Slight Injury
19:08:00,Wednesday,31-50,Male,Junior high school,Employee,2-5yr,Lorry (41?100Q),Organization,2-5yrs,0,Other,Undivided Two way,Tangent road with flat terrain,Y Shape,Asphalt roads,Wet or damp,Darkness - lights lit,Raining,Vehicle with vehicle collision,2,6,Going straight,Driver or rider,Male,31-50,2,Driver,Normal,Not a Pedestrian,No distancing,Slight Injury
19:00:00,Tuesday,Over 51,Male,Junior high school,Employee,1-2yr,Lorry (41?100Q),Owner,2-5yrs,0,Other,Two-way (divided with broken lines road marking),Tangent road with flat terrain,No junction,Asphalt roads,Dry,Darkness - lights lit,Normal,Vehicle with vehicle collision,2,1,Going straight,Unknown,Unknown,Unknown,0,Driver,Normal,Not a Pedestrian,Changing lane to the right,Slight Injury
00:55:00,Saturday,18-30,Male,Junior high school,Employee,5-10yr,Automobile,Owner,Unknown,0,Office areas,Two-way (divided with broken lines road marking),Tangent road with flat terrain,Y Shape,Asphalt roads,Dry,Darkness - lights lit,Normal,Vehicle with vehicle collision,1,3,Going straight,Unknown,Unknown,Unknown,0,Driver,Normal,Not a Pedestrian,No distancing,Serious Injury
13:37:00,Friday,31-50,Male,Junior high school,Employee,1-2yr,Automobile,Governmental,Unknown,0,Other,Two-way (divided with broken lines road marking),Tangent road with flat terrain,Y Shape,Asphalt roads,Dry,Daylight,Unknown,Vehicle with vehicle collision,2,1,Moving Backward,Driver or rider,Male,31-50,3,Self-employed,Normal,Not a Pedestrian,No priority to vehicle,Slight Injury
14:57:00,Thursday,Unknown,Male,Junior high school,Employee,1-2yr,Automobile,Owner,Unknown,0,Office areas,Undivided Two way,Tangent road with flat terrain,Unknown,Asphalt roads,Dry,Daylight,Normal,Collision with pedestrians,3,1,Going straight,Driver or rider,Male,31-50,3,Driver,Normal,Not a Pedestrian,No distancing,Slight Injury
23:10:00,Monday,18-30,Male,Elementary school,Employee,Above 10yr,Automobile,Owner,Unknown,0,Residential areas,Undivided Two way,Tangent road with flat terrain,Y Shape,Asphalt roads,Dry,Darkness - lights lit,Normal,Vehicle with vehicle collision,2,2,Going straight,Unknown,Unknown,Unknown,0,Self-employed,Normal,Not a Pedestrian,Other,Slight Injury
15:15:00,Friday,18-30,Male,Junior high school,Employee,2-5yr,Automobile,Owner,Unknown,0,Residential areas,Undivided Two way,Tangent road with flat terrain,No junction,Asphalt roads,Dry,Daylight,Normal,Collision with roadside objects,2,1,Turnover,Pedestrian,Male,Under 18,2,Unknown,Other,Not a Pedestrian,Driving carelessly,Slight Injury
13:22:00,Monday,Under 18,Male,Junior high school,Employee,Above 10yr,Stationwagen,Owner,Unknown,0,Residential areas,Double carriageway (median),Tangent road with flat terrain,Y Shape,Asphalt roads,Dry,Daylight,Normal,Collision with roadside objects,2,1,Going straight,Passenger,Female,Over 51,3,Self-employed,Normal,Not a Pedestrian,Changing lane to the left,Slight Injury
10:40:00,Tuesday,Over 51,Male,Junior high school,Employee,5-10yr,Lorry (41?100Q),Governmental,Above 10yr,0,Other,Two-way (divided with broken lines road marking),Tangent road with flat terrain,Y Shape,Asphalt roads,Dry,Daylight,Normal,Vehicle with vehicle collision,2,1,Getting off,Driver or rider,Female,18-30,3,Driver,Normal,Not a Pedestrian,Changing lane to the left,Slight Injury
20:20:00,Saturday,Unknown,Female,Junior high school,Employee,5-10yr,Automobile,Owner,Unknown,0,Other,Two-way (divided with broken lines road marking),Tangent road with mild grade and flat terrain,Y Shape,Asphalt roads,Dry,Darkness - lights lit,Normal,Rollover,1,1,Moving Backward,Pedestrian,Female,Under 18,3,Driver,Normal,Not a Pedestrian,Other,Slight Injury
10:40:00,Sunday,31-50,Male,Junior high school,Owner,1-2yr,Automobile,Owner,5-10yrs,0,Other,Undivided Two way,Tangent road with flat terrain,No junction,Asphalt roads,Dry,Daylight,Normal,Collision with roadside objects,2,2,Other,Unknown,Unknown,Unknown,0,Unknown,Normal,Not a Pedestrian,Changing lane to the right,Slight Injury
18:00:00,Sunday,31-50,Male,Junior high school,Owner,5-10yr,Automobile,Owner,1-2yr,0,Other,Undivided Two way,Tangent road with flat terrain,Y Shape,Asphalt roads,Dry,Daylight,Normal,Vehicle with vehicle collision,1,1,Going straight,Unknown,Unknown,Unknown,0,Self-employed,Normal,Not a Pedestrian,No priority to pedestrian,Slight Injury
17:43:00,Wednesday,18-30,Male,High school,Employee,2-5yr,Other,Owner,Above 10yr,0, Outside rural areas,Two-way (divided with broken lines road marking),Tangent road with mountainous terrain and,Y Shape,Asphalt roads,Wet or damp,Darkness - lights lit,Raining,Vehicle with vehicle collision,3,1,Going straight,Unknown,Unknown,Unknown,0,Driver,Normal,Not a Pedestrian,Changing lane to the right,Slight Injury
13:13:00,Friday,18-30,Male,Junior high school,Owner,2-5yr,Automobile,Owner,Unknown,0,Residential areas,Double carriageway (median),Tangent road with flat terrain,Y Shape,Asphalt roads,Wet or damp,Daylight,Other,Vehicle with vehicle collision,2,3,Reversing,Passenger,Female,5,3,Driver,Normal,Not a Pedestrian,Changing lane to the right,Slight Injury
19:40:00,Wednesday,18-30,Male,Elementary school,Owner,Above 10yr,Public (13?45 seats),Owner,2-5yrs,0,Office areas,One way,Steep grade downward with mountainous terrain,No junction,Asphalt roads,Dry,Daylight,Normal,Vehicle with vehicle collision,3,1,Moving Backward,Passenger,Female,18-30,2,Self-employed,Normal,Not a Pedestrian,No priority to vehicle,Slight Injury
04:00:00,Friday,18-30,Male,Junior high school,Employee,Above 10yr,Automobile,Owner,2-5yrs,0,Office areas,Undivided Two way,Tangent road with mountainous terrain and,Y Shape,Asphalt roads,Dry,Darkness - lights lit,Normal,Vehicle with vehicle collision,2,2,Going straight,Passenger,Male,Over 51,3,Unknown,Other,Not a Pedestrian,Changing lane to the left,Slight Injury
17:30:00,Sunday,31-50,Male,Junior high school,Owner,2-5yr,Automobile,Owner,Unknown,0,Other,Two-way (divided with broken lines road marking),Tangent road with flat terrain,Y Shape,Asphalt roads,Wet or damp,Daylight,Normal,Vehicle with vehicle collision,2,2,Going straight,Passenger,Female,18-30,3,Driver,Other,Not a Pedestrian,No priority to vehicle,Slight Injury
13:00:00,Friday,Over 51,Male,Junior high school,Employee,5-10yr,Automobile,Owner,5-10yrs,0,Office areas,Two-way (divided with broken lines road marking),Tangent road with flat terrain,No junction,Asphalt roads,Dry,Daylight,Normal,Vehicle with vehicle collision,2,1,Going straight,Unknown,Unknown,Unknown,0,Unknown,Other,Not a Pedestrian,Moving Backward,Slight Injury
08:06:00,Thursday,18-30,Male,Elementary school,Employee,Above 10yr,Public (13?45 seats),Owner,Unknown,0,  Recreational areas,Two-way (divided with broken lines road marking),Tangent road with flat terrain,No junction,Asphalt roads,Dry,Daylight,Normal,Vehicle with vehicle collision,2,1,Turnover,Passenger,Female,Under 18,3,Self-employed,Normal,Not a Pedestrian,Overtaking,Slight Injury
14:20:00,Sunday,31-50,Male,High school,Owner,5-10yr,Lorry (41?100Q),Owner,Unknown,0,Office areas,Undivided Two way,Tangent road with flat terrain,No junction,Asphalt roads,Dry,Daylight,Normal,Vehicle with vehicle collision,2,1,Going straight,Driver or rider,Female,31-50,3,Driver,Normal,Not a Pedestrian,No priority to pedestrian,Slight Injury
16:10:00,Friday,Unknown,Male,Illiterate,Owner,1-2yr,Stationwagen,Owner,1-2yr,0,Office areas,Undivided Two way,Tangent road with flat terrain,No junction,Asphalt roads,Wet or damp,Daylight,Normal,Vehicle with vehicle collision,2,4,Getting off,Unknown,Unknown,Unknown,0,Driver,Normal,Not a Pedestrian,Changing lane to the right,Slight Injury
09:40:00,Thursday,18-30,Male,Junior high school,Employee,5-10yr,Public (13?45 seats),Owner,Unknown,7,Other,other,Tangent road with flat terrain,No junction,Asphalt roads,Dry,Daylight,Unknown,Vehicle with vehicle collision,2,1,Going straight,Driver or rider,Male,18-30,3,Unknown,Normal,Not a Pedestrian,Changing lane to the left,Serious Injury
15:55:00,Thursday,18-30,Male,Junior high school,Employee,1-2yr,Public (12 seats),Owner,Unknown,0, Church areas,Undivided Two way,Tangent road with flat terrain,Y Shape,Asphalt roads,Wet or damp,Daylight,Raining,Vehicle with vehicle collision,2,3,Going straight,Pedestrian,Male,18-30,3,Driver,Normal,Crossing from driver's nearside,No distancing,Slight Injury
18:00:00,Tuesday,Under 18,Male,Junior high school,Employee,2-5yr,Lorry (11?40Q),Governmental,Below 1yr,0,Other,Two-way (divided with broken lines road marking),Tangent road with flat terrain,No junction,Asphalt roads,Dry,Darkness - lights lit,Normal,Collision with roadside objects,2,1,Going straight,Unknown,Unknown,Unknown,0,Driver,Normal,Not a Pedestrian,No priority to pedestrian,Slight Injury
08:45:00,Friday,Over 51,Male,Junior high school,Employee,5-10yr,Lorry (41?100Q),Owner,Unknown,0,Other,Undivided Two way,Tangent road with flat terrain,No junction,Asphalt roads,Dry,Daylight,Normal,Vehicle with vehicle collision,2,1,Other,Driver or rider,Male,31-50,2,Unknown,Normal,Not a Pedestrian,Driving carelessly,Slight Injury