time,day_of_week,age_band_of_driver,sex_of_driver,educational_level,vehicle_driver_relation,driving_experience,type_of_vehicle,owner_of_vehicle,service_year_of_vehicle,defect_of_vehicle,area_accident_occured,lanes_or_medians,road_allignment,types_of_junction,road_surface_type,road_surface_conditions,light_conditions,weather_conditions,type_of_collision,number_of_vehicles_involved,number_of_casualties,vehicle_movement,casualty_class,sex_of_casualty,age_band_of_casualty,casualty_severity,work_of_casualty,fitness_of_casualty,pedestrian_movement,cause_of_accident,accident_severity
10:30:00,Friday,Over 51,Male,High school,Employee,2-5yr,Automobile,Owner,Unknown,0,Other,other,Tangent road with flat terrain,O Shape,Asphalt roads,Wet or damp,Daylight,Other,Vehicle with vehicle collision,3,1,Moving Backward,Driver or rider,Male,18-30,3,Employee,Normal,Not a Pedestrian,Moving Backward,Slight Injury
07:25:00,Thursday,18-30,Male,Elementary school,Employee,5-10yr,Lorry (41?100Q),Governmental,Unknown,0,Other,Double carriageway (median),Tangent road with flat terrain,Crossing,Asphalt roads,Dry,Daylight,Normal,Vehicle with vehicle collision,2,1,Going straight,Pedestrian,Male,31-50,3,Unknown,Other,Crossing from nearside - masked by parked or statioNot a Pedestrianry vehicle,Getting off the vehicle improperly,Slight Injury
16:05:00,Saturday,31-50,Male,High school,Employee,Above 10yr,Lorry (11?40Q),Governmental,Unknown,0,School areas,Double carriageway (median),Tangent road with flat terrain,No junction,Asphalt roads,Dry,Daylight,Normal,Collision with pedestrians,2,1,Going straight,Unknown,Unknown,Unknown,0,Driver,Normal,Not a Pedestrian,Changing lane to the right,Slight Injury
07:25:00,Thursday,Unknown,Male,Junior high school,Employee,2-5yr,Automobile,Owner,5-10yrs,0,Other,Undivided Two way,Tangent road with flat terrain,T Shape,Asphalt roads,Dry,Daylight,Normal,Vehicle with vehicle collision,2,1,Moving Backward,Driver or rider,Male,31-50,3,Unknown,Other,Not a Pedestrian,Driving carelessly,Slight Injury
06:45:00,Friday,18-30,Male,Junior high school,Owner,5-10yr,Other,Owner,Unknown,0,Residential areas,Undivided Two way,Tangent road with flat terrain,Y Shape,Asphalt roads,Dry,Darkness - lights lit,Normal,Vehicle with vehicle collision,2,1,Going straight,Unknown,Unknown,Unknown,0,Driver,Normal,Not a Pedestrian,Changing lane to the right,Slight Injury
11:10:00,Sunday,31-50,Male,Elementary school,Owner,Below 1yr,Stationwagen,Owner,Unknown,0, Church areas,Two-way (divided with solid lines road marking),Tangent road with flat terrain,Y Shape,Asphalt roads,Dry,Daylight,Normal,Collision with animals,2,4,Turnover,Pedestrian,Male,18-30,3,Unknown,Other,Unknown or other,No distancing,Slight Injury
06:05:00,Tuesday,31-50,Male,High school,Owner,2-5yr,Other,Owner,Unknown,0,Other,Two-way (divided with broken lines road marking),Tangent road with flat terrain,Y Shape,Asphalt roads,Dry,Daylight,Normal,Collision with roadside objects,1,2,Going straight,Driver or rider,Male,Over 51,3,Unknown,Other,Not a Pedestrian,Driving carelessly,Slight Injury
08:28:00,Wednesday,18-30,Male,Junior high school,Employee,2-5yr,Public (> 45 seats),Owner,Unknown,0,Other,other,Tangent road with flat terrain,No junction,Asphalt roads,Dry,Daylight,Normal,Collision with roadside objects,1,1,Going straight,Unknown,Unknown,Unknown,0,Unknown,Other,Not a Pedestrian,Overtaking,Serious Injury
08:50:00,Sunday,Over 51,Male,Elementary school,Employee,2-5yr,Automobile,Owner,2-5yrs,0,Other,Two-way (divided with broken lines road marking),Tangent road with flat terrain,Crossing,Asphalt roads,Dry,Daylight,Normal,Collision with pedestrians,2,1,Other,Driver or rider,Male,18-30,3,Driver,Normal,Not a Pedestrian,No distancing,Slight Injury
08:40:00,Tuesday,18-30,Male,Elementary school,Employee,2-5yr,Automobile,Owner,Unknown,0,Other,Undivided Two way,Tangent road with flat terrain,No junction,Asphalt roads,Wet or damp,Daylight,Normal,Vehicle with vehicle collision,2,3,Going straight,Pedestrian,Female,Under 18,3,Self-employed,Normal,Not a Pedestrian,Driving under the influence of drugs,Slight Injury
16:46:00,Thursday,18-30,Male,Junior high school,Employee,Above 10yr,Lorry (11?40Q),Owner,Unknown,0,Other,Two-way (divided with broken lines road marking),Steep grade downward with mountainous terrain,Y Shape,Asphalt roads,Dry,Daylight,Normal,Vehicle with vehicle collision,3,1,Going straight,Unknown,Unknown,Unknown,0,Driver,Normal,Not a Pedestrian,Driving carelessly,Slight Injury
13:15:00,Friday,Over 51,Male,Junior high school,Employee,Above 10yr,Public (> 45 seats),Owner,Unknown,0,Office areas,other,Tangent road with flat terrain,Y Shape,Asphalt roads,Dry,Daylight,Normal,Vehicle with vehicle collision,2,2,Going straight,Driver or rider,Male,18-30,3,Driver,Normal,Not a Pedestrian,No priority to pedestrian,Serious Injury
17:50:00,Tuesday,31-50,Male,Junior high school,Employee,5-10yr,Automobile,Owner,Above 10yr,0,Office areas,Undivided Two way,Tangent road with flat terrain,No junction,Asphalt roads,Dry,Daylight,Normal,Collision with pedestrians,2,1,Going straight,Driver or rider,Male,18-30,3,Other,Normal,Not a Pedestrian,Moving Backward,Slight Injury
11:30:00,Thursday,18-30,Male,Elementary school,Employee,2-5yr,Bajaj,Owner,Unknown,0,Residential areas,Undivided Two way,Tangent road with flat terrain,Y Shape,Asphalt roads,Dry,Daylight,Normal,Vehicle with vehicle collision,2,1,Going straight,Driver or rider,Male,18-30,3,Driver,Normal,Not a Pedestrian,Driving carelessly,Slight Injury
14:55:00,Saturday,18-30,Male,Junior high school,Employee,5-10yr,Public (> 45 seats),Owner,Above 10yr,0,Residential areas,Two-way (divided with broken lines road marking),Tangent road with flat terrain,Crossing,Asphalt roads,Dry,Daylight,Normal,Collision with roadside objects,2,2,Going straight,Passenger,Female,18-30,3,Driver,Normal,Not a Pedestrian,No distancing,Slight Injury
22:25:00,Thursday,31-50,Male,Above high school,Employee,No Licence,Long lorry,Owner,2-5yrs,0, Church areas,Undivided Two way,Tangent road with flat terrain,Crossing,Asphalt roads,Dry,Darkness - no lighting,Cloudy,Collision with roadside objects,2,1,Going straight,Driver or rider,Male,18-30,3,Driver,Normal,Not a Pedestrian,Moving Backward,Slight Injury
06:27:00,Tuesday,31-50,Male,Junior high school,Employee,Above 10yr,Automobile,Owner,Unknown,0, Industrial areas,Two-way (divided with broken lines road marking),Tangent road with flat terrain,Y Shape,Asphalt roads,Dry,Daylight,Normal,Vehicle with vehicle collision,1,1,Going straight,Passenger,Male,18-30,3,Self-employed,Normal,Not a Pedestrian,Changing lane to the right,Serious Injury
06:30:00,Saturday,18-30,Male,Elementary school,Owner,5-10yr,Automobile,Owner,Unknown,0, Industrial areas,Two-way (divided with broken lines road marking),Tangent road with flat terrain,Crossing,Earth roads,Dry,Daylight,Normal,Vehicle with vehicle collision,2,1,Going straight,Unknown,Unknown,Unknown,0,Driver,Normal,Not a Pedestrian,No distancing,Slight Injury
16:30:00,Thursday,18-30,Male,Junior high school,Employee,5-10yr,Other,Owner,Unknown,0,Other,Two-way (divided with broken lines road marking),Tangent road with flat terrain,Y Shape,Asphalt roads,Dry,Daylight,Normal,Collision with roadside objects,2,1,Reversing,Driver or rider,Female,18-30,3,Unknown,Other,Not a Pedestrian,Changing lane to the right,Slight Injury
17:45:00,Sunday,18-30,Male,Above high school,Employee,2-5yr,Motorcycle,Owner,Unknown,0,Other,Two-way (divided with broken lines road marking),Tangent road with flat terrain,Y Shape,Asphalt roads,Dry,Darkness - lights lit,Normal,Vehicle with vehicle collision,2,1,Going straight,Pedestrian,Female,Under 18,3,Self-employed,Normal,Not a Pedestrian,No priority to vehicle,Slight Injury
13:13:00,Wednesday,Unknown,Female,Junior high school,Employee,1-2yr,Lorry (41?100Q),Organization,Above 10yr,0, Outside rural areas,Undivided Two way,Tangent road with flat terrain,No junction,Asphalt roads,Dry,Daylight,Normal,Vehicle with vehicle collision,2,1,Entering a junction,Driver or rider,Male,5,3,Driver,Normal,Not a Pedestrian,Overtaking,Slight Injury
20:20:00,Thursday,Under 18,Male,Junior high school,Employee,Below 1yr,Ridden horse,Owner,Unknown,0,Other,Undivided Two way,Tangent road with flat terrain,Y Shape,Asphalt roads,Wet or damp,Darkness - lights lit,Raining,Vehicle with vehicle collision,3,2,Moving Backward,Driver or rider,Male,5,3,Unknown,Other,Not a Pedestrian,Driving at high speed,Slight Injury
17:57:00,Wednesday,Unknown,Female,Junior high school,Employee,Below 1yr,Public (13?45 seats),Organization,Unknown,0,Residential areas,other,Tangent road with flat terrain,No junction,Asphalt roads,Dry,Daylight,Normal,Vehicle with vehicle collision,2,1,Going straight,Driver or rider,Male,31-50,2,Driver,Normal,Not a Pedestrian,Changing lane to the left,Slight Injury
19:55:00,Monday,18-30,Male,Junior high school,Employee,5-10yr,Long lorry,Owner,Unknown,0,Other,Two-way (divided with broken lines road marking),Tangent road with flat terrain,Y Shape,Asphalt roads,Dry,Darkness - lights lit,Normal,Vehicle with vehicle collision,2,1,Going straight,Unknown,Unknown,Unknown,0,Driver,Normal,Not a Pedestrian,Changing lane to the right,Slight Injury
15:48:00,Tuesday,Under 18,Male,High school,Employee,1-2yr,Public (> 45 seats),Owner,Above 10yr,0,Residential areas,other,Tangent road with flat terrain,No junction,Asphalt roads,Dry,Daylight,Normal,Collision with roadside objects,2,1,Reversing,Driver or rider,Male,18-30,3,Driver,Normal,Not a Pedestrian,Changing lane to the right,Slight Injury
21:05:00,Sunday,31-50,Male,Junior high school,Employee,5-10yr,Automobile,Owner,1-2yr,0,Other,other,Tangent road with flat terrain,Y Shape,Asphalt roads,Dry,Darkness - lights lit,Normal,Vehicle with vehicle collision,1,1,Turnover,Unknown,Unknown,Unknown,0,Driver,Normal,Not a Pedestrian,No priority to vehicle,Slight Injury
15:40:00,Friday,Under 18,Male,Elementary school,Owner,2-5yr,Automobile,Owner,Unknown,0,Other,Two-way (divided with broken lines road marking),Tangent road with flat terrain,No junction,Asphalt roads,Dry,Daylight,Normal,Vehicle with vehicle collision,2,1,Moving Backward,Driver or rider,Female,18-30,3,Driver,Normal,Not a Pedestrian,No priority to pedestrian,Serious Injury
13:54:00,Saturday,31-50,Unknown,Elementary school,Owner,5-10yr,Pick up upto 10Q,Owner,Above 10yr,0, Hospital areas,Two-way (divided with broken lines road marking),Tangent road with flat terrain,Y Shape,Asphalt roads,Dry,Daylight,Normal,Vehicle with vehicle collision,2,2,Going straight,Unknown,Unknown,Unknown,0,Driver,Normal,Not a Pedestrian,Changing lane to the right,Slight Injury
14:16:00,Wednesday,Over 51,Male,Elementary school,Owner,1-2yr,Lorry (41?100Q),Owner,Unknown,0, Church areas,Undivided Two way,Tangent road with flat terrain,Y Shape,Asphalt roads,Dry,Daylight,Normal,Vehicle with vehicle collision,4,5,Going straight,Pedestrian,Female,5,3,Employee,Normal,Crossing from nearside - masked by parked or statioNot a Pedestrianry vehicle,Moving Backward,Slight Injury
18:10:00,Wednesday,31-50,Male,Elementary school,Employee,Above 10yr,Pick up upto 10Q,Owner,Above 10yr,0,Residential areas,Two-way (divided with broken lines road marking),Tangent road with flat terrain,Y Shape,Asphalt roads,Dry,Daylight,Unknown,Vehicle with vehicle collision,2,1,Getting off,Driver or rider,Male,31-50,3,Self-employed,Normal,Not a Pedestrian,Moving Backward,Slight Injury
20:15:00,Saturday,Unknown,Female,Junior high school,Employee,5-10yr,Lorry (41?100Q),Owner,Unknown,0,Other,One way,Tangent road with flat terrain,Y Shape,Asphalt roads,Dry,Darkness - lights lit,Normal,Collision with pedestrians,2,1,Other,Driver or rider,Male,18-30,3,Driver,Normal,Not a Pedestrian,No distancing,Slight Injury
18:10:00,Tuesday,Unknown,Male,High school,Owner,5-10yr,Public (> 45 seats),Owner,Above 10yr,0,Other,Two-way (divided with broken lines road marking),Tangent road with flat terrain,No junction,Asphalt roads,Dry,Daylight,Normal,Collision with pedestrians,2,1,Turnover,Unknown,Unknown,Unknown,0,Driver,Normal,Not a Pedestrian,Changing lane to the left,Slight Injury
13:56:00,Thursday,18-30,Male,Junior high school,Employee,Above 10yr,Lorry (41?100Q),Owner,Unknown,0,Residential areas,Undivided Two way,Tangent road with flat terrain,No junction,Asphalt roads,Dry,Daylight,Normal,Vehicle with vehicle collision,3,1,Going straight,Driver or rider,Male,5,3,Unknown,Other,Not a Pedestrian,No distancing,Slight Injury
13:28:00,Saturday,Over 51,Male,Elementary school,Employee,2-5yr,Lorry (11?40Q),Owner,Above 10yr,0,Residential areas,Two-way (divided with broken lines road marking),Tangent road with flat terrain,Y Shape,Asphalt roads,Dry,Daylight,Normal,Vehicle with vehicle collision,2,1,Going straight,Driver or rider,Male,31-50,3,Other,Normal,Not a Pedestrian,Changing lane to the left,Slight Injury
13:07:00,Monday,Over 51,Male,Junior high school,Employee,1-2yr,Automobile,Owner,2-5yrs,0,Other,Undivided Two way,Tangent road with mountainous terrain and,Crossing,Asphalt roads,Dry,Daylight,Normal,Vehicle with vehicle collision,2,3,Going straight,Unknown,Unknown,Unknown,0,Driver,Normal,Not a Pedestrian,Moving Backward,Slight Injury
10:40:00,Thursday,Over 51,Male,High school,Employee,2-5yr,Automobile,Governmental,Above 10yr,0,School areas,Two-way (divided with broken lines road marking),Tangent road with flat terrain,No junction,Asphalt roads,Dry,Daylight,Normal,Vehicle with vehicle collision,2,1,Going straight,Unknown,Unknown,Unknown,0,Unknown,Normal,Not a Pedestrian,No distancing,Slight Injury
17:24:00,Monday,18-30,Male,Junior high school,Employee,2-5yr,Other,Owner,Unknown,0,Office areas,Unknown,Tangent road with flat terrain,No junction,Asphalt roads,Dry,Daylight,Normal,Rollover,2,2,Going straight,Unknown,Unknown,Unknown,0,Unknown,Other,Not a Pedestrian,Driving carelessly,Slight Injury
17:24:00,Tuesday,Unknown,Female,Junior high school,Employee,Below 1yr,Pick up upto 10Q,Owner,Unknown,0,Office areas,Two-way (divided with broken lines road marking),Tangent road with flat terrain,Crossing,Asphalt roads,Dry,Daylight,Normal,Vehicle with vehicle collision,1,1,Entering a junction,Passenger,Female,Over 51,3,Self-employed,Normal,Not a Pedestrian,Other,Slight Injury
13:15:00,Thursday,31-50,Male,High school,Owner,2-5yr,Other,Owner,Unknown,0,Residential areas,other,Tangent road with flat terrain,No junction,Asphalt roads,Dry,Daylight,Unknown,Vehicle with vehicle collision,2,1,Moving Backward,Driver or rider,Male,31-50,3,Driver,Normal,Not a Pedestrian,Changing lane to the left,Slight Injury
17:34:00,Monday,Over 51,Male,High school,Employee,2-5yr,Public (13?45 seats),Owner,Unknown,0,Office areas,Undivided Two way,Tangent road with flat terrain,Y Shape,Asphalt roads,Dry,Daylight,Normal,Vehicle with vehicle collision,2,2,Going straight,Unknown,Unknown,Unknown,0,Self-employed,Normal,Not a Pedestrian,No priority to pedestrian,Slight Injury
08:35:00,Saturday,Over 51,Male,Elementary school,Owner,5-10yr,Automobile,Owner,Unknown,0,Residential areas,Two-way (divided with broken lines road marking),Steep grade downward with mountainous terrain,Y Shape,Asphalt roads,Wet or damp,Daylight,Raining,Vehicle with vehicle collision,2,1,Going straight,Unknown,Unknown,Unknown,0,Driver,Normal,Not a Pedestrian,Moving Backward,Slight Injury
17:41:00,Monday,18-30,Male,Junior high school,Employee,5-10yr,Long lorry,Owner,5-10yrs,0, Church areas,Undivided Two way,Steep grade downward with mountainous terrain,Y Shape,Asphalt roads,Dry,Daylight,Normal,Collision with pedestrians,4,1,Going straight,Driver or rider,Male,18-30,3,Unknown,Normal,Not a Pedestrian,Changing lane to the right,Slight Injury
16:58:00,Monday,18-30,Male,High school,Employee,Below 1yr,Lorry (11?40Q),Owner,Unknown,0, Church areas,Undivided Two way,Tangent road with flat terrain,Y Shape,Asphalt roads,Wet or damp,Daylight,Raining,Vehicle with vehicle collision,2,1,Going straight,Driver or rider,Female,31-50,3,Driver,Normal,Not a Pedestrian,Other,Slight Injury
19:30:00,Saturday,18-30,Male,Junior high school,Employee,2-5yr,Motorcycle,Owner,Unknown,0,Other,Two-way (divided with broken lines road marking),Tangent road with flat terrain,Crossing,Asphalt roads,Dry,Darkness - lights lit,Normal,Collision with roadside objects,2,1,Going straight,Driver or rider,Male,18-30,3,Unknown,Other,Not a Pedestrian,No distancing,Serious Injury
02:05:00,Sunday,Unknown,Female,Junior high school,Employee,Above 10yr,Pick up upto 10Q,Owner,Unknown,7,Other,other,Tangent road with flat terrain,Y Shape,Asphalt roads,Dry,Darkness - lights lit,Normal,Vehicle with vehicle collision,1,1,Other,Driver or rider,Male,31-50,3,Unknown,Other,Not a Pedestrian,No distancing,Slight Injury
07:00:00,Sunday,31-50,Male,Junior high school,Owner,Below 1yr,Other,Owner,2-5yrs,0,Office areas,Double carriageway (median),Tangent road with flat terrain,Crossing,Asphalt roads,Dry,Daylight,Normal,Collision with pedestrians,2,2,Going straight,Driver or rider,Male,31-50,2,Driver,Normal,Not a Pedestrian,No distancing,Slight Injury
22:05:00,Friday,18-30,Male,High school,Employee,5-10yr,Pick up upto 10Q,Owner,Unknown,0, Outside rural areas,other,Steep grade downward with mountainous terrain,Y Shape,Asphalt roads,Wet or damp,Darkness - lights lit,Raining,Vehicle with vehicle collision,2,3,Moving Backward,Unknown,Unknown,Unknown,0,Driver,Normal,Not a Pedestrian,No distancing,Serious Injury
15:00:00,Saturday,31-50,Male,Junior high school,Employee,5-10yr,Public (13?45 seats),Owner,Unknown,0,Other,Double carriageway (median),Tangent road with flat terrain,Y Shape,Asphalt roads,Dry,Daylight,Normal,Vehicle with vehicle collision,1,1,Going straight,Unknown,Unknown,Unknown,0,Unknown,Other,Not a Pedestrian,No distancing,Slight Injury
16:20:00,Sunday,31-50,Unknown,Junior high school,Employee,Above 10yr,Lorry (41?100Q),Owner,Above 10yr,0,Other,Undivided Two way,Tangent road with flat terrain,Y Shape,Asphalt roads,Dry,Daylight,Normal,Vehicle with vehicle collision,1,2,Going straight,Passenger,Female,Under 18,3,Other,Normal,Not a Pedestrian,Changing lane to the right,Slight Injury
11:50:00,Sunday,31-50,Male,Junior high school,Employee,1-2yr,Pick up upto 10Q,Owner,Unknown,0,Office areas,other,Tangent road with flat terrain,O Shape,Asphalt roads,Dry,Daylight,Normal,Vehicle with vehicle collision,2,1,Other,Pedestrian,Male,Under 18,3,Unknown,Other,Not a Pedestrian,Driving carelessly,Slight Injury
20:15:00,Saturday,18-30,Male,Junior high school,Employee,Below 1yr,Public (12 seats),Owner,Unknown,0, Church areas,Two-way (divided with broken lines road marking),Tangent road with flat terrain,No junction,Asphalt roads,Dry,Darkness - lights lit,Normal,Collision with pedestrians,6,2,Going straight,Driver or rider,Female,31-50,3,Self-employed,Normal,Not a Pedestrian,Driving carelessly,Slight Injury
17:40:00,Wednesday,31-50,Male,Junior high school,Employee,1-2yr,Automobile,Owner,Unknown,0, Industrial areas,Undivided Two way,Tangent road with flat terrain,No junction,Asphalt roads,Dry,Darkness - lights lit,Normal,Vehicle with vehicle collision,2,1,Going straight,Driver or rider,Male,18-30,2,Driver,Normal,Not a Pedestrian,No distancing,Slight Injury
09:39:00,Thursday,31-50,Male,Elementary school,Employee,5-10yr,Automobile,Owner,Unknown,0,Other,Two-way (divided with broken lines road marking),Tangent road with flat terrain,Crossing,Asphalt roads with some distress,Dry,Daylight,Normal,Vehicle with vehicle collision,1,1,Going straight,Pedestrian,Male,18-30,3,Self-employed,Normal,"In carriageway, statioNot a Pedestrianry - not crossing  (standing or playing) - masked by parked or statioNot a Pedestrianry vehicle",Moving Backward,Slight Injury
20:15:00,Monday,18-30,Male,Junior high school,Employee,1-2yr,Automobile,Owner,Unknown,0,Office areas,Two-way (divided with broken lines road marking),Tangent road with mild grade and flat terrain,Y Shape,Asphalt roads,Dry,Daylight,Normal,Vehicle with vehicle collision,3,1,Getting off,Unknown,Unknown,Unknown,0,Self-employed,Normal,Not a Pedestrian,No distancing,Slight Injury
16:30:00,Thursday,Unknown,Male,High school,Employee,5-10yr,Stationwagen,Owner,Unknown,0,Office areas,One way,Tangent road with flat terrain,No junction,Earth roads,Dry,Daylight,Normal,Vehicle with vehicle collision,1,2,Going straight,Driver or rider,Male,18-30,3,Driver,Normal,Not a Pedestrian,Changing lane to the right,Slight Injury
00:10:00,Sunday,31-50,Male,Junior high school,Employee,1-2yr,Lorry (41?100Q),Owner,Unknown,0,Residential areas,other,Tangent road with flat terrain,No junction,Asphalt roads,Dry,Darkness - lights lit,Normal,Vehicle with vehicle collision,2,3,Going straight,Driver or rider,Male,Under 18,3,Driver,Normal,Not a Pedestrian,Changing lane to the right,Slight Injury
13:00:00,Tuesday,31-50,Male,Junior high school,Employee,5-10yr,Automobile,Owner,Unknown,0,School areas,Undivided Two way,Tangent road with flat terrain,No junction,Asphalt roads,Dry,Daylight,Normal,Collision with roadside objects,2,2,Going straight,Pedestrian,Female,18-30,3,Unknown,Normal,Unknown or other,Driving carelessly,Slight Injury
18:30:00,Friday,Over 51,Male,Junior high school,Employee,2-5yr,Automobile,Owner,Unknown,0,Residential areas,Two-way (divided with broken lines road marking),Tangent road with flat terrain,X Shape,Asphalt roads,Dry,Daylight,Normal,Vehicle with vehicle collision,4,4,Going straight,Driver or rider,Male,18-30,3,Other,Normal,Not a Pedestrian,Moving Backward,Slight Injury
02:40:00,Saturday,Unknown,Female,Elementary school,Owner,Below 1yr,Automobile,Owner,Unknown,0,Other,Two-way (divided with broken lines road marking),Tangent road with flat terrain,No junction,Asphalt roads,Dry,Darkness - lights lit,Normal,Collision with roadside objects,1,2,Going straight,Pedestrian,Male,Over 51,3,Unknown,Other,Not a Pedestrian,Changing lane to the right,Slight Injury
07:00:00,Thursday,18-30,Male,Junior high school,Owner,5-10yr,Ridden horse,Governmental,Below 1yr,0,Residential areas,Undivided Two way,Tangent road with flat terrain,Y Shape,Asphalt roads,Dry,Darkness - lights lit,Normal,Collision with roadside objects,1,3,Entering a junction,Driver or rider,Male,5,3,Self-employed,Other,Not a Pedestrian,No priority to vehicle,Slight Injury
15:33:00,Tuesday,31-50,Male,Elementary school,Employee,2-5yr,Stationwagen,Owner,Unknown,0,Office areas,Two-way (divided with broken lines road marking),Tangent road with flat terrain,Y Shape,Asphalt roads,Dry,Daylight,Normal,Vehicle with vehicle collision,2,1,Moving Backward,Unknown,Unknown,Unknown,0,Driver,Normal,Not a Pedestrian,No priority to vehicle,Slight Injury
07:50:00,Friday,31-50,Male,Junior high school,Employee,1-2yr,Taxi,Owner,2-5yrs,0,Office areas,Undivided Two way,Tangent road with flat terrain,No junction,Earth roads,Wet or damp,Daylight,Normal,Collision with pedestrians,2,2,Going straight,Driver or rider,Male,31-50,3,Driver,Normal,Not a Pedestrian,Driving carelessly,Slight Injury
18:15:00,Monday,18-30,Male,Junior high school,Employee,Below 1yr,Public (12 seats),Owner,Unknown,0,Office areas,Two-way (divided with broken lines road marking),Tangent road with flat terrain,Y Shape,Asphalt roads,Wet or damp,Darkness - lights unlit,Raining,Collision with roadside objects,2,1,Turnover,Unknown,Unknown,Unknown,0,Driver,Normal,Not a Pedestrian,No distancing,Slight Injury
17:46:00,Friday,31-50,Male,Junior high school,Owner,5-10yr,Automobile,Owner,5-10yrs,0,Office areas,Two-way (divided with broken lines road marking),Tangent road with flat terrain,Crossing,Asphalt roads,Wet or damp,Daylight,Raining,Collision with roadside objects,2,2,Turnover,Passenger,Female,18-30,3,Unknown,Normal,Not a Pedestrian,Moving Backward,Slight Injury
01:06:00,Sunday,18-30,Male,Junior high school,Employee,5-10yr,Automobile,Owner,2-5yrs,0,Residential areas,One way,Steep grade downward with mountainous terrain,Y Shape,Asphalt roads,Dry,Darkness - lights lit,Normal,Vehicle with vehicle collision,2,2,Getting off,Unknown,Unknown,Unknown,0,Self-employed,Normal,Not a Pedestrian,No distancing,Slight Injury
14:20:00,Friday,18-30,Male,Elementary school,Employee,Above 10yr,Lorry (11?40Q),Owner,Unknown,0,Other,One way,Tangent road with flat terrain,Unknown,Asphalt roads,Wet or damp,Darkness - lights lit,Raining,Vehicle with vehicle collision,2,2,Going straight,Pedestrian,Male,18-30,3,Driver,Normal,Crossing from offside - masked by  parked or statioNot a Pedestrianry vehicle,No priority to pedestrian,Slight Injury
13:25:00,Thursday,Over 51,Male,Junior high school,Employee,Below 1yr,Pick up upto 10Q,Owner,Unknown,0,Other,Undivided Two way,Tangent road with flat terrain,Y Shape,Other,Dry,Daylight,Normal,Vehicle with vehicle collision,2,1,Going straight,Unknown,Unknown,Unknown,0,Unknown,Other,Not a Pedestrian,Driving to the left,Slight Injury
01:00:00,Friday,18-30,Male,Junior high school,Owner,5-10yr,Automobile,Owner,5-10yrs,0, Church areas,other,Tangent road with flat terrain,Y Shape,Other,Wet or damp,Darkness - lights lit,Normal,Collision with roadside objects,2,1,Going straight,Unknown,Unknown,Unknown,0,Other,Normal,Not a Pedestrian,Driving carelessly,Slight Injury
13:00:00,Friday,Unknown,Male,Above high school,Owner,2-5yr,Lorry (41?100Q),Owner,5-10yrs,0,Other,Undivided Two way,Tangent road with flat terrain,Y Shape,Asphalt roads,Dry,Daylight,Normal,Vehicle with vehicle collision,3,1,Other,Driver or rider,Male,Under 18,3,Self-employed,Normal,Not a Pedestrian,Changing lane to the right,Slight Injury
17:10:00,Wednesday,31-50,Male,Junior high school,Employee,5-10yr,Automobile,Owner,Unknown,0,Other,Undivided Two way,Tangent road with flat terrain,Y Shape,Asphalt roads,Wet or damp,Darkness - no lighting,Raining,Vehicle with vehicle collision,2,1,Going straight,Unknown,Unknown,Unknown,0,Driver,Normal,Not a Pedestrian,No distancing,Slight Injury
09:52:00,Friday,Under 18,Male,High school,Employee,1-2yr,Lorry (41?100Q),Owner,Unknown,0,Residential areas,Two-way (divided with broken lines road marking),Tangent road with flat terrain,Y Shape,Asphalt roads,Dry,Daylight,Normal,Vehicle with vehicle collision,2,2,Going straight,Driver or rider,Male,31-50,3,Driver,Normal,Not a Pedestrian,Other,Serious Injury
08:51:00,Friday,Under 18,Male,Junior high school,Employee,2-5yr,Other,Owner,2-5yrs,0,  Market areas,Undivided Two way,Tangent road with flat terrain,Y Shape,Asphalt roads,Wet or damp,Daylight,Normal,Collision with roadside objects,2,1,Going straight,Unknown,Unknown,Unknown,0,Driver,Normal,Not a Pedestrian,Moving Backward,Slight Injury
09:00:00,Friday,Over 51,Male,Elementary school,Employee,5-10yr,Other,Owner,Unknown,0, Church areas,other,Tangent road with flat terrain,No junction,Asphalt roads,Dry,Daylight,Normal,Vehicle with vehicle collision,1,1,Going straight,Passenger,Female,18-30,3,Driver,Normal,Not a Pedestrian,Changing lane to the right,Slight Injury
22:40:00,Sunday,18-30,Male,Elementary school,Owner,5-10yr,Automobile,Owner,Unknown,0,Office areas,Undivided Two way,Tangent road with flat terrain,Y Shape,Asphalt roads,Dry,Darkness - lights lit,Normal,Vehicle with vehicle collision,2,1,Going straight,Pedestrian,Female,Under 18,2,Driver,Normal,Crossing from nearside - masked by parked or statioNot a Pedestrianry vehicle,No distancing,Serious Injury
15:25:00,Saturday,Unknown,Male,Writing & reading,Employee,Below 1yr,Lorry (41?100Q),Governmental,Unknown,0,Office areas,other,Tangent road with mild grade and flat terrain,Y Shape,Asphalt roads,Dry,Daylight,Normal,Collision with roadside objects,1,1,Going straight,Driver or rider,Male,31-50,3,Employee,Normal,Not a Pedestrian,No distancing,Slight Injury
08:30:00,Thursday,Under 18,Male,Junior high school,Employee,2-5yr,Lorry (41?100Q),Organization,5-10yrs,0, Church areas,Two-way (divided with broken lines road marking),Tangent road with flat terrain,No junction,Asphalt roads,Dry,Daylight,Normal,Vehicle with vehicle collision,1,2,Going straight,Unknown,Unknown,Unknown,0,Driver,Normal,Not a Pedestrian,Overtaking,Slight Injury