time,day_of_week,age_band_of_driver,sex_of_driver,educational_level,vehicle_driver_relation,driving_experience,type_of_vehicle,owner_of_vehicle,service_year_of_vehicle,defect_of_vehicle,area_accident_occured,lanes_or_medians,road_allignment,types_of_junction,road_surface_type,road_surface_conditions,light_conditions,weather_conditions,type_of_collision,number_of_vehicles_involved,number_of_casualties,vehicle_movement,casualty_class,sex_of_casualty,age_band_of_casualty,casualty_severity,work_of_casualty,fitness_of_casualty,pedestrian_movement,cause_of_accident,accident_severity
13:42:00,Wednesday,Unknown,Male,Junior high school,Employee,Above 10yr,Lorry (11?40Q),Owner,Unknown,0,Office areas,One way,Tangent road with flat terrain,Y Shape,Asphalt roads,Dry,Daylight,Normal,Vehicle with vehicle collision,1,1,Going straight,Driver or rider,Male,18-30,3,Unknown,Other,Not a Pedestrian,Driving carelessly,Slight Injury
17:40:00,Monday,31-50,Male,Junior high school,Owner,Above 10yr,Lorry (41?100Q),Owner,Unknown,0,Residential areas,Two-way (divided with broken lines road marking),Tangent road with flat terrain,Y Shape,Asphalt roads,Dry,Darkness - lights lit,Normal,Collision with pedestrians,2,1,Going straight,Driver or rider,Female,31-50,3,Driver,Normal,Not a Pedestrian,No distancing,Slight Injury
08:35:00,Tuesday,31-50,Male,Junior high school,Owner,Below 1yr,Lorry (41?100Q),Owner,Unknown,0,Office areas,One way,Tangent road with flat terrain,Y Shape,Asphalt roads,Dry,Daylight,Normal,Vehicle with vehicle collision,2,1,Going straight,Pedestrian,Male,18-30,3,Driver,Normal,Unknown or other,Overturning,Slight Injury
11:30:00,Thursday,18-30,Male,High school,Employee,Above 10yr,Lorry (41?100Q),Owner,1-2yr,0,School areas,Two-way (divided with broken lines road marking),Tangent road with flat terrain,Crossing,Asphalt roads,Dry,Daylight,Normal,Vehicle with vehicle collision,2,1,Going straight,Unknown,Unknown,Unknown,0,Driver,Normal,Not a Pedestrian,Changing lane to the right,Slight Injury
17:50:00,Friday,Unknown,Male,Junior high school,Employee,1-2yr,Lorry (11?40Q),Owner,Above 10yr,0,Residential areas,Two-way (divided with broken lines road marking),Tangent road with flat terrain,Y Shape,Asphalt roads,Wet or damp,Daylight,Normal,Vehicle with vehicle collision,2,1,Going straight,Unknown,Unknown,Unknown,0,Self-employed,Normal,Not a Pedestrian,Driving carelessly,Slight Injury
00:25:00,Wednesday,Unknown,Female,Junior high school,Employee,5-10yr,Public (13?45 seats),Owner,Unknown,0,Residential areas,Two-way (divided with broken lines road marking),Tangent road with flat terrain,No junction,Asphalt roads,Dry,Darkness - no lighting,Normal,Vehicle with vehicle collision,3,2,Going straight,Unknown,Unknown,Unknown,0,Driver,Normal,Not a Pedestrian,Drunk driving,Slight Injury
06:50:00,Monday,31-50,Male,Junior high school,Employee,2-5yr,Long lorry,Owner,Unknown,0,Office areas,Undivided Two way,Tangent road with flat terrain,Y Shape,Asphalt roads,Dry,Daylight,Normal,Vehicle with vehicle collision,2,3,Going straight,Pedestrian,Male,31-50,3,Driver,Normal,Crossing from driver's nearside,Changing lane to the right,Slight Injury
16:40:00,Saturday,18-30,Male,Junior high school,Owner,Above 10yr,Automobile,Owner,Above 10yr,0,Other,Two-way (divided with broken lines road marking),Tangent road with flat terrain,Crossing,Asphalt roads,Dry,Daylight,Normal,Rollover,2,2,Going straight,Pedestrian,Male,Under 18,3,Driver,Normal,Crossing from driver's nearside,Overtaking,Slight Injury
17:00:00,Friday,31-50,Male,Junior high school,Employee,2-5yr,Automobile,Owner,Unknown,0,Office areas,Two-way (divided with broken lines road marking),Tangent road with flat terrain,Y Shape,Asphalt roads,Dry,Daylight,Normal,Collision with roadside objects,2,1,Going straight,Driver or rider,Female,31-50,3,Driver,Normal,Not a Pedestrian,Other,Slight Injury
17:20:00,Thursday,Over 51,Male,Junior high school,Employee,2-5yr,Automobile,Owner,2-5yrs,0,Other,Two-way (divided with broken lines road marking),Tangent road with flat terrain,No junction,Other,Wet or damp,Darkness - lights lit,Normal,Collision with pedestrians,2,1,Turnover,Unknown,Unknown,Unknown,0,Unknown,Other,Not a Pedestrian,No priority to vehicle,Slight Injury
12:11:00,Tuesday,Over 51,Male,Junior high school,Employee,2-5yr,Other,Owner,5-10yrs,0,Office areas,Two-way (divided with broken lines road marking),Tangent road with flat terrain,No junction,Asphalt roads,Dry,Daylight,Normal,Collision with roadside objects,1,1,Going straight,Unknown,Unknown,Unknown,0,Unknown,Other,Not a Pedestrian,No distancing,Serious Injury
09:45:00,Monday,Unknown,Male,Elementary school,Employee,1-2yr,Public (13?45 seats),Owner,1-2yr,0,Office areas,Two-way (divided with broken lines road marking),Tangent road with flat terrain,Y Shape,Asphalt roads,Wet or damp,Daylight,Raining,Vehicle with vehicle collision,2,2,Reversing,Passenger,Female,Under 18,3,Unknown,Normal,Not a Pedestrian,Getting off the vehicle improperly,Slight Injury
22:00:00,Saturday,31-50,Male,Junior high school,Employee,Above 10yr,Long lorry,Owner,Unknown,0, Church areas,Two-way (divided with broken lines road marking),Tangent road with flat terrain,Y Shape,Asphalt roads,Dry,Daylight,Normal,Vehicle with vehicle collision,1,1,Going straight,Passenger,Female,18-30,3,Driver,Normal,Not a Pedestrian,No priority to vehicle,Slight Injury
16:35:00,Monday,31-50,Male,Junior high school,Employee,Above 10yr,Automobile,Owner,Above 10yr,0,Other,Undivided Two way,Tangent road with flat terrain,Y Shape,Asphalt roads,Dry,Daylight,Normal,Vehicle with vehicle collision,2,2,Going straight,Unknown,Unknown,Unknown,0,Driver,Normal,Not a Pedestrian,No priority to pedestrian,Slight Injury
19:40:00,Monday,31-50,Female,Junior high school,Employee,Below 1yr,Lorry (41?100Q),Owner,Unknown,0,Office areas,One way,Tangent road with mild grade and flat terrain,Y Shape,Asphalt roads,Dry,Darkness - lights lit,Normal,Vehicle with vehicle collision,3,3,Going straight,Driver or rider,Male,18-30,3,Driver,Normal,Not a Pedestrian,Overtaking,Slight Injury
07:30:00,Wednesday,31-50,Male,Above high school,Employee,1-2yr,Automobile,Owner,Unknown,0,Office areas,Two-way (divided with broken lines road marking),Tangent road with mountainous terrain and,Y Shape,Asphalt roads,Dry,Daylight,Normal,Vehicle with vehicle collision,1,1,Going straight,Driver or rider,Male,31-50,3,Unknown,Other,Not a Pedestrian,No priority to vehicle,Slight Injury
12:00:00,Sunday,18-30,Male,Junior high school,Employee,5-10yr,Automobile,Owner,Unknown,0,Other,Two-way (divided with broken lines road marking),Tangent road with flat terrain,No junction,Asphalt roads,Dry,Daylight,Normal,Vehicle with vehicle collision,3,4,Going straight,Driver or rider,Male,Under 18,3,Driver,Normal,Not a Pedestrian,Overspeed,Slight Injury
02:02:00,Tuesday,31-50,Male,High school,Employee,2-5yr,Automobile,Owner,Unknown,0,Residential areas,Undivided Two way,Tangent road with flat terrain,No junction,Asphalt roads,Wet or damp,Darkness - lights lit,Cloudy,Vehicle with vehicle collision,1,1,Going straight,Driver or rider,Male,18-30,3,Driver,Normal,Not a Pedestrian,Changing lane to the left,Slight Injury
15:36:00,Monday,31-50,Male,Junior high school,Employee,1-2yr,Automobile,Owner,Unknown,0,Other,Two-way (divided with broken lines road marking),Tangent road with flat terrain,No junction,Asphalt roads,Wet or damp,Daylight,Unknown,Vehicle with vehicle collision,2,2,Going straight,Passenger,Female,Over 51,3,Other,Normal,Not a Pedestrian,Changing lane to the left,Slight Injury
08:50:00,Tuesday,31-50,Male,Junior high school,Employee,Above 10yr,Public (12 seats),Owner,Unknown,0,Other,Two-way (divided with broken lines road marking),Tangent road with flat terrain,Y Shape,Asphalt roads,Dry,Daylight,Normal,Vehicle with vehicle collision,2,1,Moving Backward,Passenger,Female,18-30,3,Unknown,Other,Not a Pedestrian,No distancing,Serious Injury
08:05:00,Thursday,Under 18,Male,Junior high school,Employee,1-2yr,Other,Owner,Unknown,0,Other,Undivided Two way,Tangent road with flat terrain,No junction,Asphalt roads,Dry,Daylight,Normal,Rollover,2,1,Going straight,Passenger,Male,31-50,2,Self-employed,Normal,Not a Pedestrian,No priority to vehicle,Slight Injury
17:25:00,Friday,31-50,Male,Junior high school,Employee,2-5yr,Lorry (11?40Q),Owner,1-2yr,0,Residential areas,Two-way (divided with broken lines road marking),Tangent road with flat terrain,No junction,Asphalt roads,Dry,Daylight,Normal,Vehicle with vehicle collision,3,4,Overtaking,Driver or rider,Male,18-30,3,Driver,Normal,Not a Pedestrian,Driving under the influence of drugs,Slight Injury
19:25:00,Friday,31-50,Male,Junior high school,Employee,5-10yr,Bajaj,Owner,2-5yrs,0,Other,Two-way (divided with broken lines road marking),Tangent road with mild grade and flat terrain,Crossing,Asphalt roads,Dry,Daylight,Normal,Vehicle with vehicle collision,3,5,Going straight,Driver or rider,Male,31-50,3,Unknown,Other,Not a Pedestrian,No priority to vehicle,Serious Injury
17:10:00,Thursday,Over 51,Male,Junior high school,Employee,1-2yr,Stationwagen,Owner,Unknown,0,Other,Undivided Two way,Tangent road with flat terrain,Y Shape,Asphalt roads,Wet or damp,Darkness - lights lit,Normal,Rollover,2,3,Going straight,Passenger,Female,Under 18,3,Self-employed,Normal,Not a Pedestrian,Moving Backward,Slight Injury
16:00:00,Monday,18-30,Male,Junior high school,Employee,2-5yr,Lorry (41?100Q),Owner,2-5yrs,0,Other,Two-way (divided with broken lines road marking),Tangent road with mild grade and flat terrain,No junction,Other,Dry,Daylight,Normal,Collision with roadside objects,2,1,Turnover,Driver or rider,Male,18-30,3,Unknown,Other,Not a Pedestrian,No distancing,Serious Injury
15:51:00,Tuesday,18-30,Male,Junior high school,Employee,Above 10yr,Automobile,Owner,Above 10yr,0,Residential areas,Two-way (divided with broken lines road marking),Tangent road with flat terrain,Crossing,Asphalt roads,Dry,Daylight,Normal,Vehicle with vehicle collision,1,1,Going straight,Unknown,Unknown,Unknown,0,Self-employed,Normal,Not a Pedestrian,No priority to pedestrian,Slight Injury
16:20:00,Saturday,Under 18,Male,Elementary school,Employee,1-2yr,Automobile,Owner,Above 10yr,0, Outside rural areas,Two-way (divided with broken lines road marking),Tangent road with mountainous terrain and,Y Shape,Asphalt roads,Dry,Daylight,Normal,Vehicle with vehicle collision,2,1,Moving Backward,Driver or rider,Male,5,3,Self-employed,Normal,Not a Pedestrian,Moving Backward,Slight Injury
17:45:00,Tuesday,Unknown,Female,Junior high school,Employee,5-10yr,Automobile,Governmental,Unknown,0,Office areas,other,Tangent road with mild grade and flat terrain,No junction,Asphalt roads,Dry,Daylight,Normal,Vehicle with vehicle collision,3,1,Going straight,Unknown,Unknown,Unknown,0,Self-employed,Normal,Not a Pedestrian,Other,Slight Injury
18:32:00,Tuesday,18-30,Male,Junior high school,Employee,2-5yr,Automobile,Organization,5-10yrs,0,Office areas,Two-way (divided with broken lines road marking),Gentle horizontal curve,No junction,Asphalt roads,Dry,Darkness - lights lit,Normal,Collision with pedestrians,3,3,Moving Backward,Passenger,Male,18-30,3,Other,Normal,Not a Pedestrian,No distancing,Slight Injury
07:35:00,Monday,31-50,Male,High school,Employee,2-5yr,Lorry (11?40Q),Owner,Above 10yr,0,Residential areas,Undivided Two way,Tangent road with flat terrain,No junction,Asphalt roads,Wet or damp,Daylight,Raining,Collision with roadside objects,3,2,Going straight,Passenger,Female,18-30,3,Unknown,Normal,Not a Pedestrian,Driving under the influence of drugs,Serious Injury
11:33:00,Sunday,Unknown,Male,Junior high school,Employee,5-10yr,Public (12 seats),Governmental,2-5yrs,0,Residential areas,Two-way (divided with broken lines road marking),Tangent road with flat terrain,No junction,Asphalt roads,Dry,Daylight,Normal,Fall from vehicles,2,1,Reversing,Unknown,Unknown,Unknown,0,Driver,Normal,Not a Pedestrian,Getting off the vehicle improperly,Slight Injury
23:30:00,Sunday,Unknown,Female,Elementary school,Employee,1-2yr,Automobile,Owner,5-10yrs,0,Office areas,Two-way (divided with broken lines road marking),Tangent road with flat terrain,Crossing,Asphalt roads,Dry,Darkness - lights lit,Normal,Rollover,1,1,Turnover,Unknown,Unknown,Unknown,0,Driver,Normal,Not a Pedestrian,Changing lane to the right,Slight Injury
18:20:00,Thursday,31-50,Male,Junior high school,Employee,5-10yr,Long lorry,Owner,Above 10yr,0,Other,Two-way (divided with broken lines road marking),Tangent road with mountainous terrain and,Crossing,Asphalt roads,Dry,Darkness - lights lit,Normal,Vehicle with vehicle collision,4,2,Going straight,Driver or rider,Female,31-50,3,Driver,Other,Not a Pedestrian,Drunk driving,Slight Injury
16:04:00,Thursday,18-30,Male,Junior high school,Employee,Above 10yr,Lorry (11?40Q),Owner,Unknown,0,Other,Two-way (divided with broken lines road marking),Tangent road with flat terrain,Y Shape,Asphalt roads,Wet or damp,Daylight,Raining,Rollover,2,1,Going straight,Driver or rider,Male,31-50,3,Unknown,Other,Not a Pedestrian,Overturning,Serious Injury
17:25:00,Friday,31-50,Male,Junior high school,Employee,5-10yr,Pick up upto 10Q,Owner,Unknown,0,Office areas,Undivided Two way,Tangent road with flat terrain,No junction,Asphalt roads,Dry,Daylight,Normal,Vehicle with vehicle collision,2,1,Going straight,Unknown,Unknown,Unknown,0,Driver,Normal,Not a Pedestrian,Other,Slight Injury
08:42:00,Thursday,31-50,Male,Junior high school,Employee,Above 10yr,Other,Owner,Unknown,0,Other,Undivided Two way,Tangent road with flat terrain,Y Shape,Asphalt roads,Dry,Daylight,Normal,Vehicle with vehicle collision,2,2,Going straight,Driver or rider,Male,18-30,2,Unknown,Other,Not a Pedestrian,Changing lane to the right,Serious Injury
18:35:00,Wednesday,31-50,Male,Elementary school,Employee,1-2yr,Lorry (41?100Q),Owner,Unknown,0,Residential areas,other,Tangent road with flat terrain,Crossing,Asphalt roads,Wet or damp,Darkness - lights lit,Raining,Collision with roadside objects,2,1,Going straight,Passenger,Male,18-30,3,Unknown,Other,Not a Pedestrian,Driving carelessly,Slight Injury
16:12:00,Saturday,31-50,Male,Junior high school,Owner,2-5yr,Special vehicle,Owner,Unknown,0,Office areas,Two-way (divided with broken lines road marking),Tangent road with flat terrain,No junction,Asphalt roads,Dry,Daylight,Normal,Collision with roadside objects,3,2,Other,Passenger,Male,Under 18,3,Driver,Normal,Not a Pedestrian,No distancing,Slight Injury
19:39:00,Thursday,Under 18,Male,Junior high school,Owner,1-2yr,Automobile,Owner,1-2yr,0,Other,other,Tangent road with flat terrain,Y Shape,Asphalt roads,Wet or damp,Darkness - lights lit,Normal,Vehicle with vehicle collision,3,1,Going straight,Pedestrian,Male,18-30,3,Self-employed,Normal,Not a Pedestrian,Driving carelessly,Fatal injury
18:15:00,Tuesday,Under 18,Male,Junior high school,Employee,2-5yr,Pick up upto 10Q,Owner,Above 10yr,0,Office areas,other,Tangent road with flat terrain,Y Shape,Asphalt roads,Dry,Darkness - lights lit,Normal,Vehicle with vehicle collision,2,1,Going straight,Unknown,Unknown,Unknown,0,Self-employed,Normal,Not a Pedestrian,Moving Backward,Slight Injury
16:45:00,Wednesday,18-30,Male,Junior high school,Employee,Above 10yr,Automobile,Owner,Unknown,0,Office areas,Two-way (divided with broken lines road marking),Tangent road with flat terrain,Y Shape,Asphalt roads,Dry,Daylight,Normal,Vehicle with vehicle collision,2,1,Other,Unknown,Unknown,Unknown,0,Unknown,Normal,Not a Pedestrian,Driving carelessly,Slight Injury
08:54:00,Thursday,Over 51,Male,Elementary school,Employee,1-2yr,Lorry (41?100Q),Owner,Unknown,0,Other,Undivided Two way,Tangent road with flat terrain,Y Shape,Asphalt roads,Dry,Daylight,Normal,Vehicle with vehicle collision,3,2,Other,Driver or rider,Female,31-50,3,Driver,Normal,Not a Pedestrian,Changing lane to the left,Slight Injury
15:14:00,Tuesday,Over 51,Male,Junior high school,Employee,5-10yr,Public (> 45 seats),Owner,2-5yrs,0,Rural village areas,Undivided Two way,Gentle horizontal curve,Y Shape,Asphalt roads,Dry,Daylight,Normal,Collision with roadside objects,3,1,Getting off,Unknown,Unknown,Unknown,0,Unknown,Normal,Not a Pedestrian,Driving carelessly,Slight Injury
17:10:00,Tuesday,31-50,Male,Junior high school,Employee,Above 10yr,Stationwagen,Owner,Unknown,0,School areas,Double carriageway (median),Tangent road with flat terrain,Y Shape,Asphalt roads,Wet or damp,Daylight,Normal,Vehicle with vehicle collision,3,4,Going straight,Unknown,Unknown,Unknown,0,Unemployed,Normal,Not a Pedestrian,Moving Backward,Slight Injury
08:29:00,Thursday,Over 51,Male,Elementary school,Employee,5-10yr,Pick up upto 10Q,Owner,Unknown,0,Other,Double carriageway (median),Tangent road with flat terrain,No junction,Asphalt roads,Dry,Daylight,Normal,Vehicle with vehicle collision,2,1,Going straight,Unknown,Unknown,Unknown,0,Unknown,Normal,Not a Pedestrian,No distancing,Serious Injury
08:45:00,Monday,31-50,Male,Elementary school,Employee,2-5yr,Automobile,Owner,5-10yrs,0,Other,Two-way (divided with broken lines road marking),Tangent road with flat terrain,No junction,Asphalt roads,Dry,Daylight,Normal,Vehicle with vehicle collision,2,1,Going straight,Passenger,Male,Over 51,2,Driver,Normal,Not a Pedestrian,Driving carelessly,Slight Injury
08:50:00,Tuesday,31-50,Male,Junior high school,Employee,2-5yr,Other,Owner,Unknown,0, Outside rural areas,Two-way (divided with broken lines road marking),Escarpments,Y Shape,Asphalt roads,Dry,Daylight,Normal,Vehicle with vehicle collision,3,3,Going straight,Pedestrian,Male,Over 51,3,Driver,Normal,Crossing from nearside - masked by parked or statioNot a Pedestrianry vehicle,Changing lane to the left,Slight Injury
11:48:00,Sunday,Over 51,Male,Junior high school,Employee,Above 10yr,Automobile,Owner,Unknown,0,Other,Double carriageway (median),Tangent road with flat terrain,Y Shape,Asphalt roads,Dry,Daylight,Normal,Vehicle with vehicle collision,2,1,Going straight,Passenger,Female,31-50,3,Driver,Normal,Not a Pedestrian,Driving to the left,Slight Injury
04:10:00,Sunday,18-30,Male,Junior high school,Employee,5-10yr,Automobile,Owner,Unknown,0,Office areas,Two-way (divided with broken lines road marking),Tangent road with flat terrain,Y Shape,Asphalt roads,Dry,Daylight,Normal,Vehicle with vehicle collision,1,4,Going straight,Driver or rider,Male,18-30,3,Driver,Normal,Not a Pedestrian,No distancing,Slight Injury
14:59:00,Wednesday,Over 51,Male,Above high school,Employee,2-5yr,Stationwagen,Owner,Unknown,0,Residential areas,Two-way (divided with broken lines road marking),Tangent road with flat terrain,Other,Asphalt roads,Dry,Daylight,Normal,Vehicle with vehicle collision,2,2,Going straight,Driver or rider,Male,18-30,3,Self-employed,Normal,Not a Pedestrian,Overtaking,Slight Injury
16:40:00,Tuesday,18-30,Male,Junior high school,Employee,2-5yr,Long lorry,Owner,5-10yrs,0,Other,One way,Tangent road with flat terrain,Crossing,Asphalt roads,Dry,Daylight,Normal,Vehicle with vehicle collision,2,3,Going straight,Driver or rider,Male,Under 18,2,Employee,Normal,Not a Pedestrian,No priority to pedestrian,Slight Injury
04:45:00,Saturday,18-30,Male,Junior high school,Employee,Below 1yr,Lorry (41?100Q),Owner,Unknown,0,Rural village areasOffice areas,other,Tangent road with flat terrain,No junction,Other,Dry,Darkness - lights lit,Normal,Vehicle with vehicle collision,2,1,Going straight,Pedestrian,Female,18-30,3,Driver,Normal,Not a Pedestrian,Changing lane to the left,Slight Injury
09:35:00,Monday,31-50,Male,Junior high school,Employee,Below 1yr,Other,Owner,1-2yr,0,Other,other,Tangent road with flat terrain,Y Shape,Asphalt roads,Dry,Daylight,Normal,Vehicle with vehicle collision,2,1,Going straight,Pedestrian,Female,Over 51,3,Other,Normal,Not a Pedestrian,Driving carelessly,Slight Injury
13:00:00,Tuesday,Unknown,Male,Junior high school,Employee,1-2yr,Pick up upto 10Q,Owner,Above 10yr,0, Outside rural areas,Two-way (divided with broken lines road marking),Tangent road with flat terrain,Y Shape,Asphalt roads,Dry,Daylight,Other,Vehicle with vehicle collision,1,1,Going straight,Driver or rider,Male,Over 51,3,Unknown,Other,Not a Pedestrian,No priority to vehicle,Slight Injury
19:30:00,Sunday,18-30,Male,Junior high school,Employee,Above 10yr,Lorry (11?40Q),Owner,2-5yrs,0,Other,Undivided Two way,Tangent road with mountainous terrain and,Crossing,Asphalt roads,Dry,Daylight,Normal,Vehicle with vehicle collision,2,2,Going straight,Unknown,Unknown,Unknown,0,Employee,Normal,Not a Pedestrian,Overtaking,Slight Injury
14:47:00,Tuesday,18-30,Male,Junior high school,Employee,5-10yr,Public (12 seats),Owner,5-10yrs,0,Office areas,Two-way (divided with broken lines road marking),Tangent road with mild grade and flat terrain,Y Shape,Asphalt roads,Dry,Daylight,Normal,Vehicle with vehicle collision,2,1,Reversing,Driver or rider,Male,31-50,3,Unknown,Normal,Not a Pedestrian,No distancing,Slight Injury
18:19:00,Monday,18-30,Male,Junior high school,Employee,Below 1yr,Stationwagen,Owner,Unknown,0,Other,Two-way (divided with broken lines road marking),Tangent road with flat terrain,Crossing,Asphalt roads,Dry,Daylight,Normal,Rollover,2,1,Going straight,Unknown,Unknown,Unknown,0,Unknown,Other,Not a Pedestrian,Changing lane to the right,Slight Injury
08:14:00,Wednesday,31-50,Male,Junior high school,Employee,Above 10yr,Stationwagen,Owner,Unknown,0,Residential areas,One way,Tangent road with flat terrain,Y Shape,Gravel roads,Dry,Daylight,Normal,Rollover,2,1,Other,Unknown,Unknown,Unknown,0,Unknown,Other,Not a Pedestrian,Changing lane to the right,Slight Injury
17:55:00,Sunday,Unknown,Male,Junior high school,Employee,1-2yr,Automobile,Owner,Unknown,0,Office areas,other,Tangent road with flat terrain,No junction,Asphalt roads,Dry,Daylight,Other,Collision with roadside objects,1,1,Reversing,Unknown,Unknown,Unknown,0,Driver,Normal,Not a Pedestrian,Changing lane to the right,Slight Injury
17:25:00,Friday,31-50,Male,Above high school,Owner,1-2yr,Automobile,Owner,Unknown,0,Other,other,Tangent road with flat terrain,No junction,Asphalt roads,Dry,Daylight,Normal,Vehicle with vehicle collision,3,4,U-Turn,Driver or rider,Male,18-30,3,Unknown,Other,Not a Pedestrian,Driving carelessly,Slight Injury
23:45:00,Monday,Unknown,Female,Elementary school,Employee,2-5yr,Lorry (41?100Q),Owner,Unknown,0, Church areas,Undivided Two way,Tangent road with flat terrain,Y Shape,Asphalt roads,Wet or damp,Darkness - lights lit,Raining,Vehicle with vehicle collision,1,1,Going straight,Driver or rider,Male,31-50,3,Driver,Normal,Not a Pedestrian,Moving Backward,Slight Injury
08:45:00,Thursday,Unknown,Female,Junior high school,Employee,2-5yr,Lorry (11?40Q),Owner,Unknown,0, Church areas,Undivided Two way,Tangent road with flat terrain,No junction,Asphalt roads,Wet or damp,Daylight,Raining,Vehicle with vehicle collision,2,1,Turnover,Driver or rider,Female,Over 51,3,Unknown,Other,Not a Pedestrian,Other,Slight Injury
17:10:00,Tuesday,31-50,Male,Junior high school,Employee,5-10yr,Stationwagen,Owner,Unknown,0,Office areas,other,Tangent road with flat terrain,Y Shape,Asphalt roads,Wet or damp,Darkness - lights lit,Normal,Vehicle with vehicle collision,2,2,Moving Backward,Unknown,Unknown,Unknown,0,Driver,Normal,Not a Pedestrian,Driving to the left,Slight Injury
01:30:00,Wednesday,18-30,Male,Junior high school,Employee,2-5yr,Taxi,Owner,Unknown,0,Other,Two-way (divided with broken lines road marking),Tangent road with flat terrain,Crossing,Asphalt roads,Wet or damp,Darkness - lights lit,Other,Vehicle with vehicle collision,2,1,Going straight,Unknown,Unknown,Unknown,0,Unknown,Other,Not a Pedestrian,Driving carelessly,Slight Injury
07:46:00,Thursday,31-50,Male,Unknown,Employee,Below 1yr,Other,Owner,Unknown,0,Office areas,other,Tangent road with flat terrain,Unknown,Asphalt roads,Dry,Daylight,Normal,Collision with pedestrians,2,1,Going straight,Unknown,Unknown,Unknown,0,Self-employed,Normal,Not a Pedestrian,No distancing,Slight Injury
08:59:00,Thursday,18-30,Male,Junior high school,Employee,5-10yr,Automobile,Owner,Unknown,0,Office areas,Undivided Two way,Tangent road with flat terrain,Y Shape,Asphalt roads,Wet or damp,Daylight,Raining,Vehicle with vehicle collision,2,1,Going straight,Pedestrian,Male,31-50,3,Driver,Normal,Not a Pedestrian,Moving Backward,Slight Injury
15:15:00,Sunday,31-50,Male,Writing & reading,Employee,5-10yr,Automobile,Owner,2-5yrs,0,Other,other,Tangent road with flat terrain,Y Shape,Asphalt roads,Dry,Daylight,Normal,Vehicle with vehicle collision,4,5,Going straight,Pedestrian,Female,31-50,3,Self-employed,Normal,Not a Pedestrian,Driving at high speed,Slight Injury
17:43:00,Wednesday,18-30,Male,Junior high school,Employee,Above 10yr,Lorry (41?100Q),Owner,2-5yrs,0,Office areas,Double carriageway (median),Tangent road with flat terrain,Y Shape,Asphalt roads,Dry,Darkness - lights lit,Normal,Vehicle with vehicle collision,2,2,Going straight,Pedestrian,Male,31-50,3,Self-employed,Normal,Crossing from driver's nearside,No distancing,Slight Injury
07:10:00,Wednesday,Over 51,Male,Above high school,Employee,1-2yr,Turbo,Owner,Unknown,0, Industrial areas,other,Tangent road with flat terrain,No junction,Asphalt roads,Wet or damp,Daylight,Raining and Windy,Vehicle with vehicle collision,2,2,Moving Backward,Driver or rider,Female,18-30,3,Driver,Normal,Not a Pedestrian,Changing lane to the left,Slight Injury
16:59:00,Thursday,Over 51,Male,Elementary school,Employee,5-10yr,Long lorry,Owner,Unknown,0,Other,Two-way (divided with broken lines road marking),Tangent road with flat terrain,Crossing,Asphalt roads,Dry,Daylight,Normal,Vehicle with vehicle collision,2,4,Going straight,Driver or rider,Female,31-50,3,Driver,Normal,Not a Pedestrian,Driving to the left,Slight Injury
23:35:00,Saturday,Under 18,Male,Junior high school,Employee,2-5yr,Automobile,Owner,2-5yrs,0,Residential areas,Undivided Two way,Tangent road with flat terrain,Y Shape,Earth roads,Dry,Daylight,Normal,Vehicle with vehicle collision,2,1,Going straight,Unknown,Unknown,Unknown,0,Unknown,Other,Not a Pedestrian,No priority to vehicle,Slight Injury
17:34:00,Monday,31-50,Male,Writing & reading,Owner,5-10yr,Pick up upto 10Q,Owner,Unknown,0,Office areas,Undivided Two way,Tangent road with flat terrain,No junction,Asphalt roads,Dry,Daylight,Normal,Vehicle with vehicle collision,2,2,Going straight,Driver or rider,Male,Over 51,3,Driver,Normal,Not a Pedestrian,No priority to vehicle,Slight Injury
22:10:00,Monday,Over 51,Male,Junior high school,Employee,Below 1yr,Bicycle,Owner,Unknown,0,Other,One way,Tangent road with flat terrain,Y Shape,Asphalt roads,Dry,Darkness - lights lit,Normal,Vehicle with vehicle collision,2,1,Other,Unknown,Unknown,Unknown,0,Self-employed,Normal,Not a Pedestrian,Driving carelessly,Slight Injury
15:30:00,Friday,31-50,Female,Elementary school,Employee,5-10yr,Other,Owner,Above 10yr,0,Other,Undivided Two way,Tangent road with flat terrain,Y Shape,Asphalt roads,Dry,Daylight,Normal,Collision with roadside objects,1,4,Going straight,Pedestrian,Female,18-30,3,Self-employed,Normal,Not a Pedestrian,Changing lane to the right,Slight Injury
04:35:00,Wednesday,18-30,Male,Junior high school,Employee,2-5yr,Other,Owner,2-5yrs,0,Office areas,Double carriageway (median),Tangent road with flat terrain,Y Shape,Asphalt roads,Wet or damp,Darkness - lights lit,Raining,Vehicle with vehicle collision,2,1,Reversing,Unknown,Unknown,Unknown,0,Driver,Normal,Not a Pedestrian,Driving at high speed,Slight Injury
21:00:00,Saturday,18-30,Male,Junior high school,Employee,5-10yr,Automobile,Owner,Unknown,0,Other,Two-way (divided with broken lines road marking),Tangent road with flat terrain,Y Shape,Asphalt roads,Wet or damp,Darkness - lights lit,Raining,Collision with pedestrians,1,1,Going straight,Unknown,Unknown,Unknown,0,Driver,Normal,Not a Pedestrian,Driving under the influence of drugs,Fatal injury