time,day_of_week,age_band_of_driver,sex_of_driver,educational_level,vehicle_driver_relation,driving_experience,type_of_vehicle,owner_of_vehicle,service_year_of_vehicle,defect_of_vehicle,area_accident_occured,lanes_or_medians,road_allignment,types_of_junction,road_surface_type,road_surface_conditions,light_conditions,weather_conditions,type_of_collision,number_of_vehicles_involved,number_of_casualties,vehicle_movement,casualty_class,sex_of_casualty,age_band_of_casualty,casualty_severity,work_of_casualty,fitness_of_casualty,pedestrian_movement,cause_of_accident,accident_severity
15:10:00,Friday,18-30,Male,Junior high school,Employee,5-10yr,Automobile,Owner,2-5yrs,0,Office areas,Two-way (divided with broken lines road marking),Tangent road with mountainous terrain and,O Shape,Asphalt roads,Dry,Daylight,Normal,Collision with roadside objects,2,1,Going straight,Driver or rider,Male,18-30,3,Driver,Normal,Not a Pedestrian,Driving to the left,Slight Injury
05:30:00,Thursday,31-50,Male,Junior high school,Employee,2-5yr,Automobile,Owner,2-5yrs,0,Office areas,Double carriageway (median),Escarpments,Other,Asphalt roads,Dry,Darkness - lights lit,Normal,Vehicle with vehicle collision,2,2,Going straight,Pedestrian,Female,Under 18,2,Driver,Normal,Not a Pedestrian,Changing lane to the right,Slight Injury
13:32:00,Thursday,Unknown,Male,Junior high school,Employee,5-10yr,Automobile,Owner,Unknown,0,Residential areas,One way,Tangent road with flat terrain,No junction,Asphalt roads,Dry,Daylight,Unknown,Rollover,2,2,Going straight,Driver or rider,Male,18-30,3,Driver,Normal,Not a Pedestrian,Other,Slight Injury
00:26:00,Thursday,Unknown,Female,Illiterate,Employee,unknown,Automobile,Owner,Unknown,0, Church areas,Two-way (divided with broken lines road marking),Tangent road with flat terrain,No junction,Asphalt roads,Dry,Darkness - lights lit,Normal,Vehicle with vehicle collision,3,1,Going straight,Unknown,Unknown,Unknown,0,Employee,Normal,Not a Pedestrian,Overtaking,Slight Injury
17:07:00,Saturday,31-50,Male,Junior high school,Employee,Below 1yr,Automobile,Owner,Unknown,0,  Recreational areas,One way,Tangent road with flat terrain,Y Shape,Asphalt roads,Dry,Daylight,Normal,Vehicle with vehicle collision,3,1,Going straight,Passenger,Female,18-30,3,Driver,Normal,Not a Pedestrian,Changing lane to the left,Slight Injury
15:00:00,Wednesday,31-50,Male,Junior high school,Employee,Below 1yr,Stationwagen,Owner,Unknown,0,Other,Two-way (divided with broken lines road marking),Tangent road with flat terrain,No junction,Asphalt roads,Dry,Daylight,Normal,Rollover,2,1,Turnover,Unknown,Unknown,Unknown,0,Unknown,Other,Not a Pedestrian,Changing lane to the right,Serious Injury
13:45:00,Wednesday,18-30,Male,Junior high school,Employee,5-10yr,Public (12 seats),Owner,2-5yrs,0,Other,Undivided Two way,Tangent road with flat terrain,No junction,Asphalt roads,Dry,Daylight,Normal,Collision with animals,2,1,Going straight,Unknown,Unknown,Unknown,0,Driver,Normal,Not a Pedestrian,Changing lane to the right,Slight Injury
22:40:00,Sunday,18-30,Male,Unknown,Owner,5-10yr,Automobile,Owner,2-5yrs,0,Residential areas,Two-way (divided with broken lines road marking),Tangent road with flat terrain,No junction,Asphalt roads,Dry,Darkness - lights lit,Normal,Vehicle with vehicle collision,3,2,Unknown,Driver or rider,Male,18-30,3,Self-employed,Normal,Not a Pedestrian,No distancing,Slight Injury
16:10:00,Sunday,Unknown,Male,High school,Employee,2-5yr,Automobile,Owner,5-10yrs,0,Other,Undivided Two way,Tangent road with flat terrain,No junction,Asphalt roads,Dry,Daylight,Normal,Collision with roadside-parked vehicles,4,1,Going straight,Driver or rider,Male,18-30,3,Unknown,Normal,Not a Pedestrian,Driving carelessly,Slight Injury
11:30:00,Wednesday,31-50,Male,Junior high school,Employee,1-2yr,Automobile,Owner,Unknown,0,Other,One way,Tangent road with flat terrain,Y Shape,Asphalt roads,Dry,Daylight,Normal,Vehicle with vehicle collision,4,2,Going straight,Unknown,Unknown,Unknown,0,Employee,Normal,Not a Pedestrian,Changing lane to the left,Slight Injury
22:34:00,Wednesday,18-30,Male,Junior high school,Employee,5-10yr,Public (> 45 seats),Governmental,Above 10yr,0,School areas,Two-way (divided with broken lines road marking),Tangent road with flat terrain,T Shape,Asphalt roads,Wet or damp,Darkness - lights lit,Raining,Collision with roadside objects,1,1,Going straight,Unknown,Unknown,Unknown,0,Other,Normal,Not a Pedestrian,Changing lane to the right,Slight Injury
00:26:00,Thursday,Unknown,Female,Junior high school,Employee,5-10yr,Automobile,Owner,Unknown,0,Office areas,Two-way (divided with broken lines road marking),Tangent road with flat terrain,No junction,Asphalt roads,Dry,Darkness - lights lit,Normal,Collision with pedestrians,3,1,U-Turn,Pedestrian,Male,18-30,3,Driver,Normal,Not a Pedestrian,Changing lane to the right,Slight Injury
14:49:00,Monday,Over 51,Male,Elementary school,Owner,1-2yr,Automobile,Owner,Unknown,0,Office areas,Two-way (divided with broken lines road marking),Tangent road with flat terrain,Y Shape,Asphalt roads,Dry,Daylight,Normal,Vehicle with vehicle collision,2,1,Going straight,Passenger,Female,31-50,3,Unknown,Normal,Not a Pedestrian,Overtaking,Slight Injury
21:40:00,Wednesday,31-50,Male,Junior high school,Employee,Above 10yr,Pick up upto 10Q,Owner,Above 10yr,0,Other,Undivided Two way,Tangent road with flat terrain,Y Shape,Asphalt roads,Wet or damp,Darkness - lights lit,Normal,Vehicle with vehicle collision,2,3,Going straight,Unknown,Unknown,Unknown,0,Self-employed,Normal,Not a Pedestrian,Changing lane to the left,Slight Injury
16:35:00,Friday,18-30,Male,Junior high school,Employee,Below 1yr,Public (> 45 seats),Owner,1-2yr,0,Other,other,Steep grade downward with mountainous terrain,Y Shape,Asphalt roads,Wet or damp,Daylight,Other,Vehicle with vehicle collision,2,3,Going straight,Driver or rider,Male,5,3,Unknown,Other,Not a Pedestrian,Changing lane to the left,Slight Injury
19:45:00,Friday,31-50,Male,High school,Employee,5-10yr,Automobile,Owner,Above 10yr,0,School areas,other,Tangent road with flat terrain,Y Shape,Asphalt roads,Dry,Daylight,Normal,Vehicle with vehicle collision,2,1,Going straight,Pedestrian,Female,Over 51,2,Unknown,Other,Crossing from nearside - masked by parked or statioNot a Pedestrianry vehicle,Driving carelessly,Slight Injury
15:50:00,Thursday,31-50,Male,Elementary school,Employee,Below 1yr,Other,Owner,Unknown,0,Other,Double carriageway (median),Tangent road with flat terrain,Y Shape,Asphalt roads,Dry,Daylight,Normal,Collision with roadside objects,1,2,Going straight,Passenger,Female,Over 51,3,Driver,Normal,Not a Pedestrian,No distancing,Slight Injury
10:40:00,Monday,31-50,Female,Junior high school,Employee,Below 1yr,Other,Owner,1-2yr,0,School areas,Two-way (divided with broken lines road marking),Tangent road with flat terrain,Y Shape,Asphalt roads,Wet or damp,Darkness - lights lit,Normal,Vehicle with vehicle collision,2,2,Other,Unknown,Unknown,Unknown,0,Self-employed,Normal,Not a Pedestrian,Driving carelessly,Slight Injury
17:10:00,Thursday,Over 51,Male,Writing & reading,Employee,Below 1yr,Pick up upto 10Q,Owner,5-10yrs,0,Office areas,Two-way (divided with broken lines road marking),Tangent road with flat terrain,Crossing,Asphalt roads,Dry,Daylight,Normal,Collision with pedestrians,2,1,Going straight,Unknown,Unknown,Unknown,0,Driver,Normal,Not a Pedestrian,Driving at high speed,Slight Injury
22:10:00,Thursday,18-30,Male,Junior high school,Employee,5-10yr,Automobile,Owner,Unknown,0,Other,other,Tangent road with flat terrain,Crossing,Asphalt roads,Wet or damp,Darkness - lights lit,Raining,Vehicle with vehicle collision,3,2,Going straight,Driver or rider,Female,Over 51,3,Other,Normal,Not a Pedestrian,No priority to pedestrian,Slight Injury
13:00:00,Wednesday,18-30,Male,Junior high school,Owner,5-10yr,Long lorry,Owner,Unknown,0,Other,Undivided Two way,Tangent road with flat terrain,Y Shape,Asphalt roads,Dry,Daylight,Normal,Rollover,2,1,Going straight,Driver or rider,Female,18-30,3,Other,Normal,Not a Pedestrian,Changing lane to the right,Serious Injury
14:35:00,Saturday,31-50,Male,Elementary school,Employee,5-10yr,Pick up upto 10Q,Owner,Unknown,0,Residential areas,Two-way (divided with solid lines road marking),Tangent road with flat terrain,No junction,Asphalt roads,Dry,Daylight,Normal,Vehicle with vehicle collision,2,3,Going straight,Driver or rider,Male,18-30,3,Driver,Normal,Not a Pedestrian,Driving under the influence of drugs,Slight Injury
16:00:00,Wednesday,18-30,Male,Junior high school,Employee,Above 10yr,Other,Owner,2-5yrs,0,School areas,Undivided Two way,Tangent road with mild grade and flat terrain,Y Shape,Asphalt roads,Dry,Daylight,Normal,Collision with pedestrians,2,2,Going straight,Driver or rider,Male,31-50,3,Unknown,Other,Not a Pedestrian,No distancing,Slight Injury
19:02:00,Saturday,18-30,Male,High school,Owner,1-2yr,Automobile,Owner,Above 10yr,0,Other,other,Tangent road with flat terrain,Crossing,Asphalt roads,Wet or damp,Darkness - lights lit,Normal,Collision with pedestrians,2,1,Waiting to go,Driver or rider,Female,31-50,3,Driver,Normal,Not a Pedestrian,No priority to vehicle,Slight Injury
17:30:00,Sunday,Unknown,Male,Junior high school,Employee,5-10yr,Lorry (11?40Q),Owner,Unknown,0, Church areas,Two-way (divided with broken lines road marking),Tangent road with flat terrain,Y Shape,Asphalt roads,Dry,Darkness - lights lit,Normal,Vehicle with vehicle collision,2,1,Moving Backward,Driver or rider,Male,31-50,3,Driver,Normal,Not a Pedestrian,Changing lane to the right,Slight Injury
12:08:00,Friday,Over 51,Male,High school,Employee,2-5yr,Other,Owner,Unknown,0,Other,Two-way (divided with broken lines road marking),Tangent road with flat terrain,Y Shape,Asphalt roads,Dry,Daylight,Normal,Collision with roadside objects,1,1,Reversing,Driver or rider,Male,31-50,3,Self-employed,Normal,Not a Pedestrian,No distancing,Slight Injury
08:43:00,Wednesday,31-50,Male,Junior high school,Employee,2-5yr,Automobile,Owner,2-5yrs,0, Industrial areas,Two-way (divided with broken lines road marking),Tangent road with flat terrain,Y Shape,Asphalt roads,Wet or damp,Daylight,Raining,Collision with pedestrians,2,2,Going straight,Unknown,Unknown,Unknown,0,Driver,Normal,Not a Pedestrian,No distancing,Slight Injury
14:20:00,Thursday,Under 18,Male,Junior high school,Employee,2-5yr,Other,Owner,Unknown,0,Office areas,Undivided Two way,Tangent road with flat terrain,Y Shape,Other,Dry,Daylight,Normal,Vehicle with vehicle collision,2,1,Going straight,Unknown,Unknown,Unknown,0,Driver,Normal,Not a Pedestrian,Changing lane to the left,Slight Injury
13:35:00,Monday,18-30,Male,Junior high school,Employee,2-5yr,Automobile,Owner,1-2yr,0,Residential areas,other,Steep grade downward with mountainous terrain,Y Shape,Asphalt roads,Dry,Daylight,Normal,Fall from vehicles,2,1,Going straight,Driver or rider,Male,18-30,3,Self-employed,Normal,Not a Pedestrian,Moving Backward,Serious Injury
13:16:00,Wednesday,31-50,Female,Junior high school,Employee,5-10yr,Automobile,Governmental,Unknown,0,Other,Double carriageway (median),Tangent road with flat terrain,Y Shape,Asphalt roads,Dry,Daylight,Normal,Vehicle with vehicle collision,2,2,Going straight,Driver or rider,Male,31-50,3,Driver,Normal,Not a Pedestrian,No distancing,Slight Injury
07:59:00,Thursday,31-50,Male,Junior high school,Employee,2-5yr,Automobile,Governmental,Unknown,0,Residential areas,Undivided Two way,Tangent road with flat terrain,No junction,Asphalt roads,Wet or damp,Daylight,Normal,Vehicle with vehicle collision,4,1,Going straight,Unknown,Unknown,Unknown,0,Driver,Normal,Not a Pedestrian,Moving Backward,Slight Injury
17:19:00,Thursday,18-30,Male,Junior high school,Employee,5-10yr,Pick up upto 10Q,Owner,5-10yrs,0,Office areas,Undivided Two way,Tangent road with flat terrain,No junction,Gravel roads,Dry,Daylight,Normal,Vehicle with vehicle collision,3,4,Going straight,Pedestrian,Male,Over 51,2,Driver,Normal,Crossing from nearside - masked by parked or statioNot a Pedestrianry vehicle,Driving carelessly,Slight Injury
14:10:00,Wednesday,18-30,Male,Junior high school,Employee,Below 1yr,Automobile,Owner,Unknown,0,Office areas,Two-way (divided with broken lines road marking),Tangent road with flat terrain,Y Shape,Asphalt roads,Dry,Daylight,Normal,Collision with roadside objects,2,1,Going straight,Driver or rider,Female,18-30,3,Other,Normal,Not a Pedestrian,Moving Backward,Slight Injury
12:51:00,Thursday,31-50,Male,Junior high school,Employee,5-10yr,Public (> 45 seats),Owner,Unknown,0,Other,Two-way (divided with broken lines road marking),Tangent road with flat terrain,Other,Asphalt roads,Dry,Darkness - lights lit,Normal,Collision with pedestrians,2,1,Going straight,Passenger,Female,18-30,3,Driver,Normal,Not a Pedestrian,Moving Backward,Slight Injury
20:25:00,Saturday,Under 18,Male,Elementary school,Employee,5-10yr,Pick up upto 10Q,Owner,Unknown,0,Residential areas,Undivided Two way,Tangent road with flat terrain,Crossing,Asphalt roads,Dry,Daylight,Normal,Vehicle with vehicle collision,2,1,Going straight,Unknown,Unknown,Unknown,0,Other,Normal,Not a Pedestrian,Driving to the left,Slight Injury
18:57:00,Wednesday,18-30,Male,Junior high school,Employee,Below 1yr,Lorry (41?100Q),Owner,5-10yrs,0,Other,Undivided Two way,Tangent road with flat terrain,Crossing,Asphalt roads,Dry,Daylight,Normal,Vehicle with vehicle collision,2,1,Going straight,Unknown,Unknown,Unknown,0,Driver,Normal,Not a Pedestrian,No distancing,Slight Injury
00:10:00,Saturday,Unknown,Male,Junior high school,Owner,2-5yr,Automobile,Owner,Unknown,0,  Recreational areas,Undivided Two way,Tangent road with flat terrain,No junction,Asphalt roads,Dry,Darkness - lights lit,Normal,Collision with roadside objects,3,3,Going straight,Driver or rider,Male,18-30,3,Driver,Normal,Not a Pedestrian,Changing lane to the left,Serious Injury
10:58:00,Tuesday,Over 51,Male,Above high school,Employee,No Licence,Other,Owner,2-5yrs,0,Residential areas,Two-way (divided with broken lines road marking),Tangent road with flat terrain,Crossing,Asphalt roads,Dry,Daylight,Normal,Vehicle with vehicle collision,2,1,Going straight,Unknown,Unknown,Unknown,0,Driver,Normal,Not a Pedestrian,Driving carelessly,Slight Injury
20:41:00,Sunday,18-30,Male,Junior high school,Owner,5-10yr,Public (13?45 seats),Organization,1-2yr,0, Church areas,Two-way (divided with broken lines road marking),Tangent road with flat terrain,No junction,Asphalt roads,Dry,Darkness - lights lit,Normal,Vehicle with vehicle collision,2,1,Going straight,Driver or rider,Male,18-30,2,Self-employed,Normal,Not a Pedestrian,Moving Backward,Serious Injury
11:05:00,Thursday,Over 51,Male,Above high school,Employee,Below 1yr,Automobile,Owner,Unknown,0,Other,Two-way (divided with broken lines road marking),Tangent road with flat terrain,Y Shape,Asphalt roads,Wet or damp,Daylight,Normal,Vehicle with vehicle collision,2,1,Going straight,Passenger,Female,18-30,3,Other,Normal,Not a Pedestrian,Overloading,Serious Injury
21:27:00,Monday,31-50,Male,Elementary school,Owner,2-5yr,Other,Owner,5-10yrs,0,Other,Undivided Two way,Tangent road with flat terrain,Y Shape,Asphalt roads,Dry,Darkness - lights lit,Normal,Collision with animals,1,1,Going straight,Unknown,Unknown,Unknown,0,Unknown,Other,Not a Pedestrian,Changing lane to the left,Slight Injury
14:20:00,Saturday,18-30,Male,Junior high school,Employee,Above 10yr,Automobile,Owner,Unknown,0, Church areas,Two-way (divided with broken lines road marking),Tangent road with flat terrain,Other,Asphalt roads,Wet or damp,Daylight,Other,Other,2,1,Going straight,Pedestrian,Female,31-50,3,Unknown,Other,Not a Pedestrian,No priority to vehicle,Slight Injury
11:30:00,Friday,Unknown,Male,Junior high school,Employee,5-10yr,Automobile,Owner,Unknown,0,School areas,Double carriageway (median),Tangent road with flat terrain,Other,Asphalt roads,Dry,Daylight,Normal,Vehicle with vehicle collision,2,2,Going straight,Pedestrian,Female,31-50,3,Unknown,Normal,Unknown or other,Driving to the left,Slight Injury
14:00:00,Wednesday,18-30,Male,Junior high school,Owner,2-5yr,Lorry (11?40Q),Owner,5-10yrs,0, Church areas,Undivided Two way,Tangent road with flat terrain,Crossing,Gravel roads,Dry,Daylight,Raining,Collision with pedestrians,3,2,Going straight,Unknown,Unknown,Unknown,0,Driver,Normal,Not a Pedestrian,Changing lane to the left,Serious Injury
10:47:00,Thursday,31-50,Male,Elementary school,Employee,Above 10yr,Automobile,Owner,Unknown,0,Office areas,Undivided Two way,Tangent road with flat terrain,Y Shape,Asphalt roads,Wet or damp,Daylight,Normal,Vehicle with vehicle collision,2,2,Going straight,Driver or rider,Male,31-50,3,Driver,Normal,Not a Pedestrian,Changing lane to the right,Slight Injury
17:10:00,Thursday,31-50,Male,Junior high school,Employee,5-10yr,Stationwagen,Owner,Unknown,0,Office areas,Undivided Two way,Tangent road with flat terrain,Y Shape,Asphalt roads,Wet or damp,Darkness - lights lit,Normal,Vehicle with vehicle collision,2,3,Other,Driver or rider,Female,18-30,3,Unknown,Other,Not a Pedestrian,Getting off the vehicle improperly,Slight Injury
14:30:00,Wednesday,Over 51,Male,Elementary school,Owner,Below 1yr,Bicycle,Owner,Unknown,0, Industrial areas,Undivided Two way,Tangent road with flat terrain,No junction,Asphalt roads,Dry,Daylight,Normal,Collision with pedestrians,2,2,Going straight,Driver or rider,Male,18-30,3,Other,Normal,Not a Pedestrian,Changing lane to the left,Slight Injury
08:58:00,Friday,31-50,Unknown,Elementary school,Employee,1-2yr,Automobile,Owner,2-5yrs,0,Other,Two-way (divided with broken lines road marking),Tangent road with flat terrain,No junction,Asphalt roads,Dry,Daylight,Normal,Collision with roadside objects,1,1,Going straight,Pedestrian,Female,18-30,3,Driver,Other,Not a Pedestrian,No distancing,Serious Injury
11:27:00,Thursday,Over 51,Male,Junior high school,Owner,1-2yr,Lorry (41?100Q),Owner,Below 1yr,0,Residential areas,Two-way (divided with broken lines road marking),Tangent road with flat terrain,Y Shape,Asphalt roads,Dry,Daylight,Normal,Vehicle with vehicle collision,2,1,Going straight,Unknown,Unknown,Unknown,0,Employee,Normal,Not a Pedestrian,Getting off the vehicle improperly,Slight Injury
17:45:00,Sunday,31-50,Male,Junior high school,Employee,5-10yr,Automobile,Owner,Unknown,0,Other,Undivided Two way,Tangent road with flat terrain,Y Shape,Asphalt roads,Dry,Daylight,Other,Vehicle with vehicle collision,2,1,U-Turn,Driver or rider,Male,18-30,3,Self-employed,Normal,Not a Pedestrian,No priority to vehicle,Slight Injury
17:30:00,Wednesday,Unknown,Male,High school,Employee,5-10yr,Public (13?45 seats),Owner,2-5yrs,0,Office areas,Double carriageway (median),Tangent road with flat terrain,T Shape,Asphalt roads,Dry,Darkness - lights lit,Normal,Vehicle with vehicle collision,2,1,Going straight,Driver or rider,Male,Under 18,3,Self-employed,Normal,Not a Pedestrian,Changing lane to the left,Slight Injury
16:20:00,Monday,18-30,Male,Junior high school,Employee,Below 1yr,Lorry (41?100Q),Owner,Unknown,0, Church areas,Two-way (divided with broken lines road marking),Tangent road with flat terrain,Y Shape,Asphalt roads,Wet or damp,Darkness - lights lit,Normal,Vehicle with vehicle collision,2,1,Going straight,Driver or rider,Male,31-50,3,Driver,Normal,Not a Pedestrian,No distancing,Slight Injury
17:22:00,Sunday,Under 18,Male,Junior high school,Employee,5-10yr,Public (> 45 seats),Owner,2-5yrs,0,Residential areas,One way,Steep grade downward with mountainous terrain,Y Shape,Asphalt roads,Wet or damp,Darkness - lights lit,Raining,Collision with roadside objects,2,3,Going straight,Driver or rider,Male,31-50,3,Driver,Normal,Not a Pedestrian,No priority to vehicle,Serious Injury
17:53:00,Sunday,31-50,Male,Junior high school,Employee,5-10yr,Automobile,Governmental,5-10yrs,0,Other,Undivided Two way,Tangent road with flat terrain,No junction,Asphalt roads,Dry,Daylight,Normal,Rollover,2,1,Going straight,Passenger,Male,Under 18,3,Driver,Normal,Not a Pedestrian,No priority to vehicle,Slight Injury
07:50:00,Thursday,31-50,Male,Junior high school,Employee,5-10yr,Lorry (41?100Q),Owner,Unknown,0,Residential areas,Undivided Two way,Tangent road with flat terrain,Y Shape,Asphalt roads,Dry,Daylight,Normal,Vehicle with vehicle collision,2,1,Going straight,Unknown,Unknown,Unknown,0,Driver,Normal,Not a Pedestrian,No priority to vehicle,Slight Injury
18:50:00,Friday,Unknown,Female,Junior high school,Employee,2-5yr,Automobile,Owner,Unknown,0,Residential areas,Two-way (divided with broken lines road marking),Tangent road with flat terrain,Y Shape,Asphalt roads,Dry,Darkness - lights lit,Normal,Vehicle with vehicle collision,3,2,Going straight,Driver or rider,Male,31-50,3,Other,Normal,Not a Pedestrian,No priority to pedestrian,Slight Injury
08:20:00,Friday,18-30,Male,Elementary school,Employee,5-10yr,Pick up upto 10Q,Owner,2-5yrs,0,Other,Double carriageway (median),Tangent road with mild grade and flat terrain,Y Shape,Asphalt roads,Dry,Daylight,Normal,Collision with animals,2,1,Going straight,Unknown,Unknown,Unknown,0,Driver,Other,Not a Pedestrian,No priority to vehicle,Slight Injury
15:40:00,Friday,31-50,Male,Junior high school,Employee,5-10yr,Automobile,Owner,Above 10yr,0,Other,Undivided Two way,Tangent road with flat terrain,Other,Asphalt roads,Dry,Daylight,Normal,Vehicle with vehicle collision,2,2,Reversing,Unknown,Unknown,Unknown,0,Driver,Normal,Not a Pedestrian,Driving carelessly,Slight Injury
18:00:00,Sunday,Unknown,Female,Elementary school,Employee,2-5yr,Lorry (41?100Q),Owner,Unknown,0,School areas,Two-way (divided with broken lines road marking),Tangent road with flat terrain,Crossing,Asphalt roads,Dry,Darkness - lights lit,Normal,Vehicle with vehicle collision,1,1,Going straight,Unknown,Unknown,Unknown,0,Unknown,Other,Not a Pedestrian,Changing lane to the right,Slight Injury
16:55:00,Sunday,Under 18,Male,Junior high school,Employee,5-10yr,Other,Owner,2-5yrs,0,Residential areas,Double carriageway (median),Tangent road with flat terrain,No junction,Asphalt roads,Dry,Daylight,Normal,Collision with pedestrians,2,1,Going straight,Pedestrian,Male,18-30,3,Driver,Normal,Crossing from nearside - masked by parked or statioNot a Pedestrianry vehicle,Changing lane to the right,Slight Injury
08:53:00,Wednesday,31-50,Male,Junior high school,Employee,Above 10yr,Other,Owner,2-5yrs,0,Other,Two-way (divided with broken lines road marking),Tangent road with flat terrain,No junction,Asphalt roads,Dry,Daylight,Normal,Collision with pedestrians,1,1,Going straight,Passenger,Female,Under 18,3,Driver,Normal,Not a Pedestrian,Driving carelessly,Serious Injury
16:55:00,Friday,31-50,Male,Junior high school,Employee,Above 10yr,Other,Owner,Unknown,0, Industrial areas,Two-way (divided with broken lines road marking),Tangent road with flat terrain,No junction,Asphalt roads,Dry,Daylight,Normal,Vehicle with vehicle collision,2,3,Going straight,Unknown,Unknown,Unknown,0,Driver,Normal,Not a Pedestrian,No priority to vehicle,Slight Injury
19:33:00,Saturday,18-30,Male,Elementary school,Employee,2-5yr,Public (12 seats),Owner,Unknown,0, Outside rural areas,Undivided Two way,Tangent road with mountainous terrain and,Crossing,Asphalt roads,Dry,Daylight,Normal,Vehicle with vehicle collision,3,2,Going straight,Driver or rider,Female,31-50,3,Other,Normal,Not a Pedestrian,Other,Slight Injury
11:20:00,Thursday,18-30,Male,Junior high school,Employee,5-10yr,Automobile,Owner,Above 10yr,0,Residential areas,Two-way (divided with broken lines road marking),Tangent road with flat terrain,Y Shape,Asphalt roads,Dry,Daylight,Normal,Vehicle with vehicle collision,2,1,Other,Passenger,Male,5,3,Unknown,Other,Not a Pedestrian,Changing lane to the right,Slight Injury
09:16:00,Monday,31-50,Male,Elementary school,Owner,5-10yr,Stationwagen,Governmental,Unknown,0,School areas,Undivided Two way,Tangent road with flat terrain,No junction,Asphalt roads,Dry,Daylight,Normal,Vehicle with vehicle collision,1,1,Getting off,Unknown,Unknown,Unknown,0,Driver,Normal,Not a Pedestrian,No distancing,Slight Injury
21:51:00,Friday,18-30,Male,Junior high school,Employee,5-10yr,Lorry (11?40Q),Owner,Unknown,0,Other,Two-way (divided with broken lines road marking),Tangent road with mild grade and flat terrain,Y Shape,Earth roads,Dry,Darkness - lights lit,Normal,Vehicle with vehicle collision,4,1,Going straight,Driver or rider,Male,18-30,3,Self-employed,Normal,Not a Pedestrian,Moving Backward,Slight Injury
11:00:00,Tuesday,31-50,Male,Junior high school,Employee,Above 10yr,Lorry (11?40Q),Governmental,Unknown,0,Residential areas,Two-way (divided with broken lines road marking),Tangent road with flat terrain,Y Shape,Asphalt roads,Dry,Daylight,Normal,Rollover,1,1,Going straight,Passenger,Female,18-30,3,Driver,Normal,Not a Pedestrian,Driving to the left,Slight Injury
21:45:00,Monday,Unknown,Female,Junior high school,Employee,5-10yr,Other,Owner,Unknown,0,Residential areas,Two-way (divided with broken lines road marking),Tangent road with flat terrain,No junction,Asphalt roads,Wet or damp,Darkness - lights lit,Other,Collision with animals,4,1,Moving Backward,Driver or rider,Male,31-50,3,Driver,Normal,Not a Pedestrian,No priority to vehicle,Slight Injury
15:42:00,Friday,31-50,Male,Above high school,Owner,2-5yr,Other,Owner,Unknown,0,Office areas,Two-way (divided with broken lines road marking),Tangent road with flat terrain,No junction,Asphalt roads with some distress,Dry,Daylight,Normal,Vehicle with vehicle collision,2,1,Going straight,Unknown,Unknown,Unknown,0,Driver,Normal,Not a Pedestrian,Driving at high speed,Slight Injury
14:59:00,Wednesday,Over 51,Male,Junior high school,Owner,Above 10yr,Lorry (41?100Q),Owner,5-10yrs,0,Residential areas,One way,Tangent road with flat terrain,Other,Asphalt roads,Dry,Daylight,Normal,Unknown,2,2,Going straight,Driver or rider,Male,Under 18,3,Unknown,Other,Not a Pedestrian,Moving Backward,Slight Injury
17:11:00,Sunday,31-50,Male,Junior high school,Employee,5-10yr,Stationwagen,Owner,Unknown,0,Office areas,other,Tangent road with mountainous terrain and,Crossing,Asphalt roads,Dry,Daylight,Normal,Vehicle with vehicle collision,2,1,Reversing,Unknown,Unknown,Unknown,0,Unknown,Other,Not a Pedestrian,Changing lane to the left,Slight Injury
07:10:00,Wednesday,Under 18,Male,Junior high school,Employee,2-5yr,Automobile,Owner,2-5yrs,0,  Market areas,Undivided Two way,Tangent road with flat terrain,No junction,Asphalt roads,Wet or damp,Daylight,Raining and Windy,Vehicle with vehicle collision,2,2,Going straight,Pedestrian,Male,18-30,3,Unknown,Other,Unknown or other,Getting off the vehicle improperly,Slight Injury
08:00:00,Tuesday,Over 51,Male,Junior high school,Employee,5-10yr,Automobile,Organization,Unknown,0,  Recreational areas,Two-way (divided with broken lines road marking),Tangent road with flat terrain,Y Shape,Asphalt roads,Dry,Darkness - lights lit,Normal,Vehicle with vehicle collision,2,1,Going straight,Unknown,Unknown,Unknown,0,Self-employed,Normal,Not a Pedestrian,No priority to vehicle,Slight Injury
10:48:00,Wednesday,31-50,Male,Writing & reading,Employee,2-5yr,Lorry (41?100Q),Owner,1-2yr,0,Other,other,Steep grade downward with mountainous terrain,No junction,Asphalt roads,Dry,Daylight,Normal,Rollover,2,1,Going straight,Unknown,Unknown,Unknown,0,Unknown,Normal,Not a Pedestrian,Changing lane to the right,Slight Injury
15:40:00,Monday,18-30,Male,Junior high school,Employee,2-5yr,Other,Organization,5-10yrs,0,Residential areas,Two-way (divided with broken lines road marking),Tangent road with flat terrain,Y Shape,Asphalt roads,Dry,Daylight,Normal,Collision with roadside objects,4,1,Going straight,Driver or rider,Female,18-30,3,Unknown,Other,Not a Pedestrian,No distancing,Slight Injury
19:45:00,Saturday,18-30,Male,Elementary school,Employee,5-10yr,Automobile,Owner,Unknown,0, Church areas,Two-way (divided with solid lines road marking),Tangent road with flat terrain,No junction,Earth roads,Dry,Daylight,Normal,Collision with pedestrians,2,1,Other,Passenger,Female,18-30,2,Driver,Normal,Not a Pedestrian,Changing lane to the right,Slight Injury