time,day_of_week,age_band_of_driver,sex_of_driver,educational_level,vehicle_driver_relation,driving_experience,type_of_vehicle,owner_of_vehicle,service_year_of_vehicle,defect_of_vehicle,area_accident_occured,lanes_or_medians,road_allignment,types_of_junction,road_surface_type,road_surface_conditions,light_conditions,weather_conditions,type_of_collision,number_of_vehicles_involved,number_of_casualties,vehicle_movement,casualty_class,sex_of_casualty,age_band_of_casualty,casualty_severity,work_of_casualty,fitness_of_casualty,pedestrian_movement,cause_of_accident,accident_severity
15:15:00,Thursday,Over 51,Male,Junior high school,Employee,Below 1yr,Stationwagen,Governmental,5-10yrs,0,Other,other,Tangent road with flat terrain,Y Shape,Asphalt roads,Dry,Daylight,Normal,Vehicle with vehicle collision,2,1,Going straight,Driver or rider,Female,31-50,3,Driver,Normal,Not a Pedestrian,Moving Backward,Serious Injury
22:00:00,Saturday,31-50,Male,Junior high school,Employee,Below 1yr,Lorry (41?100Q),Owner,Unknown,0,Office areas,other,Tangent road with mountainous terrain and,Y Shape,Asphalt roads,Dry,Darkness - lights lit,Normal,Collision with roadside objects,2,1,Moving Backward,Driver or rider,Female,18-30,3,Self-employed,Normal,Not a Pedestrian,Driving carelessly,Slight Injury
18:15:00,Wednesday,Unknown,Female,Junior high school,Employee,5-10yr,Automobile,Owner,1-2yr,0,Office areas,Undivided Two way,Tangent road with flat terrain,No junction,Asphalt roads,Dry,Daylight,Normal,Vehicle with vehicle collision,1,1,Going straight,Unknown,Unknown,Unknown,0,Driver,Normal,Not a Pedestrian,No priority to pedestrian,Slight Injury
05:50:00,Tuesday,31-50,Male,Junior high school,Owner,Above 10yr,Lorry (41?100Q),Owner,5-10yrs,0,School areas,other,Tangent road with flat terrain,No junction,Asphalt roads,Wet or damp,Darkness - lights lit,Other,Vehicle with vehicle collision,2,1,Going straight,Unknown,Unknown,Unknown,0,Unknown,Other,Not a Pedestrian,Changing lane to the left,Serious Injury
23:35:00,Wednesday,31-50,Male,Above high school,Employee,Above 10yr,Automobile,Owner,5-10yrs,0,Other,Undivided Two way,Tangent road with flat terrain,Crossing,Asphalt roads,Dry,Darkness - lights lit,Normal,Vehicle with vehicle collision,2,1,Going straight,Driver or rider,Male,31-50,3,Driver,Normal,Not a Pedestrian,Driving at high speed,Serious Injury
18:40:00,Friday,18-30,Male,Junior high school,Owner,2-5yr,Automobile,Owner,Unknown,0,Office areas,Two-way (divided with broken lines road marking),Tangent road with flat terrain,No junction,Asphalt roads,Dry,Daylight,Normal,Vehicle with vehicle collision,2,1,Going straight,Unknown,Unknown,Unknown,0,Self-employed,NormalNormal,Not a Pedestrian,Changing lane to the right,Slight Injury
16:05:00,Tuesday,Over 51,Male,Elementary school,Employee,5-10yr,Lorry (11?40Q),Owner,1-2yr,0, Outside rural areas,Undivided Two way,Tangent road with flat terrain,Y Shape,Asphalt roads,Wet or damp,Daylight,Normal,Vehicle with vehicle collision,1,1,Reversing,Driver or rider,Female,18-30,3,Self-employed,Normal,Not a Pedestrian,Changing lane to the left,Serious Injury
22:10:00,Friday,Unknown,Male,Junior high school,Employee,5-10yr,Other,Owner,Unknown,0,Other,Undivided Two way,Tangent road with flat terrain,Crossing,Earth roads,Dry,Darkness - lights lit,Normal,Collision with pedestrians,2,1,Going straight,Driver or rider,Female,31-50,3,Self-employed,Normal,Not a Pedestrian,No distancing,Slight Injury
17:05:00,Monday,31-50,Male,Junior high school,Employee,Above 10yr,Automobile,Owner,Unknown,0,Office areas,Two-way (divided with broken lines road marking),Tangent road with mountainous terrain and,Y Shape,Asphalt roads,Dry,Daylight,Normal,Vehicle with vehicle collision,1,1,Going straight,Pedestrian,Male,31-50,3,Driver,Normal,Not a Pedestrian,Driving carelessly,Serious Injury
15:50:00,Thursday,31-50,Male,Junior high school,Owner,1-2yr,Automobile,Owner,Above 10yr,0,Office areas,Two-way (divided with broken lines road marking),Tangent road with flat terrain,Y Shape,Gravel roads,Dry,Daylight,Normal,Vehicle with vehicle collision,2,1,Going straight,Driver or rider,Male,18-30,3,Self-employed,Normal,Not a Pedestrian,No distancing,Slight Injury
20:30:00,Sunday,Over 51,Male,Junior high school,Employee,5-10yr,Lorry (41?100Q),Owner,Unknown,0,  Recreational areas,One way,Tangent road with flat terrain,Y Shape,Asphalt roads,Wet or damp,Daylight,Raining,Collision with pedestrians,2,4,Getting off,Driver or rider,Male,Over 51,3,Driver,Normal,Not a Pedestrian,Moving Backward,Fatal injury
17:35:00,Saturday,Over 51,Male,High school,Employee,1-2yr,Lorry (41?100Q),Owner,Above 10yr,0,Residential areas,Two-way (divided with broken lines road marking),Tangent road with flat terrain,Crossing,Asphalt roads,Wet or damp,Darkness - lights lit,Raining,Collision with pedestrians,2,2,Going straight,Pedestrian,Male,18-30,3,Driver,Normal,Crossing from offside - masked by  parked or statioNot a Pedestrianry vehicle,Moving Backward,Slight Injury
18:30:00,Friday,Over 51,Male,Junior high school,Employee,Above 10yr,Lorry (41?100Q),Owner,Unknown,0,Office areas,Undivided Two way,Tangent road with flat terrain,X Shape,Asphalt roads,Dry,Daylight,Normal,Vehicle with vehicle collision,4,4,Going straight,Driver or rider,Male,31-50,3,Self-employed,Normal,Not a Pedestrian,Changing lane to the right,Slight Injury
12:05:00,Friday,31-50,Male,Junior high school,Owner,2-5yr,Automobile,Owner,Unknown,0,Other,other,Tangent road with flat terrain,Y Shape,Earth roads,Dry,Daylight,Normal,Collision with animals,3,2,U-Turn,Unknown,Unknown,Unknown,0,Self-employed,NormalNormal,Not a Pedestrian,No distancing,Slight Injury
09:15:00,Wednesday,Unknown,Female,Junior high school,Employee,Below 1yr,Lorry (41?100Q),Owner,Unknown,0,Other,One way,Tangent road with flat terrain,Crossing,Asphalt roads,Dry,Daylight,Normal,Vehicle with vehicle collision,2,1,Going straight,Driver or rider,Male,Over 51,3,Unknown,Other,Not a Pedestrian,No distancing,Slight Injury
00:25:00,Sunday,31-50,Male,Elementary school,Employee,5-10yr,Public (> 45 seats),Owner,2-5yrs,0,Other,Two-way (divided with broken lines road marking),Tangent road with mild grade and flat terrain,Y Shape,Asphalt roads,Dry,Daylight,Normal,Vehicle with vehicle collision,2,1,Getting off,Unknown,Unknown,Unknown,0,Unknown,Normal,Not a Pedestrian,No distancing,Slight Injury
18:41:00,Friday,Over 51,Male,Junior high school,Employee,2-5yr,Automobile,Governmental,Unknown,0,Other,Two-way (divided with broken lines road marking),Tangent road with flat terrain,No junction,Asphalt roads,Dry,Darkness - lights lit,Normal,Vehicle with vehicle collision,2,1,Moving Backward,Unknown,Unknown,Unknown,0,Self-employed,Normal,Not a Pedestrian,No distancing,Serious Injury
12:55:00,Monday,18-30,Male,Junior high school,Employee,2-5yr,Pick up upto 10Q,Owner,Unknown,0, Church areas,Two-way (divided with broken lines road marking),Tangent road with flat terrain,Y Shape,Asphalt roads,Dry,Daylight,Normal,Vehicle with vehicle collision,2,1,Going straight,Driver or rider,Female,18-30,3,Driver,Normal,Not a Pedestrian,Changing lane to the right,Slight Injury
11:10:00,Sunday,18-30,Male,Junior high school,Owner,Above 10yr,Automobile,Governmental,Unknown,0,School areas,Undivided Two way,Tangent road with flat terrain,Y Shape,Asphalt roads,Wet or damp,Darkness - lights lit,Raining,Collision with roadside objects,2,1,Going straight,Unknown,Unknown,Unknown,0,Driver,Normal,Not a Pedestrian,Improper parking,Slight Injury
16:16:00,Saturday,18-30,Male,High school,Employee,2-5yr,Stationwagen,Owner,Unknown,0,Office areas,Two-way (divided with broken lines road marking),Tangent road with flat terrain,No junction,Asphalt roads,Wet or damp,Daylight,Normal,Vehicle with vehicle collision,2,1,Going straight,Driver or rider,Male,Over 51,3,Driver,Normal,Not a Pedestrian,Changing lane to the right,Slight Injury
19:19:00,Friday,Over 51,Male,High school,Employee,1-2yr,Motorcycle,Organization,Unknown,0,  Recreational areas,Two-way (divided with broken lines road marking),Tangent road with flat terrain,Y Shape,Asphalt roads,Wet or damp,Darkness - lights lit,Raining,Vehicle with vehicle collision,2,1,Reversing,Driver or rider,Male,18-30,3,Driver,Normal,Not a Pedestrian,Other,Slight Injury
18:45:00,Tuesday,18-30,Male,Junior high school,Employee,Below 1yr,Automobile,Owner,Above 10yr,0,Office areas,other,Tangent road with flat terrain,O Shape,Asphalt roads,Wet or damp,Darkness - lights lit,Raining,Vehicle with vehicle collision,2,1,Going straight,Unknown,Unknown,Unknown,0,Unknown,Other,Not a Pedestrian,Other,Serious Injury
18:20:00,Sunday,31-50,Male,Elementary school,Employee,2-5yr,Automobile,Governmental,Unknown,0,Residential areas,Two-way (divided with broken lines road marking),Tangent road with flat terrain,No junction,Asphalt roads,Wet or damp,Daylight,Raining,Vehicle with vehicle collision,2,4,Other,Driver or rider,Male,31-50,3,Driver,Normal,Not a Pedestrian,Changing lane to the left,Slight Injury
17:09:00,Saturday,31-50,Male,Junior high school,Employee,No Licence,Public (13?45 seats),Owner,Above 10yr,0,Office areas,Two-way (divided with broken lines road marking),Tangent road with flat terrain,Y Shape,Asphalt roads,Wet or damp,Daylight,Raining,Collision with roadside objects,2,2,Reversing,Driver or rider,Male,31-50,3,Driver,Normal,Not a Pedestrian,Driving carelessly,Slight Injury
14:10:00,Wednesday,Over 51,Male,Junior high school,Employee,1-2yr,Long lorry,Owner,Unknown,0,Office areas,Two-way (divided with broken lines road marking),Tangent road with flat terrain,Y Shape,Asphalt roads,Dry,Daylight,Normal,Vehicle with vehicle collision,2,1,Going straight,Unknown,Unknown,Unknown,0,Driver,Normal,Not a Pedestrian,Driving carelessly,Slight Injury
22:43:00,Monday,Under 18,Male,High school,Employee,Below 1yr,Automobile,Owner,Above 10yr,0,Other,Two-way (divided with broken lines road marking),Tangent road with flat terrain,Y Shape,Asphalt roads,Wet or damp,Darkness - lights lit,Normal,Collision with roadside objects,2,5,Going straight,Pedestrian,Male,31-50,3,Driver,Normal,Not a Pedestrian,No distancing,Slight Injury
10:49:00,Monday,18-30,Male,Elementary school,Employee,2-5yr,Lorry (41?100Q),Owner,2-5yrs,0,Other,Two-way (divided with broken lines road marking),Tangent road with flat terrain,Y Shape,Asphalt roads,Dry,Daylight,Normal,Vehicle with vehicle collision,1,2,Other,Unknown,Unknown,Unknown,0,Driver,Normal,Not a Pedestrian,Driving to the left,Serious Injury
17:45:00,Wednesday,Unknown,Female,Elementary school,Employee,5-10yr,Automobile,Owner,1-2yr,0,Other,other,Tangent road with flat terrain,Y Shape,Asphalt roads,Dry,Daylight,Normal,Collision with animals,3,1,Going straight,Driver or rider,Male,18-30,3,Other,Normal,Not a Pedestrian,No priority to vehicle,Slight Injury
08:00:00,Tuesday,18-30,Male,Junior high school,Employee,2-5yr,Automobile,Owner,1-2yr,0,Residential areas,Two-way (divided with broken lines road marking),Tangent road with flat terrain,No junction,Asphalt roads,Dry,Darkness - lights lit,Normal,Vehicle with vehicle collision,2,1,Going straight,Driver or rider,Male,18-30,3,Driver,Normal,Not a Pedestrian,Changing lane to the left,Slight Injury
18:15:00,Thursday,18-30,Male,Above high school,Owner,1-2yr,Motorcycle,Owner,Unknown,0,Office areas,Undivided Two way,Tangent road with flat terrain,Y Shape,Asphalt roads,Dry,Daylight,Normal,Vehicle with vehicle collision,2,1,Other,Passenger,Male,Over 51,3,Driver,Normal,Not a Pedestrian,Getting off the vehicle improperly,Slight Injury
08:55:00,Thursday,Over 51,Male,Junior high school,Employee,Above 10yr,Public (12 seats),Owner,Unknown,0,Office areas,Two-way (divided with broken lines road marking),Tangent road with flat terrain,Y Shape,Asphalt roads,Dry,Daylight,Normal,Vehicle with vehicle collision,3,1,U-Turn,Unknown,Unknown,Unknown,0,Driver,Normal,Not a Pedestrian,Changing lane to the left,Slight Injury
20:08:00,Tuesday,Unknown,Male,Junior high school,Owner,Below 1yr,Automobile,Owner,Unknown,0,Office areas,Two-way (divided with broken lines road marking),Tangent road with flat terrain,Y Shape,Asphalt roads,Dry,Darkness - lights lit,Normal,Collision with roadside objects,2,1,Going straight,Unknown,Unknown,Unknown,0,Driver,Normal,Not a Pedestrian,No priority to vehicle,Slight Injury
21:15:00,Sunday,31-50,Male,Junior high school,Employee,5-10yr,Automobile,Owner,5-10yrs,0,Other,Double carriageway (median),Gentle horizontal curve,No junction,Asphalt roads,Wet or damp,Daylight,Raining,Vehicle with vehicle collision,2,3,Going straight,Driver or rider,Male,31-50,2,Driver,Normal,Not a Pedestrian,Changing lane to the left,Slight Injury
15:42:00,Sunday,18-30,Male,Junior high school,Employee,Below 1yr,Automobile,Owner,Unknown,0,Other,Double carriageway (median),Tangent road with flat terrain,Y Shape,Asphalt roads,Flood over 3cm. deep,Daylight,Raining,Vehicle with vehicle collision,2,1,Going straight,Pedestrian,Female,18-30,3,Driver,Normal,Not a Pedestrian,Changing lane to the left,Slight Injury
20:00:00,Thursday,31-50,Male,High school,Owner,2-5yr,Other,Owner,Unknown,0,Other,Two-way (divided with broken lines road marking),Tangent road with flat terrain,Y Shape,Asphalt roads,Dry,Darkness - lights lit,Normal,Vehicle with vehicle collision,2,2,Going straight,Driver or rider,Male,Under 18,3,Driver,Normal,Not a Pedestrian,Changing lane to the right,Slight Injury
19:00:00,Thursday,18-30,Male,Junior high school,Owner,1-2yr,Automobile,Owner,1-2yr,0,School areas,Undivided Two way,Tangent road with flat terrain,No junction,Asphalt roads,Dry,Daylight,Normal,Collision with roadside objects,1,1,Going straight,Driver or rider,Female,31-50,3,Unknown,Other,Not a Pedestrian,Driving to the left,Slight Injury
15:43:00,Monday,Unknown,Female,Junior high school,Owner,2-5yr,Automobile,Owner,Unknown,0,Other,other,Tangent road with flat terrain,No junction,Gravel roads,Dry,Daylight,Normal,Vehicle with vehicle collision,2,3,Going straight,Unknown,Unknown,Unknown,0,Driver,Normal,Not a Pedestrian,No distancing,Serious Injury
15:08:00,Monday,Over 51,Unknown,Elementary school,Employee,5-10yr,Lorry (41?100Q),Owner,Unknown,0,Other,Undivided Two way,Tangent road with flat terrain,Y Shape,Asphalt roads,Dry,Daylight,Unknown,Collision with roadside objects,3,4,Going straight,Driver or rider,Male,31-50,3,Self-employed,Normal,Not a Pedestrian,Driving under the influence of drugs,Serious Injury
21:10:00,Saturday,18-30,Male,Junior high school,Employee,2-5yr,Lorry (41?100Q),Owner,Unknown,0,Office areas,other,Tangent road with mountainous terrain and,No junction,Asphalt roads,Dry,Daylight,Normal,Vehicle with vehicle collision,2,1,Going straight,Driver or rider,Female,31-50,3,Driver,Normal,Not a Pedestrian,No distancing,Slight Injury
18:23:00,Saturday,31-50,Male,Junior high school,Employee,5-10yr,Public (12 seats),Owner,2-5yrs,0,Other,Two-way (divided with broken lines road marking),Tangent road with flat terrain,No junction,Asphalt roads,Dry,Daylight,Normal,Vehicle with vehicle collision,1,1,Going straight,Driver or rider,Female,31-50,3,Unknown,Other,Not a Pedestrian,Driving carelessly,Serious Injury
14:20:00,Saturday,31-50,Male,High school,Employee,Below 1yr,Automobile,Owner,Below 1yr,0,Residential areas,Two-way (divided with broken lines road marking),Tangent road with flat terrain,No junction,Asphalt roads,Dry,Daylight,Normal,Vehicle with vehicle collision,3,2,Other,Unknown,Unknown,Unknown,0,Unknown,Other,Not a Pedestrian,No priority to vehicle,Slight Injury
22:10:00,Wednesday,31-50,Male,Junior high school,Employee,1-2yr,Automobile,Owner,2-5yrs,0,Residential areas,Two-way (divided with broken lines road marking),Tangent road with flat terrain,Crossing,Asphalt roads,Wet or damp,Darkness - lights lit,Raining,Vehicle with vehicle collision,2,1,Going straight,Driver or rider,Male,18-30,3,Driver,Normal,Not a Pedestrian,Overtaking,Slight Injury
01:25:00,Wednesday,18-30,Male,Elementary school,Employee,1-2yr,Stationwagen,Owner,Unknown,0,Other,Two-way (divided with broken lines road marking),Tangent road with flat terrain,Crossing,Asphalt roads,Dry,Darkness - lights lit,Normal,Vehicle with vehicle collision,2,1,Going straight,Unknown,Unknown,Unknown,0,Unknown,Other,Not a Pedestrian,No priority to vehicle,Slight Injury
06:50:00,Monday,Under 18,Male,Elementary school,Employee,Below 1yr,Automobile,Organization,Unknown,0,Other,other,Tangent road with flat terrain,Y Shape,Asphalt roads,Dry,Daylight,Normal,Collision with pedestrians,2,3,Reversing,Pedestrian,Female,Under 18,3,Unknown,Normal,Crossing from nearside - masked by parked or statioNot a Pedestrianry vehicle,Driving carelessly,Slight Injury
08:50:00,Thursday,31-50,Male,Elementary school,Employee,Above 10yr,Automobile,Owner,2-5yrs,0, Industrial areas,Two-way (divided with broken lines road marking),Tangent road with flat terrain,Y Shape,Asphalt roads,Dry,Daylight,Normal,Vehicle with vehicle collision,2,1,Unknown,Unknown,Unknown,Unknown,0,Driver,Normal,Not a Pedestrian,Overtaking,Slight Injury
18:50:00,Monday,18-30,Male,Junior high school,Employee,2-5yr,Lorry (41?100Q),Owner,Unknown,0,Other,Two-way (divided with broken lines road marking),Tangent road with flat terrain,Crossing,Asphalt roads,Wet or damp,Daylight,Raining,Vehicle with vehicle collision,1,2,Going straight,Driver or rider,Female,Over 51,2,Driver,Normal,Not a Pedestrian,No priority to pedestrian,Slight Injury
17:25:00,Friday,Under 18,Male,Junior high school,Employee,Above 10yr,Lorry (41?100Q),Owner,Unknown,0,School areas,Undivided Two way,Tangent road with flat terrain,Y Shape,Asphalt roads,Dry,Darkness - lights lit,Normal,Vehicle with vehicle collision,1,4,Going straight,Driver or rider,Male,31-50,3,Unknown,Normal,Not a Pedestrian,Moving Backward,Fatal injury
21:55:00,Saturday,31-50,Male,Junior high school,Owner,Above 10yr,Automobile,Owner,Unknown,0,Office areas,Two-way (divided with broken lines road marking),Tangent road with flat terrain,Crossing,Asphalt roads,Wet or damp,Darkness - lights lit,Raining,Rollover,2,3,Going straight,Unknown,Unknown,Unknown,0,Driver,Normal,Not a Pedestrian,No distancing,Slight Injury
13:30:00,Monday,Unknown,Male,Elementary school,Employee,5-10yr,Automobile,Owner,Above 10yr,0,Other,Two-way (divided with broken lines road marking),Tangent road with flat terrain,Crossing,Earth roads,Dry,Daylight,Normal,Vehicle with vehicle collision,2,3,Going straight,Driver or rider,Male,18-30,3,Driver,Normal,Not a Pedestrian,Driving carelessly,Slight Injury
13:40:00,Sunday,Over 51,Male,Junior high school,Employee,2-5yr,Bicycle,Owner,Unknown,0,Office areas,Undivided Two way,Tangent road with flat terrain,Y Shape,Asphalt roads,Dry,Daylight,Normal,Collision with roadside objects,3,2,Reversing,Driver or rider,Male,Under 18,3,Driver,Normal,Not a Pedestrian,No distancing,Slight Injury
13:30:00,Saturday,Unknown,Female,Junior high school,Employee,1-2yr,Automobile,Owner,Unknown,0,Other,Two-way (divided with broken lines road marking),Tangent road with flat terrain,No junction,Asphalt roads,Dry,Daylight,Normal,Vehicle with vehicle collision,2,2,Going straight,Driver or rider,Female,31-50,3,Unknown,Other,Not a Pedestrian,Changing lane to the left,Slight Injury
09:06:00,Monday,31-50,Male,Elementary school,Employee,Above 10yr,Automobile,Owner,Unknown,0,Office areas,Undivided Two way,Tangent road with flat terrain,Y Shape,Asphalt roads,Dry,Daylight,Normal,Vehicle with vehicle collision,4,1,Going straight,Pedestrian,Female,Over 51,3,Driver,Normal,Crossing from nearside - masked by parked or statioNot a Pedestrianry vehicle,Driving at high speed,Slight Injury
14:30:00,Friday,Unknown,Male,Junior high school,Employee,Above 10yr,Lorry (41?100Q),Owner,2-5yrs,0,Residential areas,One way,Tangent road with flat terrain,No junction,Asphalt roads,Dry,Daylight,Normal,Vehicle with vehicle collision,2,1,Other,Unknown,Unknown,Unknown,0,Employee,Normal,Not a Pedestrian,No distancing,Slight Injury
02:17:00,Friday,Unknown,Male,Junior high school,Employee,2-5yr,Automobile,Owner,Unknown,0,Residential areas,Two-way (divided with broken lines road marking),Tangent road with flat terrain,No junction,Asphalt roads,Dry,Darkness - lights lit,Normal,Collision with roadside objects,2,1,Reversing,Driver or rider,Male,Over 51,3,Self-employed,Normal,Not a Pedestrian,Driving at high speed,Slight Injury
16:10:00,Friday,Under 18,Male,Junior high school,Employee,1-2yr,Other,Owner,Unknown,0,Office areas,Two-way (divided with broken lines road marking),Tangent road with mild grade and flat terrain,Y Shape,Asphalt roads,Wet or damp,Daylight,Raining,Collision with roadside objects,2,1,Other,Driver or rider,Male,31-50,2,Unknown,Other,Not a Pedestrian,No distancing,Slight Injury
15:30:00,Friday,Over 51,Male,Elementary school,Employee,5-10yr,Pick up upto 10Q,Owner,Unknown,0,Other,Undivided Two way,Tangent road with flat terrain,No junction,Asphalt roads,Wet or damp,Daylight,Raining,Vehicle with vehicle collision,2,2,Going straight,Driver or rider,Male,31-50,3,Driver,Normal,Not a Pedestrian,Other,Slight Injury
08:52:00,Friday,Over 51,Male,Junior high school,Employee,5-10yr,Lorry (41?100Q),Owner,2-5yrs,0,Other,Double carriageway (median),Tangent road with flat terrain,No junction,Asphalt roads,Dry,Daylight,Normal,Vehicle with vehicle collision,1,1,Going straight,Pedestrian,Female,Under 18,2,Driver,Normal,Unknown or other,Changing lane to the right,Slight Injury
15:20:00,Friday,Unknown,Female,Elementary school,Owner,5-10yr,Automobile,Owner,Unknown,0,Other,Two-way (divided with broken lines road marking),Tangent road with flat terrain,No junction,Asphalt roads,Dry,Daylight,Unknown,Vehicle with vehicle collision,2,1,Going straight,Driver or rider,Female,18-30,3,Driver,Normal,Not a Pedestrian,Changing lane to the left,Slight Injury
20:53:00,Sunday,31-50,Male,Elementary school,Owner,5-10yr,Other,Owner,Unknown,0,Other,Two-way (divided with broken lines road marking),Tangent road with flat terrain,Y Shape,Asphalt roads,Dry,Daylight,Normal,Vehicle with vehicle collision,2,2,Going straight,Driver or rider,Male,18-30,3,Driver,Normal,Not a Pedestrian,No distancing,Slight Injury
16:51:00,Saturday,31-50,Male,Junior high school,Employee,5-10yr,Public (13?45 seats),Owner,Unknown,0,Residential areas,Undivided Two way,Tangent road with flat terrain,Y Shape,Asphalt roads,Dry,Daylight,Normal,Vehicle with vehicle collision,2,2,Moving Backward,Unknown,Unknown,Unknown,0,Driver,Normal,Not a Pedestrian,Driving carelessly,Serious Injury
07:00:00,Saturday,Unknown,Female,Junior high school,Employee,Below 1yr,Stationwagen,Owner,Unknown,0,  Recreational areas,Undivided Two way,Tangent road with flat terrain,Y Shape,Asphalt roads,Dry,Daylight,Normal,Collision with roadside objects,2,1,Overtaking,Pedestrian,Female,18-30,1,Driver,Normal,Unknown or other,No priority to pedestrian,Slight Injury
15:30:00,Friday,Over 51,Male,Junior high school,Employee,Above 10yr,Lorry (41?100Q),Owner,Unknown,0, Outside rural areas,other,Steep grade downward with mountainous terrain,No junction,Asphalt roads with some distress,Dry,Daylight,Normal,Collision with roadside objects,4,5,Going straight,Passenger,Female,18-30,3,Unknown,Other,Not a Pedestrian,Moving Backward,Slight Injury
10:07:00,Monday,18-30,Male,Junior high school,Employee,5-10yr,Taxi,Owner,Above 10yr,0,Residential areas,Two-way (divided with broken lines road marking),Tangent road with flat terrain,Crossing,Asphalt roads,Wet or damp,Daylight,Raining,Vehicle with vehicle collision,2,2,Going straight,Driver or rider,Female,31-50,2,Driver,Normal,Not a Pedestrian,No priority to pedestrian,Slight Injury
08:00:00,Wednesday,Unknown,Male,Junior high school,Owner,Above 10yr,Other,Owner,Above 10yr,0, Church areas,Two-way (divided with broken lines road marking),Steep grade downward with mountainous terrain,Y Shape,Asphalt roads,Dry,Daylight,Normal,Vehicle with vehicle collision,1,1,Turnover,Unknown,Unknown,Unknown,0,Unknown,Normal,Not a Pedestrian,No distancing,Serious Injury
04:45:00,Saturday,18-30,Male,Junior high school,Employee,Above 10yr,Pick up upto 10Q,Owner,5-10yrs,0,Other,Two-way (divided with broken lines road marking),Tangent road with flat terrain,No junction,Asphalt roads,Wet or damp,Darkness - lights lit,Raining,Vehicle with vehicle collision,2,2,Other,Passenger,Male,Under 18,3,Unknown,Other,Not a Pedestrian,No distancing,Slight Injury
17:10:00,Tuesday,31-50,Male,Elementary school,Owner,Below 1yr,Motorcycle,Owner,Above 10yr,0,Office areas,Two-way (divided with broken lines road marking),Sharp reverse curve,Y Shape,Asphalt roads,Dry,Daylight,Normal,Collision with roadside objects,2,1,Going straight,Unknown,Unknown,Unknown,0,Other,Normal,Not a Pedestrian,Changing lane to the left,Serious Injury
20:05:00,Wednesday,31-50,Male,Junior high school,Employee,Above 10yr,Lorry (41?100Q),Owner,Unknown,0, Church areas,Undivided Two way,Tangent road with flat terrain,No junction,Asphalt roads,Wet or damp,Darkness - lights lit,Normal,Vehicle with vehicle collision,2,1,Going straight,Driver or rider,Male,Under 18,3,Unknown,Normal,Not a Pedestrian,Changing lane to the left,Slight Injury
19:35:00,Thursday,31-50,Male,Junior high school,Employee,Above 10yr,Lorry (41?100Q),Owner,1-2yr,0, Hospital areas,Undivided Two way,Tangent road with flat terrain,No junction,Asphalt roads,Dry,Daylight,Normal,Vehicle with vehicle collision,3,4,Going straight,Driver or rider,Female,31-50,3,Driver,Normal,Not a Pedestrian,Changing lane to the right,Serious Injury
18:36:00,Monday,18-30,Male,Junior high school,Employee,5-10yr,Other,Governmental,Above 10yr,0,Other,Two-way (divided with broken lines road marking),Tangent road with flat terrain,Y Shape,Asphalt roads,Dry,Daylight,Normal,Collision with animals,2,7,Going straight,Passenger,Female,Over 51,3,Unknown,Other,Not a Pedestrian,Changing lane to the left,Slight Injury
17:21:00,Tuesday,31-50,Male,Junior high school,Employee,5-10yr,Lorry (41?100Q),Owner,Above 10yr,0,Other,Undivided Two way,Tangent road with flat terrain,No junction,Earth roads,Dry,Daylight,Normal,Collision with roadside objects,2,1,Going straight,Unknown,Unknown,Unknown,0,Driver,Normal,Not a Pedestrian,Driving carelessly,Slight Injury
18:00:00,Saturday,Unknown,Female,Junior high school,Employee,2-5yr,Lorry (41?100Q),Owner,Above 10yr,0,Office areas,Two-way (divided with broken lines road marking),Tangent road with flat terrain,Y Shape,Earth roads,Wet or damp,Darkness - lights lit,Normal,Vehicle with vehicle collision,2,1,Going straight,Pedestrian,Female,18-30,2,Driver,Normal,Unknown or other,No distancing,Slight Injury
12:28:00,Thursday,18-30,Male,Elementary school,Employee,5-10yr,Automobile,Owner,Unknown,0,Other,other,Tangent road with flat terrain,Other,Asphalt roads,Wet or damp,Daylight,Raining,Vehicle with vehicle collision,2,1,Going straight,Unknown,Unknown,Unknown,0,Self-employed,Normal,Not a Pedestrian,Moving Backward,Slight Injury
14:30:00,Monday,31-50,Male,Junior high school,Employee,2-5yr,Lorry (41?100Q),Owner,2-5yrs,0,Other,Two-way (divided with broken lines road marking),Tangent road with flat terrain,No junction,Asphalt roads,Wet or damp,Daylight,Unknown,Collision with roadside objects,2,1,Getting off,Pedestrian,Male,18-30,3,Driver,Normal,Unknown or other,Moving Backward,Slight Injury
08:49:00,Monday,31-50,Male,Junior high school,Employee,Above 10yr,Automobile,Owner,Unknown,0,Other,One way,Tangent road with flat terrain,Y Shape,Asphalt roads,Wet or damp,Daylight,Normal,Vehicle with vehicle collision,2,3,Reversing,Unknown,Unknown,Unknown,0,Driver,Normal,Not a Pedestrian,Moving Backward,Slight Injury
12:25:00,Saturday,18-30,Male,Elementary school,Owner,Above 10yr,Automobile,Owner,Above 10yr,0,Other,Two-way (divided with broken lines road marking),Tangent road with flat terrain,No junction,Asphalt roads,Dry,Daylight,Normal,Vehicle with vehicle collision,2,1,Going straight,Unknown,Unknown,Unknown,0,Unknown,Normal,Not a Pedestrian,Driving to the left,Slight Injury