time,day_of_week,age_band_of_driver,sex_of_driver,educational_level,vehicle_driver_relation,driving_experience,type_of_vehicle,owner_of_vehicle,service_year_of_vehicle,defect_of_vehicle,area_accident_occured,lanes_or_medians,road_allignment,types_of_junction,road_surface_type,road_surface_conditions,light_conditions,weather_conditions,type_of_collision,number_of_vehicles_involved,number_of_casualties,vehicle_movement,casualty_class,sex_of_casualty,age_band_of_casualty,casualty_severity,work_of_casualty,fitness_of_casualty,pedestrian_movement,cause_of_accident,accident_severity
08:00:00,Wednesday,18-30,Male,Above high school,Employee,No Licence,Automobile,Owner,Unknown,0,Office areas,Undivided Two way,Tangent road with flat terrain,No junction,Earth roads,Wet or damp,Daylight,Normal,Collision with animals,3,1,Going straight,Driver or rider,Male,31-50,3,Driver,Normal,Not a Pedestrian,No priority to pedestrian,Slight Injury
12:20:00,Wednesday,31-50,Male,Junior high school,Owner,5-10yr,Automobile,Owner,2-5yrs,0,Office areas,One way,Steep grade downward with mountainous terrain,No junction,Asphalt roads,Dry,Daylight,Cloudy,Collision with pedestrians,4,2,Going straight,Pedestrian,Female,Under 18,3,Driver,Normal,Not a Pedestrian,No distancing,Slight Injury
17:25:00,Friday,31-50,Male,Junior high school,Employee,1-2yr,Automobile,Owner,5-10yrs,0,Residential areas,Undivided Two way,Tangent road with flat terrain,No junction,Asphalt roads,Dry,Daylight,Normal,Vehicle with vehicle collision,3,4,Going straight,Driver or rider,Male,Over 51,2,Driver,Normal,Not a Pedestrian,Changing lane to the left,Slight Injury
17:17:00,Friday,Over 51,Male,Elementary school,Employee,1-2yr,Pick up upto 10Q,Owner,5-10yrs,0,Other,Double carriageway (median),Gentle horizontal curve,Crossing,Asphalt roads,Dry,Daylight,Other,Collision with pedestrians,2,1,Going straight,Unknown,Unknown,Unknown,0,Driver,Normal,Not a Pedestrian,Changing lane to the left,Slight Injury
15:30:00,Tuesday,31-50,Male,Junior high school,Employee,2-5yr,Automobile,Owner,Unknown,0,Other,Two-way (divided with broken lines road marking),Tangent road with flat terrain,No junction,Asphalt roads,Wet or damp,Daylight,Other,Vehicle with vehicle collision,1,1,Moving Backward,Driver or rider,Male,31-50,3,Driver,Normal,Not a Pedestrian,No distancing,Slight Injury
17:25:00,Friday,31-50,Male,Junior high school,Employee,1-2yr,Automobile,Owner,Unknown,0,Office areas,Undivided Two way,Tangent road with flat terrain,Crossing,Asphalt roads,Wet or damp,Daylight,Raining,Vehicle with vehicle collision,3,1,Overtaking,Unknown,Unknown,Unknown,0,Driver,Normal,Not a Pedestrian,Changing lane to the left,Slight Injury
17:28:00,Saturday,31-50,Male,Junior high school,Employee,5-10yr,Lorry (41?100Q),Owner,Unknown,0,School areas,Two-way (divided with broken lines road marking),Tangent road with flat terrain,O Shape,Asphalt roads,Dry,Daylight,Normal,Vehicle with vehicle collision,2,2,Going straight,Driver or rider,Male,31-50,3,Self-employed,Normal,Not a Pedestrian,Changing lane to the right,Slight Injury
20:23:00,Thursday,Over 51,Male,Junior high school,Employee,5-10yr,Automobile,Owner,Unknown,0,School areas,Undivided Two way,Tangent road with flat terrain,Crossing,Asphalt roads,Dry,Daylight,Normal,Vehicle with vehicle collision,2,1,Going straight,Driver or rider,Male,18-30,3,Driver,Normal,Not a Pedestrian,No distancing,Slight Injury
07:50:00,Thursday,18-30,Male,Junior high school,Employee,2-5yr,Automobile,Owner,5-10yrs,5, Church areas,other,Tangent road with flat terrain,O Shape,Asphalt roads,Wet or damp,Daylight,Normal,Vehicle with vehicle collision,2,1,Going straight,Driver or rider,Male,18-30,3,Driver,Normal,Not a Pedestrian,No priority to pedestrian,Serious Injury
13:05:00,Friday,18-30,Male,Junior high school,Employee,Above 10yr,Automobile,Owner,Unknown,7,Other,other,Tangent road with flat terrain,Other,Asphalt roads,Dry,Daylight,Normal,Vehicle with vehicle collision,2,2,Going straight,Pedestrian,Male,18-30,3,Driver,Normal,Not a Pedestrian,Moving Backward,Serious Injury
14:40:00,Saturday,18-30,Male,Junior high school,Employee,2-5yr,Public (> 45 seats),Owner,5-10yrs,0,Other,One way,Tangent road with flat terrain,Y Shape,Asphalt roads,Dry,Daylight,Normal,Vehicle with vehicle collision,3,1,Going straight,Driver or rider,Female,Over 51,3,Employee,Normal,Not a Pedestrian,Overtaking,Slight Injury
08:29:00,Wednesday,18-30,Male,Above high school,Employee,Above 10yr,Lorry (41?100Q),Owner,Above 10yr,0, Church areas,Two-way (divided with broken lines road marking),Steep grade downward with mountainous terrain,Y Shape,Asphalt roads,Dry,Daylight,Normal,Vehicle with vehicle collision,3,3,Going straight,Pedestrian,Female,18-30,3,Student,Normal,Not a Pedestrian,Driving carelessly,Slight Injury
03:15:00,Saturday,18-30,Male,Elementary school,Employee,2-5yr,Automobile,Owner,Unknown,0,Office areas,Two-way (divided with broken lines road marking),Tangent road with flat terrain,Y Shape,Asphalt roads,Dry,Daylight,Normal,Vehicle with vehicle collision,2,1,Going straight,Driver or rider,Male,31-50,3,Unknown,Normal,Not a Pedestrian,Changing lane to the left,Slight Injury
09:06:00,Thursday,18-30,Male,Illiterate,Employee,unknown,Public (12 seats),Owner,2-5yrs,0, Church areas,Undivided Two way,Tangent road with flat terrain,Y Shape,Asphalt roads,Dry,Daylight,Normal,Vehicle with vehicle collision,2,2,Going straight,Driver or rider,Male,18-30,3,Employee,Normal,Not a Pedestrian,No priority to pedestrian,Slight Injury
08:09:00,Saturday,31-50,Male,Junior high school,Employee,2-5yr,Automobile,Owner,Unknown,0,Other,Two-way (divided with broken lines road marking),Tangent road with flat terrain,Crossing,Asphalt roads,Dry,Daylight,Normal,Vehicle with vehicle collision,2,3,Going straight,Driver or rider,Male,31-50,3,Unknown,Normal,Not a Pedestrian,No distancing,Slight Injury
18:12:00,Wednesday,18-30,Male,High school,Employee,Above 10yr,Public (13?45 seats),Organization,Unknown,0,Other,Double carriageway (median),Tangent road with flat terrain,Unknown,Earth roads,Dry,Daylight,Normal,Collision with pedestrians,2,1,Going straight,Unknown,Unknown,Unknown,0,Driver,Normal,Not a Pedestrian,Driving carelessly,Slight Injury
20:20:00,Monday,18-30,Male,Junior high school,Employee,1-2yr,Other,Owner,Unknown,0,  Recreational areas,other,Tangent road with flat terrain,No junction,Asphalt roads,Dry,Darkness - lights lit,Normal,Vehicle with vehicle collision,2,1,Going straight,Unknown,Unknown,Unknown,0,Employee,Normal,Not a Pedestrian,No priority to vehicle,Slight Injury
18:00:00,Friday,31-50,Male,Junior high school,Employee,1-2yr,Pick up upto 10Q,Owner,Unknown,0,Other,Two-way (divided with solid lines road marking),Tangent road with flat terrain,No junction,Asphalt roads,Dry,Darkness - lights lit,Normal,Collision with roadside objects,2,1,Going straight,Driver or rider,Male,18-30,3,Driver,Normal,Not a Pedestrian,No priority to pedestrian,Slight Injury
13:55:00,Wednesday,31-50,Male,Elementary school,Employee,2-5yr,Public (12 seats),Owner,Unknown,0,Office areas,Double carriageway (median),Tangent road with flat terrain,T Shape,Asphalt roads,Dry,Daylight,Unknown,Vehicle with vehicle collision,2,1,Going straight,Unknown,Unknown,Unknown,0,Unknown,Other,Not a Pedestrian,No priority to pedestrian,Serious Injury
14:37:00,Saturday,18-30,Male,Junior high school,Employee,1-2yr,Lorry (11?40Q),Owner,Unknown,0,Office areas,Double carriageway (median),Tangent road with flat terrain,Other,Asphalt roads,Dry,Daylight,Normal,Vehicle with vehicle collision,2,1,Getting off,Driver or rider,Male,31-50,3,Driver,Normal,Not a Pedestrian,Driving carelessly,Serious Injury
17:43:00,Friday,18-30,Male,Junior high school,Employee,5-10yr,Public (12 seats),Owner,Unknown,0, Church areas,Undivided Two way,Tangent road with flat terrain,No junction,Asphalt roads,Dry,Daylight,Normal,Vehicle with vehicle collision,2,1,Going straight,Unknown,Unknown,Unknown,0,Self-employed,Normal,Not a Pedestrian,No priority to pedestrian,Slight Injury
22:15:00,Wednesday,18-30,Male,Junior high school,Employee,2-5yr,Automobile,Owner,5-10yrs,0,Office areas,Undivided Two way,Tangent road with mountainous terrain and,Y Shape,Asphalt roads,Dry,Darkness - lights lit,Normal,Collision with roadside objects,2,2,Moving Backward,Unknown,Unknown,Unknown,0,Unknown,Other,Not a Pedestrian,Driving carelessly,Slight Injury
15:47:00,Thursday,31-50,Male,Junior high school,Employee,Below 1yr,Automobile,Owner,1-2yr,0,Other,other,Tangent road with flat terrain,Y Shape,Asphalt roads,Wet or damp,Daylight,Normal,Vehicle with vehicle collision,1,1,Going straight,Unknown,Unknown,Unknown,0,Driver,Normal,Not a Pedestrian,Changing lane to the right,Slight Injury
15:10:00,Wednesday,31-50,Male,Junior high school,Employee,1-2yr,Other,Owner,Above 10yr,0,Residential areas,other,Tangent road with flat terrain,Y Shape,Earth roads,Dry,Daylight,Normal,Vehicle with vehicle collision,2,1,Going straight,Driver or rider,Male,Over 51,3,Unknown,Normal,Not a Pedestrian,Changing lane to the right,Slight Injury
10:43:00,Saturday,31-50,Male,Junior high school,Owner,5-10yr,Other,Owner,1-2yr,0,Office areas,Two-way (divided with broken lines road marking),Tangent road with flat terrain,No junction,Asphalt roads with some distress,Dry,Daylight,Normal,Vehicle with vehicle collision,2,4,Going straight,Unknown,Unknown,Unknown,0,Driver,Normal,Not a Pedestrian,Changing lane to the right,Slight Injury
00:21:00,Saturday,Over 51,Male,Elementary school,Employee,5-10yr,Automobile,Owner,Unknown,0,Office areas,Double carriageway (median),Tangent road with flat terrain,Crossing,Asphalt roads,Wet or damp,Darkness - lights lit,Raining,Vehicle with vehicle collision,1,1,Moving Backward,Unknown,Unknown,Unknown,0,Driver,Normal,Not a Pedestrian,Changing lane to the left,Slight Injury
14:44:00,Friday,18-30,Male,Writing & reading,Employee,Below 1yr,Lorry (11?40Q),Owner,Unknown,0,Residential areas,One way,Tangent road with flat terrain,Crossing,Asphalt roads,Dry,Daylight,Normal,Vehicle with vehicle collision,1,1,Going straight,Driver or rider,Female,31-50,3,Driver,Normal,Not a Pedestrian,Driving carelessly,Slight Injury
17:45:00,Tuesday,18-30,Male,High school,Employee,5-10yr,Lorry (41?100Q),Owner,Unknown,0, Church areas,other,Tangent road with flat terrain,No junction,Asphalt roads,Wet or damp,Darkness - lights lit,Raining,Collision with pedestrians,2,1,Other,Pedestrian,Female,31-50,3,Self-employed,Normal,Not a Pedestrian,Driving to the left,Slight Injury
16:32:00,Monday,18-30,Male,Above high school,Employee,1-2yr,Lorry (41?100Q),Owner,1-2yr,0,School areas,Undivided Two way,Tangent road with flat terrain,Crossing,Asphalt roads,Dry,Daylight,Normal,Vehicle with vehicle collision,4,1,Going straight,Driver or rider,Male,18-30,3,Unknown,Other,Not a Pedestrian,Driving carelessly,Slight Injury
19:00:00,Thursday,31-50,Male,High school,Employee,Above 10yr,Public (13?45 seats),Owner,Above 10yr,0,Residential areas,Undivided Two way,Tangent road with flat terrain,No junction,Asphalt roads,Dry,Daylight,Normal,Vehicle with vehicle collision,2,1,Going straight,Passenger,Female,18-30,3,Self-employed,Normal,Not a Pedestrian,Changing lane to the right,Slight Injury
19:45:00,Sunday,31-50,Male,Elementary school,Employee,Above 10yr,Motorcycle,Owner,Unknown,0,Office areas,other,Tangent road with flat terrain,No junction,Asphalt roads,Wet or damp,Darkness - lights lit,Normal,Vehicle with vehicle collision,2,2,Other,Driver or rider,Male,31-50,3,Self-employed,Normal,Not a Pedestrian,No distancing,Slight Injury
17:00:00,Thursday,Unknown,Male,High school,Employee,5-10yr,Automobile,Owner,Above 10yr,0,Office areas,Undivided Two way,Tangent road with flat terrain,Y Shape,Asphalt roads,Dry,Darkness - lights lit,Unknown,Vehicle with vehicle collision,2,1,Going straight,Driver or rider,Male,18-30,3,Unknown,Normal,Not a Pedestrian,Changing lane to the left,Slight Injury
11:40:00,Monday,18-30,Male,High school,Employee,2-5yr,Public (> 45 seats),Owner,Unknown,0,Residential areas,Two-way (divided with broken lines road marking),Tangent road with flat terrain,Crossing,Asphalt roads,Dry,Daylight,Normal,Vehicle with vehicle collision,1,1,Going straight,Passenger,Female,Under 18,3,Self-employed,Normal,Not a Pedestrian,Changing lane to the right,Slight Injury
13:37:00,Friday,31-50,Male,High school,Employee,5-10yr,Automobile,Governmental,Unknown,0,  Market areas,Undivided Two way,Tangent road with flat terrain,Y Shape,Asphalt roads,Dry,Daylight,Unknown,Vehicle with vehicle collision,2,1,Going straight,Pedestrian,Female,18-30,3,Driver,Normal,Crossing from offside - masked by  parked or statioNot a Pedestrianry vehicle,No priority to pedestrian,Slight Injury
22:17:00,Saturday,Unknown,Male,Junior high school,Owner,1-2yr,Public (> 45 seats),Owner,1-2yr,0,Other,Undivided Two way,Tangent road with flat terrain,Other,Asphalt roads,Dry,Darkness - lights lit,Normal,Vehicle with vehicle collision,3,6,Going straight,Driver or rider,Male,31-50,2,Unknown,Other,Not a Pedestrian,No priority to pedestrian,Slight Injury
09:45:00,Monday,Over 51,Male,Junior high school,Employee,5-10yr,Lorry (41?100Q),Owner,Unknown,0,Other,Two-way (divided with broken lines road marking),Tangent road with flat terrain,No junction,Asphalt roads,Wet or damp,Darkness - no lighting,Raining,Vehicle with vehicle collision,2,1,Going straight,Pedestrian,Male,31-50,3,Driver,Normal,"In carriageway, statioNot a Pedestrianry - not crossing  (standing or playing) - masked by parked or statioNot a Pedestrianry vehicle",No distancing,Slight Injury
12:10:00,Saturday,Unknown,Female,Elementary school,Owner,5-10yr,Long lorry,Owner,Unknown,7,Office areas,other,Tangent road with flat terrain,No junction,Asphalt roads,Dry,Daylight,Normal,Vehicle with vehicle collision,2,1,Going straight,Driver or rider,Male,18-30,3,Driver,Normal,Not a Pedestrian,Moving Backward,Slight Injury
02:40:00,Sunday,18-30,Male,Junior high school,Employee,No Licence,Lorry (41?100Q),Owner,Unknown,0,Other,other,Tangent road with flat terrain,Crossing,Asphalt roads,Wet or damp,Darkness - lights lit,Normal,Vehicle with vehicle collision,2,1,Getting off,Driver or rider,Male,18-30,3,Other,Normal,Not a Pedestrian,No priority to vehicle,Slight Injury
21:00:00,Sunday,31-50,Male,Elementary school,Employee,1-2yr,Public (13?45 seats),Owner,Unknown,0, Church areas,Double carriageway (median),Tangent road with flat terrain,Y Shape,Asphalt roads,Dry,Darkness - lights lit,Normal,Vehicle with vehicle collision,2,1,Going straight,Unknown,Unknown,Unknown,0,Unknown,Other,Not a Pedestrian,Changing lane to the right,Slight Injury
15:48:00,Sunday,18-30,Male,Above high school,Employee,Above 10yr,Automobile,Owner,5-10yrs,0,Office areas,Two-way (divided with broken lines road marking),Tangent road with flat terrain,Crossing,Asphalt roads,Dry,Daylight,Normal,Vehicle with vehicle collision,2,1,Going straight,Driver or rider,Male,Over 51,2,Unknown,Other,Not a Pedestrian,No priority to pedestrian,Slight Injury
07:14:00,Saturday,31-50,Male,Elementary school,Employee,5-10yr,Lorry (41?100Q),Owner,Unknown,0,Office areas,Two-way (divided with broken lines road marking),Tangent road with mild grade and flat terrain,Y Shape,Asphalt roads,Wet or damp,Darkness - lights lit,Windy,Rollover,1,1,Going straight,Driver or rider,Female,Over 51,2,Driver,Normal,Not a Pedestrian,Driving carelessly,Slight Injury
16:45:00,Tuesday,Under 18,Male,Elementary school,Owner,Above 10yr,Lorry (41?100Q),Owner,2-5yrs,0,Residential areas,Two-way (divided with broken lines road marking),Tangent road with flat terrain,Crossing,Asphalt roads,Dry,Daylight,Normal,Vehicle with vehicle collision,1,1,Moving Backward,Unknown,Unknown,Unknown,0,Self-employed,Normal,Not a Pedestrian,Driving carelessly,Slight Injury
20:30:00,Saturday,18-30,Male,Junior high school,Employee,5-10yr,Public (> 45 seats),Owner,Unknown,0,Other,other,Tangent road with flat terrain,Y Shape,Asphalt roads,Dry,Daylight,Normal,Collision with roadside objects,2,2,Going straight,Driver or rider,Male,Under 18,3,Driver,Normal,Not a Pedestrian,Changing lane to the left,Serious Injury
18:50:00,Friday,Under 18,Male,Junior high school,Owner,Below 1yr,Other,Owner,Unknown,0, Church areas,Undivided Two way,Tangent road with flat terrain,Y Shape,Asphalt roads,Dry,Darkness - lights lit,Normal,Vehicle with vehicle collision,3,2,Going straight,Driver or rider,Male,31-50,3,Unknown,Other,Not a Pedestrian,Changing lane to the left,Slight Injury
18:26:00,Saturday,18-30,Male,Writing & reading,Employee,5-10yr,Automobile,Owner,Unknown,0,Office areas,Undivided Two way,Tangent road with flat terrain,Y Shape,Asphalt roads,Dry,Darkness - lights lit,Unknown,Collision with roadside objects,2,1,Going straight,Unknown,Unknown,Unknown,0,Unknown,Other,Not a Pedestrian,Moving Backward,Serious Injury
12:15:00,Sunday,18-30,Male,Elementary school,Employee,Above 10yr,Lorry (41?100Q),Owner,Unknown,0,Other,Two-way (divided with broken lines road marking),Tangent road with flat terrain,Y Shape,Asphalt roads,Dry,Darkness - lights lit,Normal,Vehicle with vehicle collision,2,1,Going straight,Pedestrian,Male,31-50,3,Driver,Normal,Crossing from driver's nearside,Other,Slight Injury
13:30:00,Saturday,31-50,Male,Junior high school,Employee,5-10yr,Automobile,Owner,Above 10yr,0,Other,Undivided Two way,Tangent road with flat terrain,No junction,Asphalt roads,Dry,Daylight,Normal,Vehicle with vehicle collision,3,2,Moving Backward,Unknown,Unknown,Unknown,0,Driver,Normal,Not a Pedestrian,Changing lane to the right,Slight Injury
09:32:00,Sunday,18-30,Male,Elementary school,Owner,Above 10yr,Stationwagen,Owner,Unknown,0,Residential areas,Undivided Two way,Tangent road with flat terrain,Y Shape,Asphalt roads,Dry,Daylight,Normal,Vehicle with vehicle collision,2,1,Going straight,Driver or rider,Male,18-30,3,Driver,Normal,Not a Pedestrian,Changing lane to the right,Slight Injury
14:03:00,Saturday,18-30,Male,Elementary school,Employee,5-10yr,Bicycle,Owner,Unknown,0,  Recreational areas,Undivided Two way,Tangent road with flat terrain,No junction,Asphalt roads,Dry,Daylight,Normal,Vehicle with vehicle collision,2,1,Going straight,Pedestrian,Female,31-50,3,Driver,Other,Not a Pedestrian,No distancing,Slight Injury
16:36:00,Monday,18-30,Male,Junior high school,Employee,2-5yr,Lorry (41?100Q),Owner,1-2yr,0,Office areas,Undivided Two way,Tangent road with flat terrain,Y Shape,Asphalt roads,Dry,Daylight,Normal,Collision with pedestrians,2,2,Going straight,Driver or rider,Male,Over 51,3,Unknown,Normal,Not a Pedestrian,Changing lane to the right,Slight Injury
16:55:00,Monday,31-50,Male,Junior high school,Employee,5-10yr,Automobile,Owner,Unknown,0,Residential areas,Undivided Two way,Tangent road with flat terrain,Other,Asphalt roads,Dry,Daylight,Normal,Vehicle with vehicle collision,2,6,Going straight,Driver or rider,Male,18-30,3,Driver,Normal,Not a Pedestrian,Driving under the influence of drugs,Slight Injury
07:55:00,Wednesday,18-30,Male,Junior high school,Employee,5-10yr,Automobile,Owner,Unknown,0, Church areas,Undivided Two way,Tangent road with flat terrain,Crossing,Asphalt roads,Wet or damp,Daylight,Raining,Vehicle with vehicle collision,2,1,Entering a junction,Unknown,Unknown,Unknown,0,Driver,Normal,Not a Pedestrian,No distancing,Slight Injury
00:15:00,Monday,31-50,Male,Junior high school,Employee,1-2yr,Automobile,Owner,Unknown,0,Office areas,Two-way (divided with broken lines road marking),Steep grade downward with mountainous terrain,Crossing,Asphalt roads,Dry,Darkness - lights lit,Normal,Vehicle with vehicle collision,2,2,Going straight,Driver or rider,Male,Under 18,2,Unknown,Other,Not a Pedestrian,Other,Slight Injury
18:39:00,Wednesday,Unknown,Male,Junior high school,Owner,2-5yr,Pick up upto 10Q,Owner,2-5yrs,0,Residential areas,Two-way (divided with broken lines road marking),Gentle horizontal curve,Y Shape,Earth roads,Dry,Daylight,Normal,Collision with pedestrians,1,1,Going straight,Pedestrian,Female,18-30,3,Driver,Normal,Unknown or other,Changing lane to the right,Serious Injury
07:35:00,Thursday,18-30,Male,Elementary school,Employee,2-5yr,Automobile,Owner,Above 10yr,0,School areas,Undivided Two way,Tangent road with flat terrain,Y Shape,Asphalt roads,Wet or damp,Darkness - lights lit,Raining,Collision with pedestrians,2,1,Getting off,Driver or rider,Male,Under 18,3,Other,Normal,Not a Pedestrian,Driving carelessly,Slight Injury
14:30:00,Sunday,31-50,Male,Junior high school,Employee,Above 10yr,Automobile,Owner,Unknown,0,Other,Double carriageway (median),Tangent road with flat terrain,Y Shape,Asphalt roads,Dry,Daylight,Normal,Vehicle with vehicle collision,2,1,Going straight,Driver or rider,Male,18-30,2,Self-employed,Normal,Not a Pedestrian,Driving under the influence of drugs,Slight Injury
22:15:00,Tuesday,18-30,Male,Elementary school,Employee,Below 1yr,Other,Owner,2-5yrs,0,Office areas,Two-way (divided with broken lines road marking),Tangent road with mild grade and flat terrain,No junction,Asphalt roads,Wet or damp,Darkness - lights lit,Normal,Vehicle with vehicle collision,2,2,Going straight,Driver or rider,Male,18-30,3,Unknown,Other,Not a Pedestrian,No priority to vehicle,Serious Injury
21:30:00,Saturday,Unknown,Male,Junior high school,Employee,5-10yr,Automobile,Owner,5-10yrs,0,School areas,other,Tangent road with flat terrain,Y Shape,Asphalt roads,Dry,Daylight,Normal,Vehicle with vehicle collision,2,1,Turnover,Pedestrian,Female,31-50,3,Self-employed,Normal,Crossing from nearside - masked by parked or statioNot a Pedestrianry vehicle,Driving carelessly,Slight Injury
14:25:00,Saturday,18-30,Male,Elementary school,Employee,5-10yr,Turbo,Owner,2-5yrs,0,Residential areas,other,Tangent road with flat terrain,Unknown,Asphalt roads,Dry,Daylight,Normal,Vehicle with vehicle collision,4,3,Entering a junction,Driver or rider,Male,18-30,3,Self-employed,Normal,Not a Pedestrian,Other,Slight Injury
17:00:00,Wednesday,Over 51,Male,Junior high school,Employee,5-10yr,Motorcycle,Owner,Unknown,0,Office areas,Undivided Two way,Tangent road with flat terrain,No junction,Asphalt roads,Dry,Darkness - lights lit,Normal,Vehicle with vehicle collision,2,1,Going straight,Driver or rider,Male,18-30,3,Self-employed,Normal,Not a Pedestrian,Moving Backward,Slight Injury
14:13:00,Tuesday,31-50,Male,Junior high school,Employee,Above 10yr,Taxi,Owner,Unknown,0,Office areas,Undivided Two way,Tangent road with flat terrain,Y Shape,Asphalt roads,Dry,Daylight,Normal,Vehicle with vehicle collision,2,3,Going straight,Driver or rider,Male,Over 51,3,Driver,Normal,Not a Pedestrian,No distancing,Slight Injury
23:20:00,Monday,31-50,Male,Junior high school,Employee,5-10yr,Lorry (41?100Q),Owner,2-5yrs,0,Office areas,Undivided Two way,Tangent road with flat terrain,Y Shape,Asphalt roads,Dry,Darkness - lights lit,Normal,Vehicle with vehicle collision,2,1,Moving Backward,Passenger,Female,Over 51,3,Driver,Normal,Not a Pedestrian,No priority to pedestrian,Slight Injury
02:31:00,Sunday,Over 51,Male,Junior high school,Employee,Above 10yr,Automobile,Owner,Unknown,0,Other,One way,Tangent road with flat terrain,Crossing,Asphalt roads,Dry,Darkness - lights lit,Normal,Vehicle with vehicle collision,3,5,Going straight,Passenger,Female,Over 51,3,Driver,Normal,Not a Pedestrian,Changing lane to the right,Slight Injury
16:54:00,Sunday,31-50,Male,Junior high school,Employee,Above 10yr,Automobile,Owner,Unknown,0,Other,Two-way (divided with broken lines road marking),Tangent road with flat terrain,Y Shape,Asphalt roads,Dry,Daylight,Normal,Vehicle with vehicle collision,1,1,Reversing,Unknown,Unknown,Unknown,0,Driver,Normal,Not a Pedestrian,No priority to pedestrian,Slight Injury
18:25:00,Wednesday,18-30,Male,Junior high school,Employee,2-5yr,Taxi,Owner,2-5yrs,0,Office areas,Double carriageway (median),Escarpments,No junction,Asphalt roads,Wet or damp,Darkness - lights lit,Normal,Vehicle with vehicle collision,1,1,Going straight,Passenger,Female,18-30,3,Driver,Normal,Not a Pedestrian,Driving at high speed,Slight Injury
07:50:00,Thursday,18-30,Female,Elementary school,Owner,2-5yr,Lorry (41?100Q),Governmental,Unknown,0,Other,Undivided Two way,Tangent road with flat terrain,Y Shape,Asphalt roads,Dry,Daylight,Normal,Vehicle with vehicle collision,2,1,Going straight,Unknown,Unknown,Unknown,0,Employee,Normal,Not a Pedestrian,No priority to pedestrian,Slight Injury
17:22:00,Sunday,Under 18,Male,Elementary school,Employee,Above 10yr,Lorry (41?100Q),Owner,5-10yrs,0,Residential areas,Undivided Two way,Tangent road with flat terrain,Crossing,Asphalt roads,Wet or damp,Darkness - lights lit,Normal,Vehicle with vehicle collision,2,2,Turnover,Unknown,Unknown,Unknown,0,Driver,Normal,Not a Pedestrian,Overspeed,Serious Injury
17:55:00,Tuesday,18-30,Male,Junior high school,Employee,Below 1yr,Lorry (41?100Q),Governmental,Unknown,0,Office areas,Undivided Two way,Tangent road with flat terrain,No junction,Asphalt roads,Dry,Darkness - lights lit,Normal,Collision with roadside objects,2,1,Going straight,Driver or rider,Male,31-50,3,Unknown,Other,Not a Pedestrian,Changing lane to the left,Slight Injury
07:58:00,Monday,18-30,Male,Junior high school,Employee,5-10yr,Lorry (41?100Q),Governmental,Unknown,0,Other,Undivided Two way,Tangent road with flat terrain,Crossing,Asphalt roads,Dry,Darkness - lights lit,Normal,Collision with pedestrians,2,5,Going straight,Driver or rider,Male,31-50,3,Self-employed,Normal,Not a Pedestrian,Changing lane to the left,Slight Injury
15:20:00,Saturday,31-50,Male,Junior high school,Employee,Above 10yr,Automobile,Organization,5-10yrs,0,Office areas,Two-way (divided with broken lines road marking),Gentle horizontal curve,Y Shape,Asphalt roads,Dry,Daylight,Normal,Vehicle with vehicle collision,2,1,Other,Unknown,Unknown,Unknown,0,Self-employed,Normal,Not a Pedestrian,Moving Backward,Slight Injury
13:12:00,Saturday,31-50,Male,Junior high school,Employee,5-10yr,Lorry (41?100Q),Owner,2-5yrs,0,Rural village areas,Undivided Two way,Gentle horizontal curve,No junction,Asphalt roads,Dry,Daylight,Normal,Vehicle with vehicle collision,2,1,Going straight,Driver or rider,Male,31-50,3,Self-employed,Normal,Not a Pedestrian,Changing lane to the right,Slight Injury
12:05:00,Saturday,31-50,Male,Junior high school,Employee,Above 10yr,Lorry (41?100Q),Owner,Above 10yr,0,  Market areas,other,Steep grade downward with mountainous terrain,Y Shape,Asphalt roads,Dry,Daylight,Normal,Collision with roadside objects,2,1,Going straight,Unknown,Unknown,Unknown,0,Driver,Normal,Not a Pedestrian,No distancing,Slight Injury
23:45:00,Tuesday,18-30,Male,Elementary school,Employee,5-10yr,Long lorry,Owner,Above 10yr,0,Residential areas,other,Tangent road with rolling terrain,Y Shape,Asphalt roads,Dry,Darkness - lights lit,Normal,Vehicle with vehicle collision,3,3,Going straight,Unknown,Unknown,Unknown,0,Driver,Normal,Not a Pedestrian,Changing lane to the left,Slight Injury
20:55:00,Tuesday,18-30,Male,Junior high school,Employee,Above 10yr,Automobile,Owner,Unknown,0,Office areas,One way,Tangent road with mild grade and flat terrain,Y Shape,Asphalt roads,Dry,Daylight,Normal,Collision with roadside objects,1,1,Going straight,Passenger,Male,5,3,Unknown,Normal,Not a Pedestrian,No distancing,Serious Injury
17:45:00,Sunday,31-50,Male,Junior high school,Employee,Below 1yr,Automobile,Owner,5-10yrs,0,Other,Two-way (divided with broken lines road marking),Tangent road with flat terrain,Other,Asphalt roads,Wet or damp,Darkness - lights lit,Raining,Vehicle with vehicle collision,2,2,Going straight,Driver or rider,Male,18-30,2,Driver,Normal,Not a Pedestrian,No priority to pedestrian,Slight Injury
18:30:00,Wednesday,31-50,Male,Elementary school,Employee,2-5yr,Automobile,Governmental,2-5yrs,0,Other,Two-way (divided with broken lines road marking),Tangent road with flat terrain,No junction,Asphalt roads,Wet or damp,Darkness - lights lit,Raining,Collision with roadside objects,2,1,Going straight,Driver or rider,Male,18-30,3,Unknown,Other,Not a Pedestrian,Driving carelessly,Slight Injury