time,day_of_week,age_band_of_driver,sex_of_driver,educational_level,vehicle_driver_relation,driving_experience,type_of_vehicle,owner_of_vehicle,service_year_of_vehicle,defect_of_vehicle,area_accident_occured,lanes_or_medians,road_allignment,types_of_junction,road_surface_type,road_surface_conditions,light_conditions,weather_conditions,type_of_collision,number_of_vehicles_involved,number_of_casualties,vehicle_movement,casualty_class,sex_of_casualty,age_band_of_casualty,casualty_severity,work_of_casualty,fitness_of_casualty,pedestrian_movement,cause_of_accident,accident_severity
18:08:00,Saturday,18-30,Male,Junior high school,Employee,2-5yr,Automobile,Governmental,Unknown,0,Residential areas,other,Tangent road with flat terrain,Y Shape,Asphalt roads,Dry,Darkness - no lighting,Normal,Vehicle with vehicle collision,2,4,Going straight,Unknown,Unknown,Unknown,0,Driver,Normal,Not a Pedestrian,Driving carelessly,Fatal injury
15:15:00,Tuesday,Unknown,Male,High school,Employee,2-5yr,Automobile,Organization,5-10yrs,0, Church areas,Two-way (divided with broken lines road marking),Tangent road with flat terrain,Y Shape,Asphalt roads,Dry,Daylight,Normal,Collision with roadside objects,2,1,Going straight,Driver or rider,Female,31-50,3,Unknown,Other,Not a Pedestrian,Changing lane to the left,Slight Injury
08:00:00,Tuesday,18-30,Male,Elementary school,Employee,5-10yr,Automobile,Owner,5-10yrs,0,Residential areas,Undivided Two way,Tangent road with flat terrain,No junction,Asphalt roads,Dry,Daylight,Normal,Rollover,2,1,Going straight,Driver or rider,Male,18-30,3,Unknown,Normal,Not a Pedestrian,Overturning,Slight Injury
12:46:00,Tuesday,18-30,Male,Elementary school,Employee,2-5yr,Automobile,Owner,2-5yrs,0,Other,Undivided Two way,Tangent road with mountainous terrain and,Y Shape,Asphalt roads,Dry,Daylight,Normal,Vehicle with vehicle collision,2,3,Going straight,Driver or rider,Male,18-30,3,Unknown,Normal,Not a Pedestrian,Overtaking,Slight Injury
22:00:00,Saturday,Under 18,Male,Junior high school,Employee,5-10yr,Automobile,Owner,Unknown,0,Other,Undivided Two way,Tangent road with flat terrain,Y Shape,Asphalt roads,Dry,Darkness - lights lit,Normal,Vehicle with vehicle collision,2,1,Going straight,Passenger,Male,18-30,3,Self-employed,Normal,Not a Pedestrian,Changing lane to the right,Slight Injury
09:17:00,Tuesday,Unknown,Male,Junior high school,Employee,2-5yr,Pick up upto 10Q,Owner,2-5yrs,0,Other,Two-way (divided with broken lines road marking),Tangent road with flat terrain,No junction,Gravel roads,Dry,Daylight,Normal,Vehicle with vehicle collision,2,1,Going straight,Pedestrian,Female,31-50,3,Self-employed,Normal,Not a Pedestrian,Overturning,Slight Injury
14:34:00,Friday,Over 51,Male,Junior high school,Employee,5-10yr,Automobile,Owner,Unknown,0,Office areas,One way,Tangent road with flat terrain,Y Shape,Asphalt roads,Dry,Daylight,Normal,Vehicle with vehicle collision,2,1,Going straight,Unknown,Unknown,Unknown,0,Driver,Normal,Not a Pedestrian,No distancing,Slight Injury
19:40:00,Sunday,Over 51,Male,Junior high school,Owner,Below 1yr,Other,Owner,Unknown,0,Other,Two-way (divided with broken lines road marking),Tangent road with flat terrain,Y Shape,Gravel roads,Dry,Darkness - lights lit,Normal,Collision with roadside objects,2,1,Going straight,Driver or rider,Male,18-30,3,Unknown,Other,Not a Pedestrian,Changing lane to the right,Slight Injury
06:00:00,Sunday,18-30,Male,Elementary school,Employee,Below 1yr,Other,Owner,Unknown,0, Church areas,Two-way (divided with solid lines road marking),Tangent road with flat terrain,Crossing,Asphalt roads,Dry,Daylight,Normal,Vehicle with vehicle collision,2,1,Going straight,Unknown,Unknown,Unknown,0,Driver,Normal,Not a Pedestrian,Changing lane to the right,Slight Injury
13:50:00,Wednesday,Unknown,Female,Junior high school,Employee,Above 10yr,Pick up upto 10Q,Governmental,2-5yrs,0,  Recreational areas,Undivided Two way,Tangent road with flat terrain,Y Shape,Asphalt roads,Dry,Daylight,Normal,Vehicle with vehicle collision,2,1,Going straight,Pedestrian,Male,Under 18,3,Driver,Normal,Crossing from nearside - masked by parked or statioNot a Pedestrianry vehicle,No distancing,Slight Injury
16:35:00,Tuesday,Unknown,Male,Elementary school,Employee,5-10yr,Pick up upto 10Q,Owner,Unknown,0,Residential areas,Two-way (divided with broken lines road marking),Tangent road with flat terrain,No junction,Asphalt roads,Dry,Daylight,Normal,Vehicle with vehicle collision,3,1,Going straight,Driver or rider,Female,31-50,3,Unknown,Other,Not a Pedestrian,Changing lane to the right,Slight Injury
15:05:00,Tuesday,Unknown,Male,Elementary school,Employee,5-10yr,Lorry (41?100Q),Owner,Unknown,0,Office areas,Two-way (divided with broken lines road marking),Tangent road with flat terrain,Y Shape,Asphalt roads,Dry,Daylight,Normal,Collision with roadside objects,2,1,Going straight,Driver or rider,Male,Under 18,3,Employee,Other,Not a Pedestrian,Other,Slight Injury
08:01:00,Monday,31-50,Male,Elementary school,Employee,1-2yr,Automobile,Owner,5-10yrs,0,Office areas,Two-way (divided with broken lines road marking),Tangent road with flat terrain,Y Shape,Asphalt roads,Wet or damp,Daylight,Raining,Vehicle with vehicle collision,2,5,Going straight,Driver or rider,Male,18-30,3,Driver,Normal,Not a Pedestrian,Moving Backward,Slight Injury
09:00:00,Friday,Unknown,Female,Elementary school,Employee,5-10yr,Public (12 seats),Governmental,5-10yrs,0,Other,Undivided Two way,Tangent road with flat terrain,No junction,Asphalt roads,Dry,Daylight,Normal,Vehicle with vehicle collision,1,1,Going straight,Pedestrian,Male,5,3,Self-employed,Normal,Crossing from nearside - masked by parked or statioNot a Pedestrianry vehicle,No priority to pedestrian,Slight Injury
08:25:00,Thursday,31-50,Male,Junior high school,Employee,1-2yr,Ridden horse,Owner,2-5yrs,0,Office areas,Double carriageway (median),Tangent road with flat terrain,Crossing,Asphalt roads,Dry,Daylight,Normal,Vehicle with vehicle collision,2,1,Going straight,Passenger,Female,Over 51,3,Unknown,Normal,Not a Pedestrian,Changing lane to the left,Slight Injury
12:44:00,Wednesday,31-50,Male,High school,Employee,Below 1yr,Pick up upto 10Q,Owner,5-10yrs,0,Other,One way,Tangent road with flat terrain,Y Shape,Asphalt roads,Dry,Daylight,Normal,Collision with pedestrians,2,1,Going straight,Driver or rider,Female,31-50,3,Self-employed,Normal,Not a Pedestrian,Changing lane to the left,Serious Injury
16:46:00,Thursday,31-50,Male,Junior high school,Employee,Above 10yr,Stationwagen,Owner,2-5yrs,0,Residential areas,Undivided Two way,Tangent road with flat terrain,Y Shape,Asphalt roads,Wet or damp,Darkness - lights lit,Cloudy,Vehicle with vehicle collision,3,2,Going straight,Driver or rider,Male,31-50,3,Unknown,Other,Not a Pedestrian,Driving carelessly,Slight Injury
09:05:00,Monday,31-50,Male,High school,Owner,2-5yr,Pick up upto 10Q,Governmental,Unknown,0,Other,Two-way (divided with broken lines road marking),Tangent road with flat terrain,Y Shape,Asphalt roads,Wet or damp,Darkness - lights lit,Normal,Vehicle with vehicle collision,2,1,Going straight,Pedestrian,Male,Over 51,3,Unknown,Other,Not a Pedestrian,No distancing,Slight Injury
21:30:00,Sunday,31-50,Male,Elementary school,Employee,5-10yr,Long lorry,Owner,2-5yrs,0,Other,Double carriageway (median),Tangent road with flat terrain,Y Shape,Asphalt roads,Dry,Darkness - lights lit,Normal,Rollover,2,1,Getting off,Driver or rider,Male,Under 18,3,Other,Normal,Not a Pedestrian,Overtaking,Slight Injury
15:45:00,Monday,18-30,Male,Junior high school,Employee,1-2yr,Lorry (41?100Q),Owner,Unknown,0,Other,other,Tangent road with flat terrain,Y Shape,Asphalt roads,Dry,Daylight,Normal,Collision with pedestrians,3,1,Going straight,Unknown,Unknown,Unknown,0,Other,Normal,Not a Pedestrian,Driving to the left,Slight Injury
17:34:00,Monday,Unknown,Male,Junior high school,Owner,Below 1yr,Automobile,Owner,Below 1yr,0,Other,other,Steep grade downward with mountainous terrain,No junction,Asphalt roads,Dry,Daylight,Normal,Vehicle with vehicle collision,2,2,Going straight,Passenger,Female,Under 18,3,Driver,Normal,Not a Pedestrian,Changing lane to the left,Slight Injury
22:05:00,Friday,18-30,Male,Elementary school,Employee,2-5yr,Other,Owner,Unknown,0,  Recreational areas,other,Tangent road with flat terrain,Y Shape,Asphalt roads,Dry,Daylight,Normal,Collision with roadside objects,4,5,Going straight,Unknown,Unknown,Unknown,0,Self-employed,Normal,Not a Pedestrian,Changing lane to the left,Slight Injury
21:37:00,Tuesday,18-30,Male,Junior high school,Owner,Below 1yr,Long lorry,Owner,2-5yrs,0,Other,Two-way (divided with broken lines road marking),Tangent road with flat terrain,Y Shape,Asphalt roads,Dry,Darkness - lights lit,Normal,Vehicle with vehicle collision,2,1,Turnover,Driver or rider,Male,Over 51,3,Other,Normal,Not a Pedestrian,No priority to vehicle,Serious Injury
19:08:00,Tuesday,18-30,Male,Junior high school,Employee,2-5yr,Public (13?45 seats),Owner,1-2yr,0,Office areas,Two-way (divided with broken lines road marking),Tangent road with mild grade and flat terrain,Crossing,Gravel roads,Wet or damp,Darkness - lights lit,Normal,Vehicle with vehicle collision,2,1,Going straight,Pedestrian,Female,Under 18,3,Driver,Normal,Unknown or other,Moving Backward,Slight Injury
09:48:00,Thursday,Over 51,Male,Junior high school,Employee,5-10yr,Automobile,Owner,Unknown,0,Office areas,Double carriageway (median),Tangent road with flat terrain,Y Shape,Asphalt roads,Wet or damp,Daylight,Normal,Vehicle with vehicle collision,2,1,Going straight,Driver or rider,Male,Under 18,3,Driver,Normal,Not a Pedestrian,No distancing,Slight Injury
11:20:00,Friday,31-50,Male,Elementary school,Owner,5-10yr,Automobile,Owner,Unknown,0, Outside rural areas,Two-way (divided with broken lines road marking),Escarpments,Y Shape,Asphalt roads,Dry,Daylight,Normal,Collision with pedestrians,2,1,Going straight,Unknown,Unknown,Unknown,0,Unknown,Other,Not a Pedestrian,Changing lane to the left,Slight Injury
16:20:00,Friday,Over 51,Unknown,Junior high school,Employee,Above 10yr,Automobile,Owner,2-5yrs,0,Other,Undivided Two way,Tangent road with flat terrain,Y Shape,Asphalt roads,Wet or damp,Darkness - lights lit,Normal,Vehicle with vehicle collision,3,1,Going straight,Driver or rider,Male,18-30,3,Self-employed,Normal,Not a Pedestrian,No distancing,Slight Injury
20:00:00,Friday,31-50,Male,Junior high school,Owner,5-10yr,Other,Owner,Unknown,0,Other,Undivided Two way,Tangent road with flat terrain,Crossing,Asphalt roads,Dry,Darkness - lights lit,Normal,Vehicle with vehicle collision,2,1,Going straight,Driver or rider,Male,31-50,3,Driver,Normal,Not a Pedestrian,Changing lane to the right,Slight Injury
10:41:00,Wednesday,31-50,Male,High school,Employee,Below 1yr,Lorry (41?100Q),Owner,Unknown,0,Office areas,One way,Tangent road with flat terrain,Y Shape,Asphalt roads,Dry,Daylight,Normal,Vehicle with vehicle collision,1,1,Going straight,Driver or rider,Male,31-50,3,Other,Normal,Not a Pedestrian,No priority to vehicle,Slight Injury
15:30:00,Friday,31-50,Male,Elementary school,Employee,5-10yr,Other,Owner,Unknown,0,  Recreational areas,Two-way (divided with broken lines road marking),Tangent road with flat terrain,Y Shape,Asphalt roads,Wet or damp,Daylight,Raining,Vehicle with vehicle collision,4,1,Going straight,Driver or rider,Male,31-50,3,Driver,Normal,Not a Pedestrian,No distancing,Slight Injury
19:00:00,Tuesday,18-30,Male,Junior high school,Employee,5-10yr,Stationwagen,Owner,Above 10yr,0,Office areas,Two-way (divided with broken lines road marking),Tangent road with flat terrain,Y Shape,Asphalt roads,Wet or damp,Darkness - lights lit,Other,Vehicle with vehicle collision,2,3,Going straight,Unknown,Unknown,Unknown,0,Driver,Normal,Not a Pedestrian,Changing lane to the left,Slight Injury
13:57:00,Wednesday,18-30,Male,Junior high school,Employee,2-5yr,Lorry (41?100Q),Owner,Above 10yr,0, Church areas,Two-way (divided with broken lines road marking),Tangent road with flat terrain,Y Shape,Asphalt roads,Dry,Daylight,Normal,Collision with roadside objects,2,1,Going straight,Unknown,Unknown,Unknown,0,Driver,Normal,Not a Pedestrian,No distancing,Slight Injury
17:45:00,Tuesday,Unknown,Female,Junior high school,Employee,Below 1yr,Lorry (41?100Q),Owner,Unknown,0,Other,Two-way (divided with broken lines road marking),Tangent road with flat terrain,No junction,Asphalt roads,Dry,Daylight,Normal,Collision with pedestrians,3,1,Going straight,Unknown,Unknown,Unknown,0,Other,Normal,Not a Pedestrian,No distancing,Slight Injury
15:25:00,Thursday,31-50,Unknown,Junior high school,Employee,2-5yr,Automobile,Governmental,Unknown,0,Residential areas,other,Tangent road with flat terrain,No junction,Asphalt roads,Dry,Daylight,Normal,Collision with animals,2,1,Turnover,Unknown,Unknown,Unknown,0,Driver,Normal,Not a Pedestrian,No distancing,Slight Injury
15:00:00,Friday,31-50,Male,Junior high school,Employee,2-5yr,Lorry (41?100Q),Owner,Unknown,0,Residential areas,other,Tangent road with flat terrain,Y Shape,Asphalt roads,Dry,Daylight,Normal,Collision with roadside objects,2,1,Turnover,Unknown,Unknown,Unknown,0,Driver,Normal,Not a Pedestrian,Changing lane to the right,Slight Injury
09:57:00,Thursday,31-50,Male,Elementary school,Employee,5-10yr,Public (> 45 seats),Owner,Unknown,0,Office areas,Undivided Two way,Tangent road with flat terrain,Y Shape,Asphalt roads,Dry,Daylight,Normal,Vehicle with vehicle collision,2,1,Going straight,Pedestrian,Male,Under 18,2,Driver,Normal,Unknown or other,Moving Backward,Slight Injury
15:00:00,Thursday,18-30,Male,Junior high school,Employee,Below 1yr,Other,Owner,Above 10yr,0,Office areas,Undivided Two way,Tangent road with flat terrain,Y Shape,Asphalt roads,Dry,Daylight,Normal,Collision with roadside objects,2,1,Going straight,Unknown,Unknown,Unknown,0,Driver,Normal,Not a Pedestrian,Changing lane to the left,Slight Injury
13:28:00,Monday,18-30,Male,Junior high school,Employee,Above 10yr,Public (> 45 seats),Owner,Above 10yr,0, Church areas,Two-way (divided with broken lines road marking),Steep grade downward with mountainous terrain,Y Shape,Asphalt roads,Dry,Daylight,Normal,Vehicle with vehicle collision,2,1,Moving Backward,Driver or rider,Male,31-50,3,Self-employed,Normal,Not a Pedestrian,Driving carelessly,Slight Injury
13:24:00,Wednesday,18-30,Male,Junior high school,Employee,5-10yr,Long lorry,Owner,Unknown,0, Industrial areas,Undivided Two way,Tangent road with mild grade and flat terrain,Y Shape,Asphalt roads,Dry,Daylight,Normal,Collision with roadside objects,2,2,Going straight,Driver or rider,Male,31-50,3,Driver,Normal,Not a Pedestrian,No priority to vehicle,Slight Injury
12:04:00,Monday,Over 51,Male,Junior high school,Owner,Above 10yr,Automobile,Owner,Unknown,0,School areas,Two-way (divided with broken lines road marking),Tangent road with flat terrain,Other,Asphalt roads,Dry,Daylight,Normal,Collision with roadside objects,2,6,Going straight,Unknown,Unknown,Unknown,0,Employee,Normal,Not a Pedestrian,Changing lane to the left,Serious Injury
06:02:00,Saturday,18-30,Male,Junior high school,Employee,Above 10yr,Lorry (41?100Q),Owner,Unknown,0,Other,Two-way (divided with broken lines road marking),Tangent road with flat terrain,Y Shape,Asphalt roads,Dry,Darkness - lights lit,Normal,Vehicle with vehicle collision,2,1,Going straight,Driver or rider,Female,Over 51,3,Self-employed,Normal,Not a Pedestrian,Driving to the left,Slight Injury
03:15:00,Saturday,18-30,Male,Junior high school,Employee,2-5yr,Other,Governmental,Above 10yr,0,School areas,Two-way (divided with broken lines road marking),Tangent road with flat terrain,Y Shape,Asphalt roads,Dry,Daylight,Normal,Vehicle with vehicle collision,3,1,Going straight,Driver or rider,Female,18-30,3,Driver,Normal,Not a Pedestrian,Changing lane to the right,Slight Injury
22:30:00,Saturday,31-50,Male,Junior high school,Employee,2-5yr,Automobile,Governmental,Unknown,0,School areas,Double carriageway (median),Tangent road with flat terrain,No junction,Asphalt roads,Dry,Darkness - lights lit,Normal,Vehicle with vehicle collision,3,1,Going straight,Driver or rider,Female,18-30,3,Unknown,Other,Not a Pedestrian,Driving carelessly,Slight Injury
13:58:00,Friday,18-30,Male,Junior high school,Employee,Above 10yr,Pick up upto 10Q,Owner,Unknown,0,Office areas,Two-way (divided with broken lines road marking),Tangent road with flat terrain,Y Shape,Asphalt roads,Dry,Daylight,Normal,Vehicle with vehicle collision,2,1,Moving Backward,Passenger,Female,Under 18,3,Driver,Blind,Not a Pedestrian,Changing lane to the left,Slight Injury
14:20:00,Friday,31-50,Male,Junior high school,Employee,Above 10yr,Other,Owner,Above 10yr,0,Office areas,other,Tangent road with flat terrain,Crossing,Asphalt roads,Dry,Daylight,Normal,Vehicle with vehicle collision,2,1,Other,Unknown,Unknown,Unknown,0,Driver,Normal,Not a Pedestrian,No priority to pedestrian,Slight Injury
11:50:00,Monday,18-30,Male,Junior high school,Employee,Above 10yr,Public (> 45 seats),Owner,2-5yrs,0,  Recreational areas,Undivided Two way,Tangent road with flat terrain,Y Shape,Asphalt roads,Dry,Daylight,Normal,Collision with roadside objects,3,3,Moving Backward,Driver or rider,Male,18-30,3,Unknown,Other,Not a Pedestrian,Changing lane to the left,Slight Injury
14:42:00,Sunday,Over 51,Male,Junior high school,Employee,5-10yr,Automobile,Governmental,Unknown,0,Other,Double carriageway (median),Tangent road with flat terrain,Y Shape,Asphalt roads,Wet or damp,Daylight,Raining,Vehicle with vehicle collision,2,2,Going straight,Driver or rider,Male,18-30,3,Self-employed,Normal,Not a Pedestrian,No distancing,Slight Injury
17:38:00,Thursday,31-50,Male,Junior high school,Employee,1-2yr,Stationwagen,Owner,Above 10yr,0,Other,One way,Steep grade downward with mountainous terrain,Y Shape,Asphalt roads,Dry,Daylight,Normal,Vehicle with vehicle collision,2,1,Going straight,Unknown,Unknown,Unknown,0,Driver,Normal,Not a Pedestrian,No distancing,Slight Injury
17:00:00,Sunday,31-50,Male,Junior high school,Employee,2-5yr,Lorry (41?100Q),Owner,Unknown,0,Unknown,other,Tangent road with flat terrain,Crossing,Asphalt roads,Dry,Daylight,Normal,Vehicle with vehicle collision,1,2,Going straight,Passenger,Male,Under 18,3,Unknown,Other,Not a Pedestrian,Driving carelessly,Slight Injury
12:07:00,Tuesday,31-50,Male,Junior high school,Employee,Above 10yr,Public (13?45 seats),Owner,Unknown,0,Other,One way,Tangent road with flat terrain,No junction,Asphalt roads,Dry,Daylight,Normal,Vehicle with vehicle collision,2,1,Going straight,Driver or rider,Female,Over 51,3,Driver,Normal,Not a Pedestrian,Changing lane to the right,Slight Injury
11:50:00,Friday,Unknown,Male,Junior high school,Employee,Above 10yr,Stationwagen,Owner,2-5yrs,0,Other,Two-way (divided with broken lines road marking),Tangent road with flat terrain,No junction,Asphalt roads,Dry,Daylight,Normal,Collision with roadside objects,2,1,Moving Backward,Passenger,Male,Over 51,3,Unknown,Other,Not a Pedestrian,No distancing,Slight Injury
13:30:00,Sunday,Unknown,Female,Junior high school,Employee,1-2yr,Public (12 seats),Owner,2-5yrs,0,Office areas,Two-way (divided with broken lines road marking),Tangent road with mountainous terrain and,Y Shape,Asphalt roads,Dry,Daylight,Unknown,Vehicle with vehicle collision,1,1,Going straight,Driver or rider,Male,31-50,3,Driver,Normal,Not a Pedestrian,No distancing,Slight Injury
16:00:00,Monday,Unknown,Female,Junior high school,Owner,Above 10yr,Automobile,Owner,Unknown,0,Residential areas,Two-way (divided with broken lines road marking),Tangent road with flat terrain,Y Shape,Asphalt roads,Dry,Daylight,Unknown,Collision with pedestrians,1,1,Going straight,Pedestrian,Female,Over 51,3,Unknown,Other,Crossing from nearside - masked by parked or statioNot a Pedestrianry vehicle,Turnover,Slight Injury
17:36:00,Friday,31-50,Male,Junior high school,Employee,1-2yr,Automobile,Owner,Above 10yr,0, Church areas,Two-way (divided with broken lines road marking),Tangent road with flat terrain,No junction,Asphalt roads,Dry,Darkness - lights lit,Normal,Vehicle with vehicle collision,2,3,Other,Driver or rider,Female,18-30,3,Driver,Normal,Not a Pedestrian,Driving carelessly,Slight Injury
03:39:00,Friday,Unknown,Female,Junior high school,Employee,Below 1yr,Automobile,Owner,Unknown,0, Church areas,Undivided Two way,Tangent road with flat terrain,No junction,Asphalt roads,Dry,Darkness - lights lit,Normal,Vehicle with vehicle collision,4,1,Going straight,Unknown,Unknown,Unknown,0,Unknown,Other,Not a Pedestrian,Changing lane to the right,Serious Injury
20:50:00,Tuesday,18-30,Male,Elementary school,Owner,2-5yr,Public (> 45 seats),Owner,2-5yrs,0,  Market areas,Undivided Two way,Tangent road with flat terrain,Crossing,Asphalt roads,Dry,Darkness - lights lit,Normal,Vehicle with vehicle collision,2,1,Entering a junction,Unknown,Unknown,Unknown,0,Unknown,Other,Not a Pedestrian,Overtaking,Slight Injury
14:40:00,Saturday,31-50,Male,Above high school,Employee,No Licence,Automobile,Owner,Unknown,0,Office areas,Undivided Two way,Tangent road with flat terrain,No junction,Earth roads,Dry,Daylight,Normal,Collision with animals,2,1,Going straight,Driver or rider,Male,18-30,3,Driver,Normal,Not a Pedestrian,No priority to pedestrian,Serious Injury
07:14:00,Friday,31-50,Male,Junior high school,Employee,Below 1yr,Lorry (41?100Q),Governmental,Below 1yr,0,Residential areas,Two-way (divided with broken lines road marking),Tangent road with flat terrain,Crossing,Gravel roads,Dry,Daylight,Normal,Vehicle with vehicle collision,2,1,Going straight,Driver or rider,Male,Under 18,3,Driver,Normal,Not a Pedestrian,No priority to vehicle,Slight Injury
16:05:00,Wednesday,18-30,Male,Elementary school,Employee,2-5yr,Automobile,Owner,Unknown,0,Residential areas,Undivided Two way,Tangent road with flat terrain,Y Shape,Asphalt roads,Dry,Daylight,Normal,Vehicle with vehicle collision,3,1,Moving Backward,Driver or rider,Male,18-30,3,Unknown,Other,Not a Pedestrian,No distancing,Slight Injury
21:05:00,Friday,18-30,Male,Junior high school,Employee,Below 1yr,Automobile,Owner,Unknown,0,Other,Two-way (divided with broken lines road marking),Tangent road with flat terrain,Y Shape,Asphalt roads,Dry,Darkness - lights lit,Normal,Vehicle with vehicle collision,2,2,Going straight,Driver or rider,Male,Over 51,3,Driver,Normal,Not a Pedestrian,Changing lane to the left,Slight Injury
13:45:00,Thursday,Over 51,Male,Junior high school,Employee,5-10yr,Special vehicle,Owner,Unknown,0,Office areas,Undivided Two way,Tangent road with flat terrain,No junction,Asphalt roads,Dry,Daylight,Normal,Vehicle with vehicle collision,2,1,Going straight,Driver or rider,Male,31-50,3,Unknown,Other,Not a Pedestrian,Moving Backward,Slight Injury
20:15:00,Monday,18-30,Female,Junior high school,Employee,2-5yr,Automobile,Owner,Unknown,0,School areas,other,Tangent road with flat terrain,Y Shape,Asphalt roads,Dry,Daylight,Normal,Vehicle with vehicle collision,2,1,Going straight,Unknown,Unknown,Unknown,0,Driver,Other,Not a Pedestrian,Changing lane to the right,Slight Injury
17:25:00,Friday,Under 18,Unknown,Junior high school,Owner,5-10yr,Automobile,Owner,Unknown,0, Church areas,Two-way (divided with solid lines road marking),Tangent road with flat terrain,No junction,Asphalt roads,Dry,Daylight,Normal,Vehicle with vehicle collision,3,4,Going straight,Driver or rider,Male,18-30,3,Other,Normal,Not a Pedestrian,Changing lane to the right,Slight Injury
07:25:00,Friday,18-30,Male,Elementary school,Employee,5-10yr,Lorry (41?100Q),Owner,2-5yrs,0,Office areas,Double carriageway (median),Tangent road with flat terrain,Y Shape,Asphalt roads,Dry,Daylight,Normal,Rollover,2,1,Getting off,Pedestrian,Female,18-30,3,Driver,Normal,Crossing from driver's nearside,Driving carelessly,Slight Injury
13:43:00,Monday,18-30,Male,Junior high school,Employee,Above 10yr,Public (12 seats),Owner,5-10yrs,0,Other,Two-way (divided with broken lines road marking),Tangent road with flat terrain,Y Shape,Asphalt roads,Dry,Daylight,Normal,Vehicle with vehicle collision,2,1,Other,Driver or rider,Male,18-30,3,Self-employed,Normal,Not a Pedestrian,No distancing,Slight Injury
18:29:00,Thursday,18-30,Male,Elementary school,Owner,5-10yr,Automobile,Owner,Unknown,0, Industrial areas,Unknown,Tangent road with flat terrain,No junction,Asphalt roads,Dry,Daylight,Normal,Vehicle with vehicle collision,2,4,Going straight,Driver or rider,Male,31-50,3,Driver,Normal,Not a Pedestrian,Driving carelessly,Slight Injury
14:50:00,Tuesday,18-30,Male,High school,Employee,Above 10yr,Pick up upto 10Q,Owner,1-2yr,0, Outside rural areas,Two-way (divided with broken lines road marking),Tangent road with flat terrain,Y Shape,Asphalt roads,Dry,Daylight,Normal,Vehicle with vehicle collision,2,1,Moving Backward,Driver or rider,Female,18-30,3,Driver,Normal,Not a Pedestrian,Changing lane to the right,Slight Injury
01:56:00,Saturday,31-50,Male,Junior high school,Employee,5-10yr,Long lorry,Owner,Unknown,0,Office areas,Two-way (divided with broken lines road marking),Tangent road with flat terrain,Y Shape,Asphalt roads,Wet or damp,Darkness - lights lit,Raining,Vehicle with vehicle collision,3,1,Going straight,Driver or rider,Male,18-30,3,Driver,Normal,Not a Pedestrian,No distancing,Slight Injury
11:00:00,Monday,31-50,Male,Junior high school,Employee,1-2yr,Other,Owner,2-5yrs,0,Office areas,Undivided Two way,Tangent road with flat terrain,Y Shape,Asphalt roads,Dry,Daylight,Normal,Vehicle with vehicle collision,2,2,Going straight,Unknown,Unknown,Unknown,0,Self-employed,Normal,Not a Pedestrian,Driving to the left,Slight Injury
18:36:00,Monday,31-50,Male,Junior high school,Employee,5-10yr,Automobile,Organization,2-5yrs,0, Industrial areas,Two-way (divided with broken lines road marking),Tangent road with flat terrain,Y Shape,Asphalt roads,Dry,Daylight,Normal,Collision with animals,2,7,Going straight,Unknown,Unknown,Unknown,0,Driver,Normal,Not a Pedestrian,Changing lane to the right,Slight Injury
13:55:00,Sunday,18-30,Male,Junior high school,Employee,2-5yr,Automobile,Owner,Unknown,0,Residential areas,Two-way (divided with broken lines road marking),Tangent road with flat terrain,Y Shape,Asphalt roads,Dry,Daylight,Normal,Vehicle with vehicle collision,2,1,Going straight,Unknown,Unknown,Unknown,0,Driver,Normal,Not a Pedestrian,No distancing,Slight Injury
19:58:00,Wednesday,31-50,Male,Junior high school,Employee,Below 1yr,Automobile,Governmental,Unknown,0,Office areas,Two-way (divided with broken lines road marking),Tangent road with flat terrain,Crossing,Asphalt roads,Dry,Darkness - lights lit,Normal,Vehicle with vehicle collision,2,1,Going straight,Pedestrian,Female,Under 18,2,Unknown,Normal,Not a Pedestrian,Changing lane to the left,Slight Injury
12:40:00,Thursday,18-30,Male,Junior high school,Employee,1-2yr,Lorry (41?100Q),Owner,2-5yrs,0,Other,other,Tangent road with flat terrain,Y Shape,Asphalt roads,Dry,Daylight,Normal,Vehicle with vehicle collision,2,1,Going straight,Driver or rider,Male,18-30,3,Unknown,Other,Not a Pedestrian,Changing lane to the right,Slight Injury
21:35:00,Wednesday,18-30,Male,Junior high school,Employee,5-10yr,Lorry (41?100Q),Owner,Unknown,0,Office areas,Two-way (divided with broken lines road marking),Tangent road with flat terrain,Y Shape,Asphalt roads,Wet or damp,Darkness - lights lit,Raining,Vehicle with vehicle collision,2,1,Going straight,Driver or rider,Female,18-30,3,Employee,Normal,Not a Pedestrian,Moving Backward,Slight Injury
16:24:00,Tuesday,31-50,Male,Junior high school,Owner,Above 10yr,Other,Owner,Above 10yr,0, Industrial areas,Undivided Two way,Tangent road with flat terrain,Y Shape,Asphalt roads,Dry,Daylight,Normal,Vehicle with vehicle collision,2,2,Going straight,Driver or rider,Male,31-50,3,Driver,Normal,Not a Pedestrian,No distancing,Slight Injury