time,day_of_week,age_band_of_driver,sex_of_driver,educational_level,vehicle_driver_relation,driving_experience,type_of_vehicle,owner_of_vehicle,service_year_of_vehicle,defect_of_vehicle,area_accident_occured,lanes_or_medians,road_allignment,types_of_junction,road_surface_type,road_surface_conditions,light_conditions,weather_conditions,type_of_collision,number_of_vehicles_involved,number_of_casualties,vehicle_movement,casualty_class,sex_of_casualty,age_band_of_casualty,casualty_severity,work_of_casualty,fitness_of_casualty,pedestrian_movement,cause_of_accident,accident_severity
11:10:00,Sunday,18-30,Male,Junior high school,Employee,Above 10yr,Motorcycle,Owner,Unknown,0,Other,Two-way (divided with broken lines road marking),Tangent road with flat terrain,No junction,Asphalt roads,Dry,Daylight,Normal,Vehicle with vehicle collision,2,3,Moving Backward,Unknown,Unknown,Unknown,0,Unknown,Other,Not a Pedestrian,Changing lane to the right,Slight Injury
16:24:00,Wednesday,31-50,Male,Elementary school,Owner,2-5yr,Other,Owner,Unknown,0,Other,Undivided Two way,Tangent road with flat terrain,Y Shape,Asphalt roads,Dry,Daylight,Normal,Vehicle with vehicle collision,2,1,Going straight,Unknown,Unknown,Unknown,0,Unknown,Other,Not a Pedestrian,Changing lane to the right,Slight Injury
08:40:00,Thursday,18-30,Male,Elementary school,Employee,Below 1yr,Automobile,Owner,1-2yr,0,Office areas,Undivided Two way,Escarpments,No junction,Asphalt roads,Dry,Daylight,Normal,Collision with roadside objects,3,2,Going straight,Driver or rider,Male,18-30,3,Unknown,Other,Not a Pedestrian,Changing lane to the left,Slight Injury
08:40:00,Wednesday,31-50,Male,Junior high school,Employee,5-10yr,Automobile,Owner,Above 10yr,0,Residential areas,other,Tangent road with rolling terrain,No junction,Asphalt roads,Dry,Daylight,Normal,Vehicle with vehicle collision,2,2,Going straight,Driver or rider,Male,18-30,3,Driver,Normal,Not a Pedestrian,Driving to the left,Serious Injury
10:25:00,Monday,18-30,Male,Junior high school,Employee,5-10yr,Lorry (41?100Q),Owner,Unknown,0,Office areas,Two-way (divided with broken lines road marking),Tangent road with flat terrain,Y Shape,Asphalt roads,Dry,Daylight,Normal,Vehicle with vehicle collision,2,1,Going straight,Driver or rider,Male,31-50,3,Unknown,Other,Not a Pedestrian,No priority to vehicle,Slight Injury
13:12:00,Saturday,Over 51,Male,Junior high school,Employee,Above 10yr,Lorry (41?100Q),Owner,Unknown,0,Unknown,other,Tangent road with flat terrain,No junction,Asphalt roads,Wet or damp,Daylight,Raining,Vehicle with vehicle collision,2,1,Going straight,Pedestrian,Female,18-30,3,Driver,Normal,Crossing from driver's nearside,No priority to vehicle,Slight Injury
15:05:00,Wednesday,31-50,Male,Junior high school,Employee,5-10yr,Automobile,Governmental,Unknown,0,School areas,Undivided Two way,Tangent road with flat terrain,Y Shape,Other,Dry,Daylight,Normal,Collision with roadside objects,3,1,Going straight,Pedestrian,Male,18-30,3,Driver,Normal,Crossing from driver's nearside,Changing lane to the right,Serious Injury
13:28:00,Sunday,31-50,Male,Elementary school,Employee,2-5yr,Stationwagen,Owner,Unknown,0,Other,Two-way (divided with broken lines road marking),Tangent road with flat terrain,Y Shape,Asphalt roads,Wet or damp,Daylight,Raining,Vehicle with vehicle collision,2,1,Going straight,Unknown,Unknown,Unknown,0,Driver,Normal,Not a Pedestrian,No distancing,Slight Injury
22:10:00,Wednesday,31-50,Male,Junior high school,Employee,2-5yr,Automobile,Owner,Unknown,0,Office areas,Two-way (divided with broken lines road marking),Tangent road with flat terrain,Y Shape,Asphalt roads,Dry,Daylight,Normal,Collision with roadside objects,1,1,Going straight,Driver or rider,Male,18-30,3,Employee,Normal,Not a Pedestrian,Overtaking,Slight Injury
01:50:00,Sunday,Unknown,Male,Junior high school,Employee,2-5yr,Automobile,Owner,Unknown,0, Church areas,Two-way (divided with broken lines road marking),Tangent road with flat terrain,Y Shape,Asphalt roads,Dry,Darkness - lights lit,Normal,Vehicle with vehicle collision,2,1,Going straight,Unknown,Unknown,Unknown,0,Other,Normal,Not a Pedestrian,No distancing,Slight Injury
17:18:00,Sunday,31-50,Male,Elementary school,Employee,1-2yr,Lorry (41?100Q),Owner,Unknown,0,Residential areas,Two-way (divided with broken lines road marking),Tangent road with flat terrain,Crossing,Other,Dry,Daylight,Normal,Vehicle with vehicle collision,2,2,Going straight,Unknown,Unknown,Unknown,0,Unknown,Normal,Not a Pedestrian,No priority to vehicle,Slight Injury
16:00:00,Wednesday,Over 51,Male,Junior high school,Employee,5-10yr,Public (> 45 seats),Governmental,Unknown,0,Other,Two-way (divided with broken lines road marking),Tangent road with flat terrain,Y Shape,Asphalt roads,Dry,Daylight,Normal,Vehicle with vehicle collision,2,2,Unknown,Driver or rider,Female,18-30,3,Driver,Normal,Not a Pedestrian,No distancing,Slight Injury
17:23:00,Tuesday,31-50,Male,Junior high school,Employee,2-5yr,Lorry (11?40Q),Owner,1-2yr,0,Other,Two-way (divided with broken lines road marking),Tangent road with flat terrain,Unknown,Asphalt roads,Dry,Daylight,Normal,Vehicle with vehicle collision,2,1,Going straight,Driver or rider,Female,31-50,3,Driver,Normal,Not a Pedestrian,Changing lane to the left,Slight Injury
09:20:00,Thursday,18-30,Male,Elementary school,Owner,5-10yr,Automobile,Owner,Above 10yr,0,Office areas,other,Tangent road with mountainous terrain and,Crossing,Asphalt roads,Dry,Daylight,Normal,Vehicle with vehicle collision,2,1,Reversing,Driver or rider,Male,18-30,3,Driver,Normal,Not a Pedestrian,No distancing,Serious Injury
08:02:00,Thursday,31-50,Male,Junior high school,Employee,2-5yr,Automobile,Owner,Unknown,0,Other,Two-way (divided with broken lines road marking),Tangent road with flat terrain,No junction,Asphalt roads,Dry,Daylight,Normal,Vehicle with vehicle collision,2,1,Going straight,Unknown,Unknown,Unknown,0,Driver,Normal,Not a Pedestrian,Overturning,Slight Injury
19:28:00,Friday,31-50,Male,Junior high school,Employee,2-5yr,Other,Owner,5-10yrs,0,Other,One way,Tangent road with flat terrain,Y Shape,Asphalt roads,Dry,Darkness - lights lit,Normal,Vehicle with vehicle collision,2,1,Going straight,Passenger,Female,Under 18,3,Self-employed,Normal,Not a Pedestrian,No priority to vehicle,Slight Injury
12:34:00,Wednesday,31-50,Male,Junior high school,Owner,5-10yr,Automobile,Owner,Unknown,0,Residential areas,Double carriageway (median),Tangent road with flat terrain,Other,Asphalt roads,Wet or damp,Daylight,Raining,Vehicle with vehicle collision,2,2,Going straight,Pedestrian,Female,18-30,3,Driver,Normal,Not a Pedestrian,Changing lane to the right,Slight Injury
09:17:00,Tuesday,18-30,Male,Elementary school,Employee,Below 1yr,Automobile,Governmental,2-5yrs,0,Office areas,Undivided Two way,Tangent road with flat terrain,No junction,Asphalt roads,Dry,Daylight,Normal,Vehicle with vehicle collision,2,1,Going straight,Pedestrian,Female,31-50,3,Self-employed,Normal,Not a Pedestrian,Driving carelessly,Slight Injury
17:10:00,Tuesday,31-50,Male,Elementary school,Employee,Above 10yr,Other,Owner,Above 10yr,0, Church areas,other,Tangent road with flat terrain,No junction,Asphalt roads,Wet or damp,Daylight,Normal,Vehicle with vehicle collision,1,1,Reversing,Unknown,Unknown,Unknown,0,Driver,Normal,Not a Pedestrian,Driving to the left,Slight Injury
13:30:00,Friday,31-50,Male,Junior high school,Employee,2-5yr,Lorry (41?100Q),Owner,Unknown,0,Residential areas,Undivided Two way,Tangent road with flat terrain,No junction,Asphalt roads,Dry,Daylight,Normal,Collision with roadside objects,2,1,Going straight,Pedestrian,Female,18-30,3,Driver,Normal,Crossing from nearside - masked by parked or statioNot a Pedestrianry vehicle,Driving under the influence of drugs,Slight Injury
20:00:00,Friday,Over 51,Male,Elementary school,Owner,2-5yr,Lorry (41?100Q),Governmental,2-5yrs,0,Office areas,Undivided Two way,Tangent road with flat terrain,No junction,Asphalt roads,Dry,Darkness - lights lit,Normal,Collision with roadside objects,1,1,Going straight,Driver or rider,Male,31-50,3,Driver,Normal,Not a Pedestrian,Changing lane to the right,Slight Injury
22:05:00,Tuesday,Unknown,Male,Elementary school,Owner,Above 10yr,Other,Owner,Unknown,0, Industrial areas,other,Tangent road with flat terrain,Y Shape,Asphalt roads,Wet or damp,Daylight,Normal,Vehicle with vehicle collision,1,1,Entering a junction,Unknown,Unknown,Unknown,0,Unknown,Normal,Not a Pedestrian,Changing lane to the left,Slight Injury
17:27:00,Friday,Over 51,Male,High school,Owner,5-10yr,Pick up upto 10Q,Owner,Above 10yr,0,Residential areas,Undivided Two way,Tangent road with flat terrain,Y Shape,Asphalt roads,Dry,Daylight,Normal,Fall from vehicles,4,2,Moving Backward,Unknown,Unknown,Unknown,0,Driver,Normal,Not a Pedestrian,Moving Backward,Slight Injury
05:42:00,Monday,Under 18,Male,Junior high school,Employee,1-2yr,Other,Owner,Unknown,0, Church areas,Two-way (divided with broken lines road marking),Tangent road with flat terrain,No junction,Asphalt roads,Dry,Daylight,Normal,Vehicle with vehicle collision,2,1,Waiting to go,Passenger,Female,31-50,3,Driver,Normal,Not a Pedestrian,Changing lane to the right,Slight Injury
17:25:00,Friday,31-50,Male,Junior high school,Employee,5-10yr,Motorcycle,Owner,Unknown,0,Office areas,Undivided Two way,Tangent road with flat terrain,No junction,Asphalt roads,Dry,Daylight,Unknown,Vehicle with vehicle collision,3,3,Going straight,Driver or rider,Male,31-50,3,Driver,Normal,Not a Pedestrian,Driving under the influence of drugs,Slight Injury
12:53:00,Sunday,18-30,Male,Junior high school,Employee,5-10yr,Automobile,Owner,Unknown,7,Office areas,Undivided Two way,Tangent road with flat terrain,Y Shape,Asphalt roads,Dry,Daylight,Normal,Vehicle with vehicle collision,3,1,Going straight,Pedestrian,Female,18-30,3,Employee,Normal,Crossing from nearside - masked by parked or statioNot a Pedestrianry vehicle,Driving under the influence of drugs,Slight Injury
07:50:00,Friday,31-50,Male,High school,Employee,Below 1yr,Automobile,Owner,Unknown,7, Outside rural areas,other,Tangent road with flat terrain,Crossing,Asphalt roads,Dry,Daylight,Normal,Collision with pedestrians,2,1,Going straight,Unknown,Unknown,Unknown,0,Employee,Normal,Not a Pedestrian,No priority to pedestrian,Serious Injury
12:30:00,Tuesday,31-50,Male,Elementary school,Employee,5-10yr,Automobile,Owner,Unknown,0, Outside rural areas,Undivided Two way,Tangent road with mountainous terrain and,Y Shape,Asphalt roads,Dry,Daylight,Normal,Vehicle with vehicle collision,3,2,Other,Driver or rider,Male,31-50,3,Driver,Normal,Not a Pedestrian,No priority to vehicle,Slight Injury
20:45:00,Monday,31-50,Male,Junior high school,Employee,2-5yr,Lorry (41?100Q),Owner,Above 10yr,0,Office areas,Two-way (divided with broken lines road marking),Tangent road with flat terrain,Y Shape,Asphalt roads,Dry,Darkness - lights lit,Normal,Vehicle with vehicle collision,2,1,Going straight,Pedestrian,Female,Under 18,3,Driver,Normal,Not a Pedestrian,Other,Slight Injury
18:40:00,Friday,31-50,Male,Junior high school,Employee,5-10yr,Public (12 seats),Owner,Unknown,0,Office areas,Double carriageway (median),Tangent road with flat terrain,Y Shape,Asphalt roads,Dry,Darkness - no lighting,Normal,Vehicle with vehicle collision,2,1,Going straight,Pedestrian,Male,18-30,3,Driver,Normal,Unknown or other,Changing lane to the right,Slight Injury
20:30:00,Saturday,18-30,Male,Elementary school,Employee,2-5yr,Lorry (41?100Q),Owner,Unknown,0,Other,Undivided Two way,Tangent road with flat terrain,Y Shape,Earth roads,Dry,Daylight,Normal,Vehicle with vehicle collision,2,2,Going straight,Driver or rider,Male,31-50,3,Unknown,Other,Not a Pedestrian,Driving carelessly,Serious Injury
12:50:00,Wednesday,Over 51,Male,Elementary school,Employee,2-5yr,Long lorry,Owner,Above 10yr,0, Church areas,other,Tangent road with flat terrain,Crossing,Asphalt roads,Dry,Daylight,Normal,Vehicle with vehicle collision,2,3,Going straight,Unknown,Unknown,Unknown,0,Other,Normal,Not a Pedestrian,No priority to vehicle,Slight Injury
12:30:00,Thursday,Unknown,Female,Elementary school,Employee,2-5yr,Automobile,Owner,2-5yrs,0,School areas,Undivided Two way,Tangent road with mild grade and flat terrain,No junction,Asphalt roads,Dry,Daylight,Normal,Vehicle with vehicle collision,2,1,Going straight,Pedestrian,Male,Under 18,3,Driver,Normal,Not a Pedestrian,No priority to vehicle,Slight Injury
17:50:00,Saturday,18-30,Male,Elementary school,Employee,1-2yr,Automobile,Owner,Below 1yr,0,Office areas,Undivided Two way,Tangent road with flat terrain,Y Shape,Asphalt roads,Dry,Daylight,Normal,Collision with roadside objects,2,3,Going straight,Passenger,Male,Under 18,3,Unknown,Normal,Not a Pedestrian,No priority to pedestrian,Slight Injury
08:10:00,Friday,31-50,Male,Elementary school,Owner,Above 10yr,Lorry (41?100Q),Owner,Unknown,0,Other,Undivided Two way,Tangent road with flat terrain,Other,Asphalt roads,Dry,Daylight,Normal,Vehicle with vehicle collision,3,2,Going straight,Unknown,Unknown,Unknown,0,Unknown,Normal,Not a Pedestrian,Changing lane to the right,Slight Injury
03:20:00,Friday,Unknown,Female,Above high school,Employee,5-10yr,Lorry (41?100Q),Owner,2-5yrs,0,Office areas,Two-way (divided with broken lines road marking),Tangent road with mild grade and flat terrain,No junction,Asphalt roads,Dry,Darkness - no lighting,Normal,Vehicle with vehicle collision,1,2,Going straight,Pedestrian,Female,Under 18,3,Driver,Normal,Crossing from nearside - masked by parked or statioNot a Pedestrianry vehicle,Driving carelessly,Slight Injury
16:55:00,Thursday,31-50,Male,Junior high school,Employee,5-10yr,Stationwagen,Owner,Unknown,0,Other,Two-way (divided with broken lines road marking),Tangent road with flat terrain,Y Shape,Asphalt roads,Dry,Daylight,Normal,Vehicle with vehicle collision,2,1,Going straight,Driver or rider,Male,18-30,3,Driver,Normal,Not a Pedestrian,Changing lane to the left,Slight Injury
09:51:00,Thursday,Over 51,Male,Elementary school,Employee,5-10yr,Automobile,Owner,Unknown,0,  Recreational areas,other,Tangent road with flat terrain,Y Shape,Asphalt roads,Dry,Daylight,Normal,Rollover,2,2,Getting off,Driver or rider,Male,31-50,3,Driver,Normal,Not a Pedestrian,No priority to vehicle,Serious Injury
01:20:00,Monday,31-50,Male,High school,Employee,1-2yr,Automobile,Owner,Unknown,0,Office areas,other,Tangent road with mountainous terrain and,No junction,Asphalt roads,Wet or damp,Darkness - lights lit,Raining,Collision with roadside objects,2,1,Going straight,Driver or rider,Male,18-30,3,Unknown,Normal,Not a Pedestrian,Overturning,Slight Injury
12:30:00,Sunday,18-30,Male,Junior high school,Employee,2-5yr,Automobile,Owner,Unknown,0, Church areas,Two-way (divided with broken lines road marking),Tangent road with flat terrain,Y Shape,Asphalt roads,Wet or damp,Daylight,Other,Rollover,2,1,Going straight,Driver or rider,Female,18-30,3,Driver,Normal,Not a Pedestrian,Changing lane to the left,Slight Injury
19:50:00,Friday,Over 51,Male,Junior high school,Employee,5-10yr,Automobile,Owner,Above 10yr,0,School areas,Two-way (divided with broken lines road marking),Tangent road with flat terrain,Y Shape,Asphalt roads,Dry,Darkness - lights lit,Normal,Vehicle with vehicle collision,2,2,Getting off,Unknown,Unknown,Unknown,0,Self-employed,Normal,Not a Pedestrian,Moving Backward,Slight Injury
13:10:00,Friday,18-30,Male,Junior high school,Employee,No Licence,Other,Owner,Unknown,0,Office areas,Two-way (divided with broken lines road marking),Tangent road with flat terrain,No junction,Asphalt roads,Wet or damp,Daylight,Normal,Collision with roadside objects,2,2,Going straight,Unknown,Unknown,Unknown,0,Unknown,Other,Not a Pedestrian,No distancing,Slight Injury
10:30:00,Friday,18-30,Male,Junior high school,Employee,1-2yr,Other,Owner,Unknown,0,Other,other,Tangent road with flat terrain,O Shape,Asphalt roads,Wet or damp,Daylight,Other,Vehicle with vehicle collision,3,1,Going straight,Unknown,Unknown,Unknown,0,Driver,Normal,Not a Pedestrian,Driving carelessly,Slight Injury
08:03:00,Friday,31-50,Male,Writing & reading,Employee,Below 1yr,Motorcycle,Owner,Unknown,0,Other,Two-way (divided with broken lines road marking),Tangent road with flat terrain,Y Shape,Asphalt roads,Dry,Daylight,Normal,Rollover,2,1,Other,Unknown,Unknown,Unknown,0,Driver,Normal,Not a Pedestrian,Changing lane to the right,Slight Injury
19:55:00,Sunday,31-50,Male,High school,Employee,Above 10yr,Automobile,Governmental,Unknown,0,Office areas,Two-way (divided with broken lines road marking),Tangent road with flat terrain,No junction,Asphalt roads,Dry,Darkness - no lighting,Snow,Collision with pedestrians,2,2,Going straight,Pedestrian,Male,Under 18,3,Self-employed,Normal,Crossing from offside - masked by  parked or statioNot a Pedestrianry vehicle,Changing lane to the left,Slight Injury
08:30:00,Sunday,Under 18,Male,Elementary school,Owner,Above 10yr,Automobile,Owner,Unknown,0,Office areas,Two-way (divided with broken lines road marking),Tangent road with flat terrain,No junction,Asphalt roads,Dry,Darkness - no lighting,Normal,Vehicle with vehicle collision,1,1,Going straight,Unknown,Unknown,Unknown,0,Driver,Normal,Not a Pedestrian,Getting off the vehicle improperly,Serious Injury
16:50:00,Wednesday,31-50,Male,Junior high school,Employee,1-2yr,Public (13?45 seats),Owner,Unknown,0,Other,Undivided Two way,Tangent road with flat terrain,No junction,Asphalt roads,Dry,Daylight,Normal,Collision with pedestrians,2,2,Going straight,Pedestrian,Male,18-30,3,Self-employed,Normal,Unknown or other,Moving Backward,Slight Injury
18:55:00,Thursday,31-50,Male,Junior high school,Employee,5-10yr,Public (12 seats),Owner,Unknown,0,Other,Two-way (divided with broken lines road marking),Tangent road with flat terrain,Y Shape,Asphalt roads,Dry,Daylight,Normal,Vehicle with vehicle collision,2,1,Going straight,Passenger,Male,Under 18,3,Unknown,Other,Not a Pedestrian,Changing lane to the right,Slight Injury
07:21:00,Thursday,18-30,Male,Elementary school,Employee,5-10yr,Lorry (41?100Q),Owner,5-10yrs,0,Other,other,Tangent road with flat terrain,Crossing,Asphalt roads,Dry,Daylight,Normal,Rollover,1,1,Getting off,Unknown,Unknown,Unknown,0,Driver,Normal,Not a Pedestrian,Other,Slight Injury
13:23:00,Monday,18-30,Male,Elementary school,Employee,Above 10yr,Automobile,Owner,2-5yrs,0,Other,Two-way (divided with broken lines road marking),Tangent road with mild grade and flat terrain,Y Shape,Asphalt roads,Dry,Daylight,Normal,Vehicle with vehicle collision,2,1,Going straight,Driver or rider,Male,31-50,2,Driver,Normal,Not a Pedestrian,Moving Backward,Slight Injury
20:40:00,Monday,18-30,Male,Junior high school,Owner,2-5yr,Automobile,Owner,2-5yrs,0,Residential areas,other,Tangent road with flat terrain,No junction,Asphalt roads,Wet or damp,Darkness - lights lit,Raining,Collision with roadside objects,2,1,Going straight,Driver or rider,Male,18-30,3,Unknown,Other,Not a Pedestrian,Getting off the vehicle improperly,Serious Injury
16:55:00,Thursday,Unknown,Male,Junior high school,Employee,2-5yr,Automobile,Owner,Unknown,0,Residential areas,Two-way (divided with broken lines road marking),Tangent road with flat terrain,Y Shape,Asphalt roads,Dry,Daylight,Normal,Vehicle with vehicle collision,2,1,Going straight,Pedestrian,Male,18-30,3,Unknown,Other,Crossing from nearside - masked by parked or statioNot a Pedestrianry vehicle,No distancing,Slight Injury
07:25:00,Wednesday,31-50,Male,Junior high school,Employee,5-10yr,Automobile,Owner,Above 10yr,0, Church areas,Undivided Two way,Sharp reverse curve,Y Shape,Asphalt roads,Dry,Daylight,Normal,Vehicle with vehicle collision,2,1,Overtaking,Driver or rider,Female,Over 51,3,Driver,Normal,Not a Pedestrian,Driving to the left,Slight Injury
09:53:00,Tuesday,Under 18,Male,Junior high school,Employee,5-10yr,Lorry (41?100Q),Owner,Below 1yr,0,Other,Undivided Two way,Tangent road with flat terrain,Crossing,Asphalt roads,Dry,Daylight,Normal,Vehicle with vehicle collision,3,1,Going straight,Driver or rider,Female,18-30,3,Driver,Normal,Not a Pedestrian,No distancing,Slight Injury
13:22:00,Monday,Over 51,Male,Elementary school,Owner,5-10yr,Automobile,Owner,Unknown,0, Church areas,Undivided Two way,Tangent road with flat terrain,Y Shape,Asphalt roads,Dry,Daylight,Normal,Vehicle with vehicle collision,2,1,Going straight,Unknown,Unknown,Unknown,0,Employee,Normal,Not a Pedestrian,No distancing,Slight Injury
20:10:00,Saturday,18-30,Male,Junior high school,Employee,2-5yr,Pick up upto 10Q,Owner,2-5yrs,0,Office areas,Double carriageway (median),Tangent road with flat terrain,No junction,Asphalt roads,Dry,Daylight,Normal,Vehicle with vehicle collision,3,5,Going straight,Pedestrian,Male,18-30,3,Unknown,Other,Not a Pedestrian,Other,Serious Injury
19:04:00,Thursday,18-30,Unknown,Junior high school,Employee,2-5yr,Pick up upto 10Q,Owner,Unknown,0,Residential areas,Undivided Two way,Tangent road with flat terrain,No junction,Asphalt roads,Dry,Daylight,Normal,Vehicle with vehicle collision,1,1,Entering a junction,Passenger,Female,Over 51,3,Self-employed,Normal,Not a Pedestrian,Changing lane to the left,Slight Injury
09:26:00,Wednesday,Unknown,Male,Junior high school,Employee,2-5yr,Public (> 45 seats),Owner,Unknown,0,Other,other,Tangent road with flat terrain,Y Shape,Asphalt roads,Wet or damp,Daylight,Raining,Vehicle with vehicle collision,2,1,Going straight,Unknown,Unknown,Unknown,0,Driver,Normal,Not a Pedestrian,Changing lane to the left,Slight Injury
19:10:00,Thursday,31-50,Male,Elementary school,Employee,1-2yr,Lorry (11?40Q),Owner,Unknown,0,Office areas,One way,Tangent road with flat terrain,Y Shape,Asphalt roads,Dry,Daylight,Normal,Vehicle with vehicle collision,2,1,Going straight,Pedestrian,Female,Under 18,3,Employee,Normal,Crossing from nearside - masked by parked or statioNot a Pedestrianry vehicle,Changing lane to the right,Slight Injury
06:09:00,Wednesday,31-50,Male,Elementary school,Employee,Below 1yr,Stationwagen,Owner,Above 10yr,0,Other,Two-way (divided with broken lines road marking),Tangent road with flat terrain,No junction,Asphalt roads,Dry,Daylight,Normal,Vehicle with vehicle collision,2,1,Going straight,Driver or rider,Male,18-30,3,Self-employed,Normal,Not a Pedestrian,Overtaking,Serious Injury
14:00:00,Friday,31-50,Male,Junior high school,Owner,1-2yr,Automobile,Owner,1-2yr,0,Office areas,Undivided Two way,Tangent road with flat terrain,Y Shape,Asphalt roads,Wet or damp,Daylight,Normal,Vehicle with vehicle collision,2,1,Going straight,Passenger,Male,Over 51,3,Driver,Normal,Not a Pedestrian,No priority to vehicle,Slight Injury
20:03:00,Saturday,31-50,Male,Junior high school,Employee,5-10yr,Taxi,Owner,Unknown,0,Office areas,other,Tangent road with flat terrain,No junction,Earth roads,Dry,Daylight,Normal,Vehicle with vehicle collision,2,3,Going straight,Pedestrian,Male,31-50,3,Self-employed,Normal,Not a Pedestrian,Changing lane to the right,Fatal injury
14:26:00,Wednesday,Over 51,Male,Junior high school,Employee,1-2yr,Public (12 seats),Owner,Unknown,0,  Recreational areas,Undivided Two way,Steep grade downward with mountainous terrain,Crossing,Gravel roads,Dry,Daylight,Normal,Vehicle with vehicle collision,2,1,Going straight,Unknown,Unknown,Unknown,0,Driver,Normal,Not a Pedestrian,Driving under the influence of drugs,Serious Injury
07:44:00,Friday,18-30,Male,Elementary school,Employee,Above 10yr,Lorry (41?100Q),Owner,Unknown,0,Office areas,Two-way (divided with broken lines road marking),Tangent road with flat terrain,Y Shape,Gravel roads,Dry,Darkness - lights lit,Normal,Vehicle with vehicle collision,2,1,Reversing,Pedestrian,Male,Over 51,3,Driver,Normal,Unknown or other,Changing lane to the right,Slight Injury
07:40:00,Monday,18-30,Unknown,Junior high school,Employee,Below 1yr,Lorry (11?40Q),Owner,5-10yrs,0,Residential areas,Undivided Two way,Tangent road with flat terrain,Y Shape,Asphalt roads,Dry,Daylight,Normal,Vehicle with vehicle collision,2,1,Going straight,Driver or rider,Female,31-50,3,Driver,Normal,Not a Pedestrian,Changing lane to the right,Serious Injury
08:40:00,Friday,Over 51,Male,Junior high school,Employee,5-10yr,Lorry (41?100Q),Owner,5-10yrs,0,Residential areas,Undivided Two way,Tangent road with flat terrain,No junction,Asphalt roads,Dry,Daylight,Normal,Vehicle with vehicle collision,1,1,Going straight,Driver or rider,Male,Under 18,3,Unknown,Other,Not a Pedestrian,No distancing,Slight Injury
05:10:00,Monday,31-50,Male,Junior high school,Employee,1-2yr,Pick up upto 10Q,Governmental,Unknown,0,Residential areas,Double carriageway (median),Tangent road with flat terrain,Crossing,Asphalt roads,Dry,Darkness - lights lit,Normal,Vehicle with vehicle collision,1,1,Going straight,Unknown,Unknown,Unknown,0,Driver,Normal,Not a Pedestrian,Driving under the influence of drugs,Slight Injury
11:10:00,Sunday,18-30,Male,Junior high school,Employee,5-10yr,Automobile,Owner,Above 10yr,0,Other,Undivided Two way,Tangent road with flat terrain,No junction,Asphalt roads,Wet or damp,Daylight,Raining,Vehicle with vehicle collision,3,2,Waiting to go,Driver or rider,Female,18-30,3,Driver,Normal,Not a Pedestrian,No distancing,Slight Injury
09:40:00,Friday,31-50,Male,Junior high school,Employee,5-10yr,Lorry (41?100Q),Owner,2-5yrs,0,Residential areas,One way,Tangent road with flat terrain,Crossing,Asphalt roads,Dry,Daylight,Normal,Collision with roadside objects,2,1,Going straight,Unknown,Unknown,Unknown,0,Self-employed,Normal,Not a Pedestrian,Moving Backward,Slight Injury
19:15:00,Saturday,18-30,Male,Junior high school,Employee,Above 10yr,Long lorry,Owner,5-10yrs,0,Other,Two-way (divided with broken lines road marking),Tangent road with flat terrain,Y Shape,Asphalt roads with some distress,Wet or damp,Darkness - lights lit,Normal,Vehicle with vehicle collision,2,2,Going straight,Pedestrian,Male,Under 18,3,Driver,Normal,Crossing from driver's nearside,No distancing,Serious Injury
20:21:00,Thursday,18-30,Male,Junior high school,Employee,Above 10yr,Other,Governmental,Unknown,0, Industrial areas,Undivided Two way,Tangent road with flat terrain,Y Shape,Earth roads,Dry,Daylight,Normal,Vehicle with vehicle collision,2,1,Going straight,Pedestrian,Female,Over 51,3,Unknown,Normal,Crossing from offside - masked by  parked or statioNot a Pedestrianry vehicle,Moving Backward,Slight Injury
12:30:00,Friday,Unknown,Male,Junior high school,Employee,2-5yr,Automobile,Owner,Above 10yr,0,Other,Two-way (divided with broken lines road marking),Tangent road with flat terrain,Y Shape,Asphalt roads,Dry,Daylight,Normal,Collision with pedestrians,3,1,Turnover,Driver or rider,Female,18-30,3,Unknown,Normal,Not a Pedestrian,Moving Backward,Slight Injury
17:34:00,Monday,18-30,Male,Junior high school,Employee,Above 10yr,Stationwagen,Governmental,Unknown,0,Office areas,Undivided Two way,Tangent road with flat terrain,Y Shape,Earth roads,Dry,Daylight,Normal,Vehicle with vehicle collision,2,1,Going straight,Driver or rider,Male,31-50,3,Unknown,Other,Not a Pedestrian,Changing lane to the left,Slight Injury
17:15:00,Tuesday,31-50,Male,Junior high school,Owner,5-10yr,Long lorry,Owner,Unknown,0,Office areas,Two-way (divided with broken lines road marking),Tangent road with flat terrain,Y Shape,Asphalt roads,Dry,Daylight,Normal,Collision with roadside objects,2,1,Going straight,Unknown,Unknown,Unknown,0,Unknown,Other,Not a Pedestrian,Changing lane to the right,Slight Injury
14:38:00,Tuesday,Unknown,Female,Junior high school,Employee,2-5yr,Lorry (41?100Q),Owner,2-5yrs,0, Church areas,Undivided Two way,Tangent road with flat terrain,No junction,Asphalt roads,Dry,Daylight,Normal,Vehicle with vehicle collision,4,1,Going straight,Unknown,Unknown,Unknown,0,Self-employed,Normal,Not a Pedestrian,Changing lane to the right,Slight Injury