time,day_of_week,age_band_of_driver,sex_of_driver,educational_level,vehicle_driver_relation,driving_experience,type_of_vehicle,owner_of_vehicle,service_year_of_vehicle,defect_of_vehicle,area_accident_occured,lanes_or_medians,road_allignment,types_of_junction,road_surface_type,road_surface_conditions,light_conditions,weather_conditions,type_of_collision,number_of_vehicles_involved,number_of_casualties,vehicle_movement,casualty_class,sex_of_casualty,age_band_of_casualty,casualty_severity,work_of_casualty,fitness_of_casualty,pedestrian_movement,cause_of_accident,accident_severity
17:25:00,Wednesday,31-50,Male,Above high school,Employee,1-2yr,Public (13?45 seats),Owner,Unknown,0,Office areas,Two-way (divided with broken lines road marking),Tangent road with flat terrain,No junction,Asphalt roads,Dry,Daylight,Normal,Vehicle with vehicle collision,2,1,Going straight,Unknown,Unknown,Unknown,0,Driver,Normal,Not a Pedestrian,Getting off the vehicle improperly,Slight Injury
17:19:00,Thursday,18-30,Male,High school,Owner,5-10yr,Lorry (41?100Q),Owner,Unknown,0,Other,Undivided Two way,Tangent road with flat terrain,No junction,Asphalt roads,Dry,Daylight,Normal,Vehicle with vehicle collision,3,4,Going straight,Passenger,Female,Over 51,3,Driver,Normal,Not a Pedestrian,No distancing,Slight Injury
18:30:00,Wednesday,18-30,Male,Junior high school,Employee,1-2yr,Public (> 45 seats),Owner,Above 10yr,0,Residential areas,Two-way (divided with broken lines road marking),Tangent road with flat terrain,Crossing,Asphalt roads,Dry,Daylight,Normal,Collision with roadside objects,1,1,Going straight,Driver or rider,Male,Under 18,3,Other,Normal,Not a Pedestrian,Overloading,Slight Injury
08:40:00,Wednesday,18-30,Male,Junior high school,Employee,Below 1yr,Long lorry,Owner,Below 1yr,0,Other,Two-way (divided with broken lines road marking),Tangent road with flat terrain,No junction,Gravel roads,Wet or damp,Darkness - no lighting,Normal,Collision with roadside objects,2,2,Going straight,Unknown,Unknown,Unknown,0,Driver,Normal,Not a Pedestrian,No priority to vehicle,Serious Injury
06:58:00,Friday,Over 51,Male,Junior high school,Employee,2-5yr,Public (13?45 seats),Owner,1-2yr,0, Outside rural areas,Undivided Two way,Tangent road with flat terrain,Other,Asphalt roads,Dry,Daylight,Normal,Vehicle with vehicle collision,2,1,Going straight,Driver or rider,Male,18-30,3,Unknown,Other,Not a Pedestrian,No priority to pedestrian,Slight Injury
11:50:00,Tuesday,18-30,Male,Junior high school,Employee,Above 10yr,Automobile,Owner,Above 10yr,0,Residential areas,Undivided Two way,Tangent road with flat terrain,Y Shape,Asphalt roads,Dry,Daylight,Normal,Vehicle with vehicle collision,2,1,Going straight,Passenger,Female,Under 18,3,Unknown,Other,Not a Pedestrian,No distancing,Slight Injury
18:30:00,Sunday,Unknown,Female,Elementary school,Owner,2-5yr,Lorry (41?100Q),Owner,5-10yrs,0,School areas,other,Tangent road with flat terrain,Y Shape,Asphalt roads,Wet or damp,Daylight,Raining,Collision with pedestrians,2,1,Entering a junction,Unknown,Unknown,Unknown,0,Self-employed,Normal,Not a Pedestrian,Changing lane to the left,Slight Injury
13:15:00,Sunday,31-50,Male,Above high school,Owner,1-2yr,Pick up upto 10Q,Owner,Above 10yr,0,Residential areas,other,Tangent road with flat terrain,Crossing,Asphalt roads,Dry,Daylight,Normal,Collision with roadside objects,2,1,Getting off,Driver or rider,Female,18-30,3,Driver,Normal,Not a Pedestrian,Changing lane to the right,Slight Injury
22:30:00,Thursday,18-30,Male,Junior high school,Owner,Above 10yr,Public (12 seats),Owner,5-10yrs,0,Other,Undivided Two way,Tangent road with flat terrain,Crossing,Asphalt roads,Dry,Darkness - lights lit,Normal,Vehicle with vehicle collision,2,1,Other,Driver or rider,Female,31-50,3,Other,Normal,Not a Pedestrian,Driving carelessly,Slight Injury
10:47:00,Thursday,31-50,Male,Junior high school,Employee,2-5yr,Automobile,Owner,Unknown,0,Office areas,Double carriageway (median),Tangent road with flat terrain,Y Shape,Asphalt roads,Dry,Daylight,Normal,Collision with pedestrians,3,1,Stopping,Unknown,Unknown,Unknown,0,Unknown,Normal,Not a Pedestrian,Changing lane to the left,Slight Injury
08:50:00,Monday,18-30,Male,Junior high school,Employee,2-5yr,Lorry (41?100Q),Owner,Unknown,0,School areas,Two-way (divided with broken lines road marking),Tangent road with flat terrain,No junction,Asphalt roads,Wet or damp,Daylight,Normal,Vehicle with vehicle collision,2,1,Going straight,Driver or rider,Male,31-50,3,Unknown,Other,Not a Pedestrian,No priority to pedestrian,Slight Injury
18:30:00,Monday,18-30,Male,Junior high school,Employee,No Licence,Automobile,Owner,Unknown,0,Office areas,other,Tangent road with mountainous terrain and,Y Shape,Asphalt roads,Wet or damp,Darkness - lights lit,Raining,Vehicle with vehicle collision,2,1,Going straight,Driver or rider,Male,31-50,3,Driver,Normal,Not a Pedestrian,Moving Backward,Slight Injury
20:41:00,Thursday,31-50,Male,Junior high school,Employee,5-10yr,Lorry (41?100Q),Owner,Unknown,0,Office areas,Two-way (divided with broken lines road marking),Tangent road with flat terrain,Crossing,Asphalt roads,Dry,Daylight,Normal,Vehicle with vehicle collision,4,2,Going straight,Unknown,Unknown,Unknown,0,Unknown,Other,Not a Pedestrian,Changing lane to the left,Slight Injury
14:35:00,Friday,18-30,Male,Junior high school,Employee,5-10yr,Automobile,Owner,2-5yrs,0,Office areas,Undivided Two way,Tangent road with flat terrain,No junction,Asphalt roads,Dry,Daylight,Normal,Vehicle with vehicle collision,1,1,Going straight,Driver or rider,Male,18-30,3,Unknown,Normal,Not a Pedestrian,Driving carelessly,Slight Injury
18:39:00,Wednesday,Under 18,Male,Junior high school,Employee,5-10yr,Lorry (41?100Q),Owner,5-10yrs,0,Other,One way,Tangent road with flat terrain,Y Shape,Asphalt roads,Dry,Daylight,Normal,Vehicle with vehicle collision,2,1,Going straight,Unknown,Unknown,Unknown,0,Self-employed,Normal,Not a Pedestrian,Driving carelessly,Slight Injury
07:25:00,Wednesday,31-50,Male,Junior high school,Employee,5-10yr,Stationwagen,Organization,2-5yrs,0,Residential areas,Undivided Two way,Tangent road with flat terrain,Y Shape,Earth roads,Dry,Daylight,Normal,Vehicle with vehicle collision,3,3,Going straight,Driver or rider,Male,18-30,3,Driver,Normal,Not a Pedestrian,Driving carelessly,Slight Injury
13:00:00,Thursday,18-30,Male,Junior high school,Employee,1-2yr,Public (> 45 seats),Owner,Unknown,0,Residential areas,Two-way (divided with broken lines road marking),Tangent road with flat terrain,No junction,Earth roads,Dry,Daylight,Normal,Vehicle with vehicle collision,2,1,Reversing,Driver or rider,Male,31-50,2,Unknown,Other,Not a Pedestrian,No priority to vehicle,Slight Injury
13:43:00,Monday,31-50,Male,Writing & reading,Employee,2-5yr,Other,Owner,5-10yrs,0,Office areas,Two-way (divided with broken lines road marking),Tangent road with mild grade and flat terrain,Crossing,Asphalt roads,Dry,Daylight,Normal,Vehicle with vehicle collision,2,1,Turnover,Driver or rider,Male,31-50,2,Driver,Normal,Not a Pedestrian,Changing lane to the left,Slight Injury
09:25:00,Friday,31-50,Male,Junior high school,Employee,5-10yr,Lorry (41?100Q),Owner,Unknown,0,Residential areas,Undivided Two way,Tangent road with flat terrain,No junction,Asphalt roads,Wet or damp,Daylight,Normal,Vehicle with vehicle collision,1,1,Going straight,Driver or rider,Male,31-50,2,Driver,Normal,Not a Pedestrian,Moving Backward,Serious Injury
16:25:00,Wednesday,18-30,Male,Junior high school,Employee,5-10yr,Lorry (41?100Q),Owner,Unknown,0,Other,Two-way (divided with broken lines road marking),Tangent road with flat terrain,Y Shape,Asphalt roads,Dry,Daylight,Normal,Collision with roadside objects,2,1,Going straight,Driver or rider,Female,18-30,3,Driver,Deaf,Not a Pedestrian,Driving to the left,Serious Injury
19:50:00,Monday,18-30,Male,Junior high school,Employee,Below 1yr,Public (13?45 seats),Owner,Unknown,0, Industrial areas,Undivided Two way,Tangent road with flat terrain,No junction,Asphalt roads,Dry,Darkness - lights lit,Normal,Collision with animals,1,1,Going straight,Driver or rider,Male,31-50,2,Self-employed,Normal,Not a Pedestrian,Driving at high speed,Slight Injury
07:35:00,Thursday,18-30,Male,Junior high school,Employee,Above 10yr,Automobile,Owner,5-10yrs,0,Other,Undivided Two way,Tangent road with flat terrain,Y Shape,Asphalt roads,Dry,Daylight,Normal,Vehicle with vehicle collision,3,2,Going straight,Driver or rider,Male,Over 51,3,Unknown,Other,Not a Pedestrian,Driving carelessly,Slight Injury
14:30:00,Wednesday,31-50,Male,Junior high school,Employee,No Licence,Lorry (41?100Q),Owner,Unknown,0,Residential areas,Double carriageway (median),Tangent road with flat terrain,Crossing,Asphalt roads,Dry,Daylight,Normal,Vehicle with vehicle collision,2,1,Going straight,Driver or rider,Male,18-30,3,Unknown,Other,Not a Pedestrian,Driving carelessly,Slight Injury
18:00:00,Sunday,Under 18,Male,High school,Employee,2-5yr,Automobile,Owner,Unknown,0,Other,Two-way (divided with broken lines road marking),Tangent road with flat terrain,Y Shape,Asphalt roads,Dry,Daylight,Normal,Vehicle with vehicle collision,2,1,Other,Driver or rider,Male,18-30,3,Driver,Normal,Not a Pedestrian,No distancing,Slight Injury
02:30:00,Sunday,Unknown,Female,Junior high school,Employee,5-10yr,Automobile,Owner,Above 10yr,0, Industrial areas,Two-way (divided with broken lines road marking),Tangent road with flat terrain,Y Shape,Earth roads,Dry,Darkness - lights lit,Normal,Vehicle with vehicle collision,1,1,Moving Backward,Unknown,Unknown,Unknown,0,Self-employed,Normal,Not a Pedestrian,Other,Slight Injury
20:55:00,Friday,Over 51,Male,Junior high school,Employee,1-2yr,Automobile,Owner,Unknown,0,Other,Two-way (divided with broken lines road marking),Tangent road with flat terrain,Crossing,Asphalt roads,Dry,Darkness - lights lit,Normal,Collision with pedestrians,3,5,Turnover,Driver or rider,Female,18-30,3,Driver,Normal,Not a Pedestrian,Moving Backward,Serious Injury
13:00:00,Saturday,Over 51,Male,Unknown,Other,5-10yr,Lorry (41?100Q),Owner,Unknown,0,Residential areas,Two-way (divided with broken lines road marking),Tangent road with flat terrain,Y Shape,Asphalt roads,Wet or damp,Daylight,Normal,Vehicle with vehicle collision,3,3,Going straight,Driver or rider,Female,18-30,3,Unknown,Other,Not a Pedestrian,Moving Backward,Slight Injury
06:42:00,Saturday,18-30,Male,Junior high school,Employee,Above 10yr,Lorry (41?100Q),Owner,2-5yrs,0,Other,Undivided Two way,Tangent road with mountainous terrain and,Y Shape,Asphalt roads,Wet or damp,Darkness - lights lit,Normal,Vehicle with vehicle collision,2,1,Going straight,Driver or rider,Male,31-50,3,Unknown,Other,Not a Pedestrian,Driving carelessly,Slight Injury
07:40:00,Friday,31-50,Male,Junior high school,Owner,Below 1yr,Automobile,Owner,Unknown,0,Other,Undivided Two way,Tangent road with flat terrain,Other,Earth roads,Dry,Daylight,Normal,Collision with roadside objects,2,1,Going straight,Pedestrian,Male,18-30,3,Driver,Normal,Crossing from nearside - masked by parked or statioNot a Pedestrianry vehicle,Changing lane to the right,Slight Injury
20:30:00,Friday,18-30,Male,Junior high school,Employee,1-2yr,Other,Owner,Above 10yr,0,Other,Undivided Two way,Tangent road with flat terrain,Crossing,Asphalt roads,Dry,Darkness - lights lit,Normal,Vehicle with vehicle collision,2,2,Going straight,Unknown,Unknown,Unknown,0,Unknown,Other,Not a Pedestrian,No priority to vehicle,Slight Injury
01:08:00,Sunday,Under 18,Male,Junior high school,Employee,2-5yr,Lorry (41?100Q),Owner,Unknown,0,Residential areas,Two-way (divided with broken lines road marking),Tangent road with flat terrain,No junction,Asphalt roads,Wet or damp,Darkness - lights lit,Normal,Vehicle with vehicle collision,1,1,Going straight,Unknown,Unknown,Unknown,0,Employee,Normal,Not a Pedestrian,No priority to vehicle,Slight Injury
13:55:00,Sunday,31-50,Male,Junior high school,Employee,Above 10yr,Lorry (11?40Q),Owner,Unknown,0,Office areas,Two-way (divided with broken lines road marking),Tangent road with flat terrain,No junction,Asphalt roads,Dry,Daylight,Normal,Collision with pedestrians,2,1,Moving Backward,Pedestrian,Female,Under 18,2,Driver,Normal,Not a Pedestrian,No distancing,Slight Injury
19:55:00,Sunday,31-50,Male,Elementary school,Employee,1-2yr,Lorry (41?100Q),Owner,Unknown,0,Other,Two-way (divided with broken lines road marking),Tangent road with flat terrain,Y Shape,Asphalt roads,Wet or damp,Daylight,Raining,Vehicle with vehicle collision,2,2,Going straight,Driver or rider,Female,Over 51,3,Driver,Normal,Not a Pedestrian,No priority to vehicle,Slight Injury
20:30:00,Wednesday,31-50,Male,Junior high school,Employee,Below 1yr,Stationwagen,Owner,Unknown,0,Other,Two-way (divided with broken lines road marking),Tangent road with flat terrain,Y Shape,Asphalt roads,Dry,Darkness - lights lit,Normal,Vehicle with vehicle collision,2,1,Going straight,Pedestrian,Male,Over 51,3,Driver,Normal,Not a Pedestrian,Driving carelessly,Slight Injury
13:21:00,Saturday,31-50,Male,Junior high school,Employee,2-5yr,Long lorry,Owner,2-5yrs,0,Office areas,Double carriageway (median),Tangent road with flat terrain,Other,Asphalt roads,Wet or damp,Daylight,Raining,Vehicle with vehicle collision,2,1,Going straight,Pedestrian,Female,31-50,3,Other,Normal,Unknown or other,Drunk driving,Slight Injury
17:21:00,Thursday,31-50,Male,Junior high school,Employee,Above 10yr,Other,Owner,2-5yrs,0,Office areas,Undivided Two way,Tangent road with flat terrain,Y Shape,Earth roads,Dry,Daylight,Normal,Vehicle with vehicle collision,3,1,Going straight,Unknown,Unknown,Unknown,0,Other,Normal,Not a Pedestrian,Getting off the vehicle improperly,Slight Injury
13:07:00,Monday,18-30,Male,Junior high school,Employee,5-10yr,Motorcycle,Owner,Unknown,0,Residential areas,Undivided Two way,Tangent road with flat terrain,Crossing,Asphalt roads,Dry,Daylight,Normal,Vehicle with vehicle collision,2,3,Going straight,Driver or rider,Male,31-50,3,Self-employed,Normal,Not a Pedestrian,No distancing,Slight Injury
14:23:00,Friday,18-30,Male,Junior high school,Employee,Below 1yr,Lorry (41?100Q),Owner,1-2yr,0,Office areas,Double carriageway (median),Tangent road with flat terrain,Y Shape,Asphalt roads,Dry,Daylight,Normal,Collision with roadside objects,2,2,Going straight,Driver or rider,Male,18-30,3,Unknown,Other,Not a Pedestrian,Driving carelessly,Slight Injury
17:25:00,Friday,31-50,Male,Elementary school,Employee,1-2yr,Automobile,Owner,Unknown,0,Other,Undivided Two way,Tangent road with flat terrain,Y Shape,Asphalt roads,Dry,Daylight,Normal,Vehicle with vehicle collision,1,1,Turnover,Unknown,Unknown,Unknown,0,Driver,Normal,Not a Pedestrian,Getting off the vehicle improperly,Slight Injury
05:56:00,Saturday,18-30,Male,High school,Owner,5-10yr,Lorry (41?100Q),Owner,1-2yr,0, Industrial areas,Double carriageway (median),Tangent road with flat terrain,Crossing,Asphalt roads,Wet or damp,Darkness - lights lit,Normal,Vehicle with vehicle collision,2,1,Moving Backward,Unknown,Unknown,Unknown,0,Driver,Normal,Not a Pedestrian,No priority to vehicle,Slight Injury
13:05:00,Monday,Over 51,Male,Junior high school,Employee,Above 10yr,Lorry (41?100Q),Owner,Unknown,0,Office areas,Undivided Two way,Tangent road with flat terrain,No junction,Asphalt roads,Wet or damp,Daylight,Normal,Collision with roadside objects,2,1,Going straight,Driver or rider,Male,18-30,3,Driver,Normal,Not a Pedestrian,No priority to pedestrian,Serious Injury
17:40:00,Sunday,31-50,Male,Junior high school,Employee,2-5yr,Lorry (41?100Q),Owner,Unknown,0,Other,Two-way (divided with broken lines road marking),Tangent road with flat terrain,No junction,Asphalt roads,Dry,Daylight,Normal,Vehicle with vehicle collision,2,1,Getting off,Unknown,Unknown,Unknown,0,Unknown,Normal,Not a Pedestrian,Other,Slight Injury
16:59:00,Thursday,18-30,Male,Junior high school,Employee,5-10yr,Automobile,Owner,Unknown,0,Office areas,other,Tangent road with flat terrain,No junction,Asphalt roads,Dry,Daylight,Normal,Collision with roadside objects,3,1,Turnover,Driver or rider,Male,18-30,3,Driver,Normal,Not a Pedestrian,No priority to pedestrian,Slight Injury
18:39:00,Friday,18-30,Male,Junior high school,Employee,5-10yr,Other,Owner,Unknown,0,  Recreational areas,Two-way (divided with broken lines road marking),Tangent road with flat terrain,No junction,Asphalt roads,Wet or damp,Darkness - lights lit,Raining,Vehicle with vehicle collision,2,1,Other,Driver or rider,Male,18-30,3,Driver,Normal,Not a Pedestrian,Changing lane to the right,Slight Injury
13:25:00,Monday,31-50,Male,Junior high school,Employee,2-5yr,Lorry (11?40Q),Governmental,Unknown,0,Other,Double carriageway (median),Tangent road with flat terrain,Crossing,Asphalt roads,Dry,Daylight,Normal,Vehicle with vehicle collision,4,1,Moving Backward,Driver or rider,Male,31-50,3,Unknown,Normal,Not a Pedestrian,No distancing,Slight Injury
20:00:00,Friday,31-50,Male,Elementary school,Employee,5-10yr,Taxi,Owner,Unknown,0,Office areas,other,Tangent road with flat terrain,No junction,Asphalt roads,Dry,Daylight,Normal,Vehicle with vehicle collision,1,1,Going straight,Unknown,Unknown,Unknown,0,Driver,Normal,Not a Pedestrian,No distancing,Slight Injury
08:20:00,Wednesday,31-50,Male,Junior high school,Owner,2-5yr,Automobile,Organization,2-5yrs,0, Industrial areas,Two-way (divided with broken lines road marking),Tangent road with flat terrain,Y Shape,Asphalt roads,Dry,Daylight,Normal,Vehicle with vehicle collision,2,1,Other,Unknown,Unknown,Unknown,0,Unknown,Other,Not a Pedestrian,Driving carelessly,Slight Injury
15:33:00,Tuesday,31-50,Male,Junior high school,Owner,5-10yr,Automobile,Owner,2-5yrs,0,Other,Two-way (divided with broken lines road marking),Tangent road with flat terrain,Y Shape,Other,Dry,Darkness - lights lit,Normal,Vehicle with vehicle collision,3,3,Other,Passenger,Male,18-30,3,Driver,Normal,Not a Pedestrian,Overtaking,Slight Injury
18:45:00,Tuesday,18-30,Male,Junior high school,Employee,2-5yr,Automobile,Owner,2-5yrs,0,Other,Two-way (divided with broken lines road marking),Escarpments,O Shape,Asphalt roads,Wet or damp,Darkness - lights lit,Raining,Vehicle with vehicle collision,2,1,Going straight,Driver or rider,Male,31-50,3,Driver,Normal,Not a Pedestrian,Changing lane to the right,Serious Injury
16:30:00,Tuesday,18-30,Male,Junior high school,Employee,Above 10yr,Lorry (41?100Q),Owner,Unknown,0,Office areas,Two-way (divided with broken lines road marking),Tangent road with flat terrain,No junction,Asphalt roads,Wet or damp,Daylight,Raining,Vehicle with vehicle collision,2,1,Going straight,Driver or rider,Male,Over 51,3,Unknown,Other,Not a Pedestrian,Changing lane to the right,Slight Injury
14:45:00,Saturday,Unknown,Male,Elementary school,Employee,5-10yr,Lorry (41?100Q),Owner,Unknown,0,Office areas,Two-way (divided with broken lines road marking),Tangent road with flat terrain,No junction,Asphalt roads,Dry,Daylight,Normal,Vehicle with vehicle collision,2,1,Going straight,Pedestrian,Female,31-50,3,Unknown,Normal,Crossing from driver's nearside,No priority to pedestrian,Slight Injury
01:05:00,Friday,31-50,Male,Junior high school,Owner,5-10yr,Automobile,Owner,2-5yrs,0,Other,Two-way (divided with broken lines road marking),Tangent road with flat terrain,Y Shape,Other,Dry,Darkness - lights lit,Normal,Collision with roadside objects,2,2,Going straight,Passenger,Male,18-30,3,Other,Normal,Not a Pedestrian,Driving carelessly,Slight Injury
11:00:00,Wednesday,31-50,Male,Junior high school,Employee,5-10yr,Automobile,Owner,Above 10yr,0,Residential areas,Undivided Two way,Tangent road with flat terrain,Y Shape,Asphalt roads,Dry,Daylight,Normal,Collision with roadside objects,2,2,Going straight,Passenger,Female,31-50,3,Self-employed,Normal,Not a Pedestrian,No priority to vehicle,Slight Injury
08:05:00,Wednesday,18-30,Male,Junior high school,Employee,Above 10yr,Public (12 seats),Owner,Above 10yr,0,Residential areas,other,Tangent road with flat terrain,No junction,Asphalt roads,Wet or damp,Daylight,Raining,Vehicle with vehicle collision,2,1,Going straight,Driver or rider,Male,Over 51,3,Driver,Normal,Not a Pedestrian,Moving Backward,Slight Injury
17:25:00,Tuesday,18-30,Male,Writing & reading,Employee,Below 1yr,Public (12 seats),Owner,2-5yrs,0,Other,other,Tangent road with flat terrain,Crossing,Asphalt roads,Wet or damp,Daylight,Raining,Vehicle with vehicle collision,2,2,Reversing,Unknown,Unknown,Unknown,0,Driver,Normal,Not a Pedestrian,Overtaking,Slight Injury
17:25:00,Friday,31-50,Male,Elementary school,Employee,5-10yr,Lorry (41?100Q),Owner,1-2yr,0,Other,One way,Tangent road with flat terrain,Y Shape,Asphalt roads,Dry,Daylight,Normal,Vehicle with vehicle collision,3,1,Entering a junction,Driver or rider,Female,18-30,3,Student,Normal,Not a Pedestrian,No distancing,Slight Injury
17:05:00,Wednesday,Over 51,Male,Elementary school,Employee,5-10yr,Automobile,Owner,Unknown,0,Other,Two-way (divided with broken lines road marking),Tangent road with flat terrain,Y Shape,Asphalt roads,Wet or damp,Daylight,Windy,Vehicle with vehicle collision,2,1,Going straight,Pedestrian,Male,Over 51,3,Driver,Normal,Unknown or other,Driving carelessly,Serious Injury
14:25:00,Monday,18-30,Male,High school,Employee,Above 10yr,Automobile,Owner,1-2yr,0, Industrial areas,One way,Tangent road with flat terrain,Crossing,Asphalt roads,Dry,Daylight,Normal,Collision with roadside objects,2,1,Going straight,Unknown,Unknown,Unknown,0,Driver,Normal,Not a Pedestrian,Changing lane to the left,Slight Injury
18:37:00,Wednesday,31-50,Male,Junior high school,Employee,Below 1yr,Automobile,Owner,2-5yrs,0,Residential areas,Undivided Two way,Gentle horizontal curve,Y Shape,Asphalt roads,Dry,Daylight,Normal,Collision with animals,2,2,Unknown,Driver or rider,Female,31-50,3,Driver,Normal,Not a Pedestrian,Moving Backward,Slight Injury
17:21:00,Sunday,18-30,Male,Junior high school,Owner,5-10yr,Automobile,Owner,1-2yr,0,Other,Undivided Two way,Tangent road with flat terrain,Crossing,Asphalt roads,Dry,Daylight,Normal,Vehicle with vehicle collision,2,2,Reversing,Driver or rider,Male,18-30,3,Student,Normal,Not a Pedestrian,No distancing,Serious Injury
17:09:00,Wednesday,Unknown,Female,Junior high school,Employee,Below 1yr,Pick up upto 10Q,Owner,Unknown,0,Other,One way,Tangent road with flat terrain,No junction,Asphalt roads,Wet or damp,Darkness - lights lit,Normal,Collision with roadside objects,1,1,Going straight,Passenger,Female,31-50,3,Driver,Normal,Not a Pedestrian,No priority to vehicle,Serious Injury
13:00:00,Thursday,18-30,Male,Junior high school,Owner,1-2yr,Lorry (11?40Q),Owner,5-10yrs,0,Residential areas,Two-way (divided with broken lines road marking),Tangent road with flat terrain,Y Shape,Asphalt roads,Dry,Daylight,Normal,Vehicle with vehicle collision,3,2,Moving Backward,Unknown,Unknown,Unknown,0,Driver,Normal,Not a Pedestrian,No priority to vehicle,Slight Injury
20:40:00,Wednesday,31-50,Male,Junior high school,Owner,Below 1yr,Lorry (41?100Q),Owner,Unknown,0,Office areas,One way,Tangent road with flat terrain,Crossing,Asphalt roads,Dry,Daylight,Normal,Collision with pedestrians,2,4,Going straight,Pedestrian,Male,5,2,Unknown,Normal,Not a Pedestrian,Changing lane to the left,Fatal injury
17:50:00,Saturday,Over 51,Male,Junior high school,Employee,Above 10yr,Ridden horse,Owner,Above 10yr,0,Office areas,Undivided Two way,Gentle horizontal curve,Y Shape,Asphalt roads,Dry,Daylight,Normal,Vehicle with vehicle collision,3,1,Going straight,Unknown,Unknown,Unknown,0,Unknown,Other,Not a Pedestrian,Driving carelessly,Slight Injury
17:25:00,Tuesday,31-50,Male,High school,Employee,2-5yr,Automobile,Owner,Unknown,0,Other,Two-way (divided with broken lines road marking),Tangent road with flat terrain,Crossing,Asphalt roads,Dry,Daylight,Normal,Collision with roadside objects,2,1,Going straight,Pedestrian,Male,18-30,3,Unknown,Normal,Not a Pedestrian,Other,Slight Injury
19:50:00,Monday,Unknown,Male,Junior high school,Employee,Above 10yr,Lorry (11?40Q),Owner,2-5yrs,0,Residential areas,Undivided Two way,Tangent road with flat terrain,No junction,Asphalt roads,Dry,Daylight,Normal,Vehicle with vehicle collision,2,1,Reversing,Driver or rider,Male,18-30,3,Driver,Normal,Not a Pedestrian,Getting off the vehicle improperly,Slight Injury
05:20:00,Thursday,31-50,Male,Junior high school,Employee,Above 10yr,Public (13?45 seats),Owner,Above 10yr,0,Residential areas,other,Tangent road with rolling terrain,Y Shape,Asphalt roads,Wet or damp,Daylight,Raining,Collision with roadside objects,2,1,Overtaking,Unknown,Unknown,Unknown,0,Driver,Normal,Not a Pedestrian,Overspeed,Slight Injury
17:43:00,Wednesday,18-30,Male,Junior high school,Employee,5-10yr,Public (13?45 seats),Owner,Unknown,0,Residential areas,Undivided Two way,Tangent road with flat terrain,Y Shape,Asphalt roads,Dry,Darkness - lights lit,Normal,Collision with pedestrians,2,2,Waiting to go,Unknown,Unknown,Unknown,0,Self-employed,Normal,Not a Pedestrian,No distancing,Slight Injury
10:47:00,Thursday,31-50,Male,Elementary school,Employee,Above 10yr,Pick up upto 10Q,Owner,1-2yr,0,Office areas,Undivided Two way,Tangent road with flat terrain,Y Shape,Other,Dry,Darkness - lights lit,Normal,Collision with pedestrians,2,1,Reversing,Driver or rider,Male,Under 18,3,Unknown,Other,Not a Pedestrian,Getting off the vehicle improperly,Slight Injury
09:36:00,Saturday,31-50,Male,Junior high school,Employee,5-10yr,Long lorry,Owner,2-5yrs,0,Residential areas,Undivided Two way,Tangent road with flat terrain,No junction,Asphalt roads,Wet or damp,Daylight,Normal,Vehicle with vehicle collision,3,1,Reversing,Unknown,Unknown,Unknown,0,Driver,Normal,Not a Pedestrian,No priority to vehicle,Slight Injury
08:35:00,Saturday,18-30,Male,Junior high school,Employee,5-10yr,Pick up upto 10Q,Owner,Above 10yr,0,Residential areas,Undivided Two way,Tangent road with flat terrain,No junction,Asphalt roads,Dry,Daylight,Normal,Rollover,2,1,Moving Backward,Driver or rider,Female,18-30,3,Driver,Normal,Not a Pedestrian,Changing lane to the right,Serious Injury
19:55:00,Monday,18-30,Male,Junior high school,Employee,5-10yr,Stationwagen,Owner,Unknown,0,Office areas,Undivided Two way,Tangent road with flat terrain,Crossing,Asphalt roads,Dry,Daylight,Normal,Vehicle with vehicle collision,2,1,Going straight,Driver or rider,Male,18-30,3,Unknown,Other,Not a Pedestrian,Changing lane to the left,Slight Injury
19:03:00,Sunday,Under 18,Male,Above high school,Employee,Above 10yr,Lorry (41?100Q),Owner,Unknown,0,Office areas,Two-way (divided with broken lines road marking),Tangent road with flat terrain,Y Shape,Asphalt roads,Dry,Darkness - lights lit,Normal,Collision with roadside objects,2,1,Reversing,Unknown,Unknown,Unknown,0,Driver,Normal,Not a Pedestrian,No distancing,Serious Injury
16:58:00,Thursday,Unknown,Male,Elementary school,Employee,5-10yr,Automobile,Owner,Unknown,0,Rural village areasOffice areas,other,Tangent road with flat terrain,Crossing,Asphalt roads,Dry,Daylight,Normal,Vehicle with vehicle collision,2,1,Going straight,Pedestrian,Female,Under 18,3,Unknown,Other,Crossing from driver's nearside,No distancing,Slight Injury
17:55:00,Saturday,Over 51,Male,Junior high school,Employee,2-5yr,Pick up upto 10Q,Owner,Unknown,0,Residential areas,Two-way (divided with broken lines road marking),Tangent road with flat terrain,O Shape,Earth roads,Dry,Darkness - lights lit,Normal,Rollover,1,1,Going straight,Unknown,Unknown,Unknown,0,Unknown,Other,Not a Pedestrian,No priority to pedestrian,Serious Injury
11:40:00,Sunday,31-50,Male,Junior high school,Other,No Licence,Automobile,Owner,Unknown,0,  Recreational areas,Two-way (divided with broken lines road marking),Steep grade downward with mountainous terrain,No junction,Asphalt roads,Dry,Daylight,Normal,Vehicle with vehicle collision,1,1,Getting off,Driver or rider,Male,31-50,1,Driver,Normal,Not a Pedestrian,No distancing,Slight Injury