time,day_of_week,age_band_of_driver,sex_of_driver,educational_level,vehicle_driver_relation,driving_experience,type_of_vehicle,owner_of_vehicle,service_year_of_vehicle,defect_of_vehicle,area_accident_occured,lanes_or_medians,road_allignment,types_of_junction,road_surface_type,road_surface_conditions,light_conditions,weather_conditions,type_of_collision,number_of_vehicles_involved,number_of_casualties,vehicle_movement,casualty_class,sex_of_casualty,age_band_of_casualty,casualty_severity,work_of_casualty,fitness_of_casualty,pedestrian_movement,cause_of_accident,accident_severity
14:52:00,Monday,Over 51,Male,Junior high school,Employee,1-2yr,Pick up upto 10Q,Owner,Unknown,0,Residential areas,other,Tangent road with flat terrain,No junction,Asphalt roads,Dry,Daylight,Normal,Vehicle with vehicle collision,2,2,Going straight,Driver or rider,Male,Over 51,3,Driver,Normal,Not a Pedestrian,No distancing,Serious Injury
15:20:00,Sunday,Over 51,Female,Elementary school,Owner,5-10yr,Taxi,Owner,Above 10yr,0,Residential areas,Two-way (divided with broken lines road marking),Tangent road with flat terrain,Y Shape,Asphalt roads,Dry,Daylight,Normal,Vehicle with vehicle collision,3,3,Going straight,Driver or rider,Male,18-30,3,Driver,Normal,Not a Pedestrian,Driving carelessly,Slight Injury
10:30:00,Sunday,18-30,Male,Junior high school,Employee,Above 10yr,Stationwagen,Owner,2-5yrs,0, Church areas,other,Tangent road with flat terrain,Y Shape,Asphalt roads,Wet or damp,Daylight,Raining,Vehicle with vehicle collision,2,1,Reversing,Driver or rider,Male,18-30,3,Driver,Normal,Not a Pedestrian,Driving to the left,Serious Injury
08:17:00,Tuesday,18-30,Male,Junior high school,Employee,5-10yr,Stationwagen,Owner,Unknown,0,Other,One way,Tangent road with flat terrain,Y Shape,Asphalt roads,Wet or damp,Daylight,Raining,Collision with roadside objects,2,2,Moving Backward,Driver or rider,Female,Over 51,3,Unknown,Other,Not a Pedestrian,No distancing,Slight Injury
22:40:00,Friday,Unknown,Male,Junior high school,Employee,5-10yr,Long lorry,Governmental,1-2yr,0, Industrial areas,One way,Tangent road with flat terrain,Y Shape,Asphalt roads,Dry,Darkness - lights lit,Normal,Vehicle with vehicle collision,2,1,Turnover,Driver or rider,Female,Under 18,3,Unknown,Other,Not a Pedestrian,Driving carelessly,Slight Injury
17:01:00,Thursday,18-30,Male,Elementary school,Employee,5-10yr,Other,Owner,Unknown,0,Office areas,Undivided Two way,Tangent road with flat terrain,No junction,Asphalt roads,Dry,Daylight,Normal,Vehicle with vehicle collision,1,1,Other,Pedestrian,Male,31-50,3,Unknown,Normal,Unknown or other,No priority to pedestrian,Slight Injury
16:00:00,Tuesday,Over 51,Male,Elementary school,Employee,Below 1yr,Pick up upto 10Q,Owner,2-5yrs,0,Office areas,Two-way (divided with broken lines road marking),Tangent road with flat terrain,Unknown,Asphalt roads,Dry,Daylight,Normal,Vehicle with vehicle collision,2,2,Going straight,Pedestrian,Female,18-30,3,Driver,Normal,Crossing from nearside - masked by parked or statioNot a Pedestrianry vehicle,No priority to vehicle,Slight Injury
14:00:00,Thursday,Over 51,Male,High school,Employee,1-2yr,Motorcycle,Governmental,Below 1yr,0, Outside rural areas,Undivided Two way,Tangent road with flat terrain,Y Shape,Asphalt roads,Dry,Daylight,Normal,Vehicle with vehicle collision,1,1,Going straight,Pedestrian,Male,Under 18,3,Self-employed,Normal,Crossing from offside - masked by  parked or statioNot a Pedestrianry vehicle,Driving carelessly,Slight Injury
18:30:00,Thursday,31-50,Male,Junior high school,Employee,Below 1yr,Lorry (41?100Q),Owner,5-10yrs,0,Other,Undivided Two way,Tangent road with flat terrain,Y Shape,Asphalt roads,Dry,Darkness - lights lit,Normal,Vehicle with vehicle collision,2,1,Going straight,Driver or rider,Male,Under 18,3,Driver,Normal,Not a Pedestrian,Changing lane to the right,Slight Injury
17:35:00,Saturday,18-30,Male,High school,Employee,Below 1yr,Lorry (41?100Q),Owner,2-5yrs,0,Office areas,Double carriageway (median),Tangent road with flat terrain,Y Shape,Asphalt roads,Dry,Daylight,Normal,Vehicle with vehicle collision,2,1,Other,Passenger,Female,18-30,3,Employee,Normal,Not a Pedestrian,No distancing,Slight Injury
20:00:00,Sunday,31-50,Male,Junior high school,Employee,Above 10yr,Automobile,Owner,5-10yrs,0,Other,Two-way (divided with broken lines road marking),Tangent road with mild grade and flat terrain,Y Shape,Earth roads,Dry,Darkness - lights lit,Normal,Collision with roadside objects,2,1,Going straight,Driver or rider,Female,18-30,3,Self-employed,Other,Not a Pedestrian,Changing lane to the right,Slight Injury
14:49:00,Monday,Over 51,Male,Elementary school,Owner,5-10yr,Public (> 45 seats),Owner,1-2yr,0,School areas,Undivided Two way,Tangent road with flat terrain,Y Shape,Asphalt roads,Dry,Darkness - lights lit,Normal,Vehicle with vehicle collision,2,1,Moving Backward,Unknown,Unknown,Unknown,0,Self-employed,Normal,Not a Pedestrian,Driving carelessly,Slight Injury
13:55:00,Tuesday,31-50,Male,Junior high school,Employee,2-5yr,Automobile,Owner,Above 10yr,0,School areas,other,Tangent road with flat terrain,No junction,Asphalt roads,Dry,Daylight,Normal,Vehicle with vehicle collision,2,1,Other,Pedestrian,Male,31-50,3,Driver,Normal,Unknown or other,No priority to vehicle,Slight Injury
10:00:00,Friday,18-30,Male,Above high school,Employee,1-2yr,Automobile,Owner,Unknown,0,Residential areas,Two-way (divided with solid lines road marking),Tangent road with flat terrain,Y Shape,Asphalt roads,Dry,Daylight,Normal,Vehicle with vehicle collision,2,1,Turnover,Driver or rider,Male,18-30,3,Self-employed,Normal,Not a Pedestrian,Moving Backward,Slight Injury
13:15:00,Friday,Over 51,Male,Junior high school,Employee,1-2yr,Lorry (41?100Q),Owner,5-10yrs,0,Other,Two-way (divided with broken lines road marking),Tangent road with mild grade and flat terrain,Y Shape,Asphalt roads,Dry,Daylight,Normal,Vehicle with vehicle collision,2,2,Reversing,Unknown,Unknown,Unknown,0,Unknown,Other,Not a Pedestrian,Changing lane to the right,Serious Injury
17:50:00,Friday,18-30,Male,Above high school,Owner,2-5yr,Automobile,Owner,Unknown,0,Rural village areasOffice areas,other,Tangent road with flat terrain,Crossing,Asphalt roads,Dry,Daylight,Normal,Vehicle with vehicle collision,3,1,Going straight,Driver or rider,Male,18-30,3,Driver,Normal,Not a Pedestrian,No priority to vehicle,Serious Injury
16:32:00,Monday,18-30,Male,Junior high school,Employee,2-5yr,Automobile,Governmental,Unknown,0,Other,Double carriageway (median),Tangent road with flat terrain,No junction,Asphalt roads,Dry,Daylight,Normal,Collision with roadside objects,3,1,Going straight,Unknown,Unknown,Unknown,0,Driver,Normal,Not a Pedestrian,No priority to vehicle,Slight Injury
12:47:00,Sunday,31-50,Male,Junior high school,Owner,Above 10yr,Automobile,Owner,Unknown,0,Residential areas,Undivided Two way,Tangent road with flat terrain,Y Shape,Asphalt roads,Dry,Daylight,Normal,Vehicle with vehicle collision,3,3,Going straight,Driver or rider,Male,18-30,3,Self-employed,Normal,Not a Pedestrian,Turnover,Slight Injury
15:30:00,Thursday,18-30,Male,Elementary school,Employee,Above 10yr,Other,Governmental,Unknown,0,Residential areas,Two-way (divided with broken lines road marking),Tangent road with flat terrain,Y Shape,Asphalt roads,Dry,Daylight,Normal,Collision with pedestrians,2,1,Going straight,Pedestrian,Male,Under 18,3,Unknown,Other,Not a Pedestrian,No priority to vehicle,Slight Injury
20:33:00,Friday,31-50,Male,Junior high school,Employee,5-10yr,Public (12 seats),Owner,5-10yrs,0,Other,Undivided Two way,Tangent road with flat terrain,Crossing,Asphalt roads,Wet or damp,Darkness - lights lit,Normal,Vehicle with vehicle collision,2,1,Going straight,Unknown,Unknown,Unknown,0,Driver,Normal,Not a Pedestrian,Moving Backward,Slight Injury
12:20:00,Thursday,Unknown,Female,Junior high school,Employee,Above 10yr,Stationwagen,Owner,5-10yrs,0,Other,Double carriageway (median),Tangent road with flat terrain,Unknown,Asphalt roads,Dry,Daylight,Normal,Vehicle with vehicle collision,1,1,Entering a junction,Unknown,Unknown,Unknown,0,Driver,Normal,Not a Pedestrian,Changing lane to the left,Slight Injury
14:30:00,Wednesday,31-50,Male,Junior high school,Employee,2-5yr,Lorry (41?100Q),Owner,2-5yrs,0,Residential areas,Two-way (divided with broken lines road marking),Tangent road with flat terrain,Y Shape,Asphalt roads,Dry,Daylight,Normal,Collision with roadside objects,1,1,Moving Backward,Pedestrian,Male,Over 51,3,Unknown,Other,Crossing from nearside - masked by parked or statioNot a Pedestrianry vehicle,Changing lane to the left,Slight Injury
18:00:00,Tuesday,18-30,Male,Junior high school,Employee,2-5yr,Lorry (41?100Q),Owner,2-5yrs,0,Office areas,Double carriageway (median),Tangent road with flat terrain,No junction,Asphalt roads,Dry,Daylight,Normal,Vehicle with vehicle collision,3,2,Going straight,Driver or rider,Male,Over 51,3,Driver,Normal,Not a Pedestrian,Overtaking,Slight Injury
18:02:00,Monday,18-30,Male,High school,Employee,1-2yr,Other,Owner,Unknown,0,Office areas,Undivided Two way,Tangent road with flat terrain,No junction,Asphalt roads,Dry,Daylight,Normal,Vehicle with vehicle collision,1,1,Going straight,Passenger,Female,Over 51,3,Driver,Normal,Not a Pedestrian,Changing lane to the right,Serious Injury
09:09:00,Monday,18-30,Female,Junior high school,Employee,2-5yr,Automobile,Owner,Unknown,0,Residential areas,Two-way (divided with broken lines road marking),Tangent road with flat terrain,Y Shape,Asphalt roads,Dry,Daylight,Raining,Vehicle with vehicle collision,4,3,Other,Driver or rider,Male,18-30,3,Unknown,Normal,Not a Pedestrian,Changing lane to the right,Slight Injury
21:05:00,Thursday,31-50,Male,High school,Employee,5-10yr,Lorry (41?100Q),Owner,Unknown,0,Residential areas,Undivided Two way,Tangent road with flat terrain,Y Shape,Asphalt roads,Wet or damp,Darkness - lights lit,Normal,Vehicle with vehicle collision,2,1,Going straight,Driver or rider,Male,31-50,2,Driver,Normal,Not a Pedestrian,No distancing,Slight Injury
17:00:00,Wednesday,18-30,Male,Junior high school,Employee,2-5yr,Automobile,Owner,5-10yrs,0, Industrial areas,other,Tangent road with flat terrain,No junction,Asphalt roads,Dry,Daylight,Normal,Vehicle with vehicle collision,2,1,Going straight,Driver or rider,Male,31-50,3,Driver,Normal,Not a Pedestrian,No priority to pedestrian,Slight Injury
11:25:00,Friday,Unknown,Male,Junior high school,Employee,1-2yr,Public (> 45 seats),Owner,Above 10yr,0, Church areas,Two-way (divided with broken lines road marking),Steep grade downward with mountainous terrain,Y Shape,Asphalt roads,Dry,Daylight,Normal,Vehicle with vehicle collision,2,1,Going straight,Unknown,Unknown,Unknown,0,Self-employed,Normal,Not a Pedestrian,Changing lane to the right,Slight Injury
15:50:00,Saturday,31-50,Male,Junior high school,Employee,Above 10yr,Public (12 seats),Owner,Unknown,0,Residential areas,Two-way (divided with broken lines road marking),Steep grade downward with mountainous terrain,Other,Asphalt roads,Dry,Daylight,Normal,Vehicle with vehicle collision,2,1,Going straight,Driver or rider,Male,18-30,3,Driver,Normal,Not a Pedestrian,Overspeed,Slight Injury
10:00:00,Sunday,18-30,Male,High school,Employee,1-2yr,Automobile,Owner,2-5yrs,0,Other,Two-way (divided with broken lines road marking),Escarpments,No junction,Earth roads,Dry,Daylight,Normal,Collision with pedestrians,3,1,Moving Backward,Unknown,Unknown,Unknown,0,Driver,Normal,Not a Pedestrian,Overtaking,Slight Injury
16:30:00,Saturday,Under 18,Male,Junior high school,Unknown,5-10yr,Automobile,Owner,Unknown,0,Office areas,Two-way (divided with broken lines road marking),Tangent road with mild grade and flat terrain,Y Shape,Asphalt roads,Wet or damp,Darkness - lights lit,Raining,With Train,2,1,Moving Backward,Driver or rider,Male,Over 51,3,Unknown,Other,Not a Pedestrian,Other,Slight Injury
00:51:00,Monday,31-50,Male,High school,Employee,Above 10yr,Automobile,Organization,5-10yrs,0,Office areas,Two-way (divided with broken lines road marking),Gentle horizontal curve,Crossing,Asphalt roads,Dry,Darkness - lights lit,Normal,Vehicle with vehicle collision,2,1,Going straight,Driver or rider,Male,31-50,3,Driver,Normal,Not a Pedestrian,Changing lane to the left,Slight Injury
15:19:00,Sunday,18-30,Male,Elementary school,Employee,5-10yr,Automobile,Owner,Unknown,0,Other,Two-way (divided with broken lines road marking),Tangent road with flat terrain,No junction,Asphalt roads,Dry,Daylight,Normal,Collision with roadside objects,2,1,Waiting to go,Passenger,Female,Over 51,3,Self-employed,Normal,Not a Pedestrian,No distancing,Serious Injury
18:18:00,Saturday,31-50,Male,High school,Employee,Above 10yr,Other,Owner,Unknown,0,Other,Two-way (divided with solid lines road marking),Tangent road with flat terrain,Y Shape,Asphalt roads,Dry,Daylight,Normal,Vehicle with vehicle collision,2,1,Reversing,Unknown,Unknown,Unknown,0,Employee,Normal,Not a Pedestrian,Changing lane to the left,Slight Injury
14:20:00,Saturday,Unknown,Male,Elementary school,Employee,1-2yr,Automobile,Owner,Unknown,0, Church areas,Undivided Two way,Tangent road with flat terrain,No junction,Earth roads,Dry,Daylight,Normal,Vehicle with vehicle collision,2,1,Going straight,Unknown,Unknown,Unknown,0,Driver,Normal,Not a Pedestrian,Moving Backward,Slight Injury
17:20:00,Saturday,31-50,Male,Junior high school,Employee,1-2yr,Lorry (41?100Q),Owner,Unknown,0,Office areas,One way,Tangent road with flat terrain,No junction,Asphalt roads,Wet or damp,Daylight,Raining,Collision with pedestrians,2,4,Going straight,Unknown,Unknown,Unknown,0,Self-employed,Normal,Not a Pedestrian,No distancing,Slight Injury
18:20:00,Monday,Over 51,Male,Elementary school,Owner,Above 10yr,Lorry (41?100Q),Owner,2-5yrs,0,Other,Two-way (divided with broken lines road marking),Tangent road with flat terrain,Y Shape,Asphalt roads,Dry,Darkness - lights lit,Normal,Vehicle with vehicle collision,2,1,Going straight,Passenger,Male,31-50,3,Self-employed,Normal,Not a Pedestrian,Overloading,Slight Injury
20:01:00,Sunday,31-50,Male,Junior high school,Employee,Above 10yr,Public (> 45 seats),Owner,5-10yrs,0,Other,Undivided Two way,Tangent road with flat terrain,Y Shape,Asphalt roads,Wet or damp,Darkness - lights lit,Raining,Vehicle with vehicle collision,2,1,Reversing,Pedestrian,Female,31-50,3,Unknown,Other,Crossing from nearside - masked by parked or statioNot a Pedestrianry vehicle,Changing lane to the left,Slight Injury
19:35:00,Thursday,Under 18,Male,Junior high school,Employee,Above 10yr,Automobile,Owner,5-10yrs,0,Other,One way,Tangent road with flat terrain,No junction,Asphalt roads,Dry,Daylight,Normal,Collision with roadside objects,3,4,Moving Backward,Passenger,Male,Over 51,3,Driver,Normal,Not a Pedestrian,Overtaking,Serious Injury
22:25:00,Saturday,31-50,Male,Elementary school,Employee,Above 10yr,Lorry (11?40Q),Owner,5-10yrs,0,Office areas,Two-way (divided with broken lines road marking),Tangent road with flat terrain,No junction,Asphalt roads,Dry,Darkness - lights lit,Normal,Vehicle with vehicle collision,1,1,Going straight,Passenger,Female,Under 18,3,Driver,Normal,Not a Pedestrian,Changing lane to the left,Slight Injury
13:15:00,Thursday,18-30,Male,Elementary school,Owner,5-10yr,Lorry (11?40Q),Owner,1-2yr,0, Outside rural areas,Undivided Two way,Tangent road with flat terrain,Crossing,Asphalt roads,Dry,Daylight,Normal,Vehicle with vehicle collision,2,1,Going straight,Unknown,Unknown,Unknown,0,Driver,Normal,Not a Pedestrian,No distancing,Slight Injury
19:00:00,Tuesday,31-50,Male,Junior high school,Employee,5-10yr,Automobile,Owner,2-5yrs,0,Residential areas,Undivided Two way,Tangent road with flat terrain,Y Shape,Asphalt roads,Wet or damp,Darkness - lights lit,Other,Vehicle with vehicle collision,2,3,Going straight,Driver or rider,Male,31-50,3,Unknown,Other,Not a Pedestrian,Other,Slight Injury
18:03:00,Wednesday,18-30,Male,Elementary school,Employee,Above 10yr,Lorry (41?100Q),Owner,1-2yr,0,Office areas,Two-way (divided with broken lines road marking),Tangent road with flat terrain,No junction,Asphalt roads,Dry,Daylight,Normal,Collision with roadside objects,2,2,Going straight,Unknown,Unknown,Unknown,0,Driver,Normal,Not a Pedestrian,No priority to vehicle,Slight Injury
20:23:00,Thursday,18-30,Male,Junior high school,Employee,5-10yr,Other,Owner,Unknown,0,Office areas,Two-way (divided with broken lines road marking),Tangent road with flat terrain,Crossing,Asphalt roads,Dry,Daylight,Normal,Vehicle with vehicle collision,2,1,Going straight,Pedestrian,Male,Under 18,3,Driver,Normal,Not a Pedestrian,No distancing,Slight Injury
19:00:00,Thursday,18-30,Male,Junior high school,Employee,5-10yr,Long lorry,Owner,Unknown,0, Church areas,Two-way (divided with solid lines road marking),Tangent road with flat terrain,No junction,Asphalt roads,Dry,Darkness - lights unlit,Normal,Vehicle with vehicle collision,2,1,Going straight,Unknown,Unknown,Unknown,0,Driver,Normal,Not a Pedestrian,Moving Backward,Slight Injury
10:40:00,Friday,18-30,Male,Elementary school,Owner,Below 1yr,Stationwagen,Owner,Unknown,0,Office areas,Two-way (divided with broken lines road marking),Tangent road with flat terrain,Y Shape,Asphalt roads,Dry,Daylight,Normal,Vehicle with vehicle collision,2,1,Going straight,Passenger,Female,18-30,3,Unknown,Other,Not a Pedestrian,Changing lane to the right,Slight Injury
13:40:00,Tuesday,Over 51,Male,Junior high school,Employee,5-10yr,Lorry (11?40Q),Owner,5-10yrs,0, Church areas,Undivided Two way,Tangent road with flat terrain,Crossing,Asphalt roads,Dry,Daylight,Other,Vehicle with vehicle collision,2,1,Going straight,Unknown,Unknown,Unknown,0,Other,Normal,Not a Pedestrian,Other,Slight Injury
17:10:00,Wednesday,31-50,Male,Junior high school,Employee,5-10yr,Automobile,Owner,Unknown,0,Other,Two-way (divided with broken lines road marking),Tangent road with flat terrain,Y Shape,Asphalt roads,Wet or damp,Darkness - lights lit,Normal,Vehicle with vehicle collision,2,1,Going straight,Driver or rider,Male,18-30,2,Driver,Normal,Not a Pedestrian,Changing lane to the left,Slight Injury
10:15:00,Thursday,31-50,Male,Junior high school,Employee,5-10yr,Public (12 seats),Owner,Unknown,0,Office areas,One way,Tangent road with flat terrain,Crossing,Earth roads,Dry,Daylight,Normal,Collision with roadside objects,2,1,Going straight,Pedestrian,Female,Under 18,3,Self-employed,Normal,Not a Pedestrian,Driving carelessly,Slight Injury
07:53:00,Thursday,18-30,Male,Junior high school,Employee,1-2yr,Lorry (41?100Q),Owner,Unknown,0,Other,other,Tangent road with flat terrain,Crossing,Asphalt roads,Wet or damp,Daylight,Raining,Vehicle with vehicle collision,2,3,Reversing,Unknown,Unknown,Unknown,0,Unknown,Other,Not a Pedestrian,Changing lane to the right,Slight Injury
15:30:00,Wednesday,31-50,Male,Junior high school,Employee,Below 1yr,Taxi,Owner,Unknown,0,Other,Undivided Two way,Tangent road with flat terrain,No junction,Asphalt roads,Dry,Daylight,Normal,Collision with roadside objects,3,1,Getting off,Unknown,Unknown,Unknown,0,Unknown,Other,Not a Pedestrian,Changing lane to the right,Slight Injury
17:51:00,Sunday,Over 51,Male,Junior high school,Employee,5-10yr,Other,Owner,Above 10yr,0,Residential areas,Two-way (divided with broken lines road marking),Tangent road with flat terrain,Crossing,Asphalt roads,Wet or damp,Darkness - lights lit,Raining,Vehicle with vehicle collision,2,1,Going straight,Driver or rider,Female,31-50,3,Self-employed,Normal,Not a Pedestrian,Changing lane to the right,Slight Injury
08:30:00,Sunday,31-50,Male,Junior high school,Employee,Above 10yr,Stationwagen,Owner,Unknown,0,Other,Two-way (divided with broken lines road marking),Tangent road with flat terrain,Crossing,Earth roads,Wet or damp,Daylight,Normal,Vehicle with vehicle collision,1,1,Going straight,Driver or rider,Female,Over 51,3,Driver,Normal,Not a Pedestrian,No priority to vehicle,Slight Injury
16:32:00,Monday,31-50,Male,Junior high school,Employee,Above 10yr,Automobile,Owner,Unknown,0, Church areas,Two-way (divided with broken lines road marking),Tangent road with flat terrain,Crossing,Asphalt roads,Dry,Daylight,Normal,Vehicle with vehicle collision,4,1,Going straight,Unknown,Unknown,Unknown,0,Driver,Normal,Not a Pedestrian,No distancing,Slight Injury
18:46:00,Friday,31-50,Male,Junior high school,Employee,2-5yr,Automobile,Owner,Unknown,0,Other,Two-way (divided with broken lines road marking),Tangent road with flat terrain,Y Shape,Asphalt roads,Dry,Darkness - lights lit,Normal,Collision with roadside objects,2,1,Going straight,Driver or rider,Male,31-50,3,Unknown,Other,Not a Pedestrian,Driving carelessly,Slight Injury
17:15:00,Tuesday,Unknown,Male,Junior high school,Employee,Above 10yr,Automobile,Owner,Unknown,0,Other,Two-way (divided with broken lines road marking),Tangent road with flat terrain,No junction,Asphalt roads,Dry,Daylight,Unknown,Vehicle with vehicle collision,1,1,Going straight,Unknown,Unknown,Unknown,0,Self-employed,Normal,Not a Pedestrian,No distancing,Slight Injury
12:30:00,Friday,31-50,Male,Junior high school,Employee,2-5yr,Stationwagen,Owner,Below 1yr,0,Other,Undivided Two way,Tangent road with flat terrain,Y Shape,Asphalt roads,Dry,Daylight,Normal,Vehicle with vehicle collision,3,1,Going straight,Passenger,Male,18-30,3,Unknown,Normal,Not a Pedestrian,Changing lane to the left,Slight Injury
12:00:00,Thursday,18-30,Male,Elementary school,Owner,2-5yr,Lorry (41?100Q),Owner,Unknown,0,Other,Undivided Two way,Tangent road with flat terrain,No junction,Asphalt roads,Wet or damp,Daylight,Normal,Vehicle with vehicle collision,2,1,Going straight,Driver or rider,Male,18-30,3,Driver,Normal,Not a Pedestrian,Driving carelessly,Slight Injury
17:05:00,Monday,31-50,Male,Elementary school,Employee,Below 1yr,Taxi,Owner,5-10yrs,0,Residential areas,One way,Tangent road with flat terrain,Y Shape,Asphalt roads,Dry,Daylight,Normal,Vehicle with vehicle collision,2,1,Going straight,Passenger,Female,18-30,3,Unknown,Normal,Not a Pedestrian,No distancing,Serious Injury
17:50:00,Wednesday,18-30,Male,Elementary school,Employee,Below 1yr,Motorcycle,Owner,Unknown,0,Office areas,Two-way (divided with broken lines road marking),Tangent road with flat terrain,No junction,Asphalt roads,Dry,Daylight,Normal,Collision with roadside objects,3,3,Going straight,Driver or rider,Male,18-30,3,Driver,Normal,Not a Pedestrian,Other,Slight Injury
21:15:00,Thursday,18-30,Male,Junior high school,Employee,Above 10yr,Other,Owner,Unknown,0,Other,Undivided Two way,Tangent road with flat terrain,Y Shape,Asphalt roads,Dry,Daylight,Normal,Vehicle with vehicle collision,1,1,Getting off,Driver or rider,Female,5,3,Self-employed,Normal,Not a Pedestrian,Driving carelessly,Slight Injury
18:20:00,Monday,18-30,Male,High school,Employee,2-5yr,Stationwagen,Owner,Unknown,0,Residential areas,Undivided Two way,Tangent road with flat terrain,No junction,Asphalt roads,Wet or damp,Darkness - lights lit,Raining,Vehicle with vehicle collision,2,1,Going straight,Driver or rider,Male,18-30,3,Driver,Normal,Not a Pedestrian,Driving carelessly,Slight Injury
13:00:00,Tuesday,18-30,Male,Junior high school,Employee,1-2yr,Public (13?45 seats),Owner,Unknown,0,Office areas,Undivided Two way,Tangent road with flat terrain,Crossing,Asphalt roads,Dry,Daylight,Normal,Vehicle with vehicle collision,3,1,Going straight,Driver or rider,Male,18-30,3,Unknown,Other,Not a Pedestrian,Changing lane to the left,Slight Injury
11:36:00,Wednesday,Over 51,Male,Elementary school,Owner,Above 10yr,Automobile,Governmental,2-5yrs,0,Other,Two-way (divided with broken lines road marking),Tangent road with flat terrain,No junction,Asphalt roads,Dry,Daylight,Normal,Rollover,2,1,Going straight,Driver or rider,Male,Under 18,2,Driver,Normal,Not a Pedestrian,No distancing,Slight Injury
15:50:00,Monday,31-50,Male,Junior high school,Employee,2-5yr,Automobile,Owner,Above 10yr,0,Office areas,Two-way (divided with broken lines road marking),Tangent road with flat terrain,No junction,Asphalt roads,Dry,Daylight,Normal,Vehicle with vehicle collision,4,1,Going straight,Unknown,Unknown,Unknown,0,Driver,Normal,Not a Pedestrian,Other,Slight Injury
20:35:00,Thursday,18-30,Male,Junior high school,Employee,5-10yr,Pick up upto 10Q,Owner,5-10yrs,0,Other,Undivided Two way,Tangent road with flat terrain,Crossing,Asphalt roads,Dry,Darkness - no lighting,Normal,Collision with pedestrians,2,1,Going straight,Passenger,Female,31-50,3,Driver,Normal,Not a Pedestrian,Other,Slight Injury
19:12:00,Tuesday,31-50,Male,High school,Employee,Below 1yr,Automobile,Owner,Unknown,0, Church areas,Undivided Two way,Tangent road with flat terrain,No junction,Asphalt roads,Dry,Darkness - lights lit,Normal,Vehicle with vehicle collision,1,1,Moving Backward,Unknown,Unknown,Unknown,0,Unknown,Other,Not a Pedestrian,Changing lane to the left,Serious Injury
11:50:00,Thursday,18-30,Male,Junior high school,Employee,5-10yr,Automobile,Owner,Unknown,0,Office areas,other,Tangent road with flat terrain,Y Shape,Asphalt roads,Dry,Daylight,Normal,Fall from vehicles,2,1,Going straight,Pedestrian,Male,18-30,3,Driver,Normal,Not a Pedestrian,Overturning,Slight Injury
18:30:00,Tuesday,31-50,Male,Junior high school,Employee,5-10yr,Lorry (41?100Q),Owner,5-10yrs,0,Office areas,Double carriageway (median),Tangent road with flat terrain,Other,Asphalt roads,Snow,Darkness - lights lit,Snow,Vehicle with vehicle collision,1,1,Moving Backward,Passenger,Female,Under 18,3,Self-employed,Normal,Not a Pedestrian,Moving Backward,Slight Injury
15:40:00,Monday,18-30,Male,Junior high school,Employee,Above 10yr,Other,Owner,Above 10yr,0,Other,Undivided Two way,Tangent road with flat terrain,Y Shape,Asphalt roads,Dry,Darkness - lights lit,Normal,Vehicle with vehicle collision,1,2,Overtaking,Driver or rider,Male,18-30,3,Other,Normal,Not a Pedestrian,No priority to vehicle,Serious Injury
07:46:00,Friday,31-50,Male,Elementary school,Owner,2-5yr,Lorry (41?100Q),Owner,2-5yrs,0,Other,other,Tangent road with flat terrain,Crossing,Asphalt roads,Dry,Daylight,Normal,Vehicle with vehicle collision,2,1,Going straight,Pedestrian,Female,Under 18,3,Driver,Normal,Not a Pedestrian,Driving carelessly,Slight Injury
22:30:00,Friday,Under 18,Male,Junior high school,Owner,2-5yr,Automobile,Owner,2-5yrs,0,Residential areas,other,Tangent road with flat terrain,No junction,Asphalt roads,Wet or damp,Darkness - lights lit,Raining,Collision with roadside objects,1,2,Unknown,Passenger,Male,Under 18,3,Unknown,Other,Not a Pedestrian,No distancing,Slight Injury
17:25:00,Friday,31-50,Male,Elementary school,Owner,1-2yr,Stationwagen,Owner,2-5yrs,0, Church areas,other,Tangent road with flat terrain,Crossing,Asphalt roads,Dry,Daylight,Normal,Vehicle with vehicle collision,2,1,Stopping,Driver or rider,Male,18-30,3,Driver,Normal,Not a Pedestrian,No priority to vehicle,Serious Injury
17:20:00,Friday,18-30,Male,Junior high school,Employee,1-2yr,Automobile,Owner,2-5yrs,0,Residential areas,Undivided Two way,Tangent road with flat terrain,Y Shape,Asphalt roads,Dry,Daylight,Normal,Collision with roadside-parked vehicles,2,1,U-Turn,Passenger,Male,18-30,3,Driver,Normal,Not a Pedestrian,Moving Backward,Serious Injury
16:28:00,Tuesday,18-30,Male,Junior high school,Employee,5-10yr,Pick up upto 10Q,Governmental,Above 10yr,0,Other,Double carriageway (median),Tangent road with flat terrain,Y Shape,Asphalt roads,Dry,Darkness - lights lit,Normal,Vehicle with vehicle collision,2,1,Going straight,Unknown,Unknown,Unknown,0,Driver,Normal,Not a Pedestrian,Driving at high speed,Slight Injury
12:48:00,Friday,31-50,Male,Junior high school,Employee,5-10yr,Stationwagen,Owner,Unknown,0,School areas,Undivided Two way,Tangent road with flat terrain,No junction,Asphalt roads,Dry,Daylight,Normal,Vehicle with vehicle collision,2,1,Turnover,Driver or rider,Male,31-50,3,Driver,Normal,Not a Pedestrian,No distancing,Slight Injury