time,day_of_week,age_band_of_driver,sex_of_driver,educational_level,vehicle_driver_relation,driving_experience,type_of_vehicle,owner_of_vehicle,service_year_of_vehicle,defect_of_vehicle,area_accident_occured,lanes_or_medians,road_allignment,types_of_junction,road_surface_type,road_surface_conditions,light_conditions,weather_conditions,type_of_collision,number_of_vehicles_involved,number_of_casualties,vehicle_movement,casualty_class,sex_of_casualty,age_band_of_casualty,casualty_severity,work_of_casualty,fitness_of_casualty,pedestrian_movement,cause_of_accident,accident_severity
07:25:00,Friday,18-30,Male,Junior high school,Employee,2-5yr,Automobile,Owner,Unknown,0,Other,Two-way (divided with broken lines road marking),Tangent road with flat terrain,Y Shape,Asphalt roads,Dry,Daylight,Normal,Vehicle with vehicle collision,2,1,Going straight,Pedestrian,Female,18-30,3,Driver,Normal,Crossing from nearside - masked by parked or statioNot a Pedestrianry vehicle,No priority to pedestrian,Slight Injury
12:10:00,Thursday,31-50,Male,Junior high school,Employee,5-10yr,Automobile,Owner,Unknown,0,Office areas,other,Tangent road with mountainous terrain and,Y Shape,Asphalt roads,Dry,Daylight,Normal,Collision with roadside objects,1,1,Turnover,Pedestrian,Male,31-50,2,Unknown,Normal,Unknown or other,No distancing,Slight Injury
14:04:00,Monday,31-50,Male,Junior high school,Employee,Above 10yr,Lorry (41?100Q),Owner,Unknown,0,Office areas,other,Tangent road with mountainous terrain and,Unknown,Asphalt roads,Dry,Daylight,Normal,Vehicle with vehicle collision,2,1,Moving Backward,Pedestrian,Female,Under 18,3,Driver,Normal,Crossing from nearside - masked by parked or statioNot a Pedestrianry vehicle,No priority to pedestrian,Slight Injury
04:05:00,Saturday,18-30,Male,Junior high school,Employee,2-5yr,Lorry (41?100Q),Owner,Unknown,0,Other,One way,Tangent road with flat terrain,No junction,Asphalt roads,Dry,Darkness - lights lit,Normal,Collision with roadside objects,2,2,Going straight,Passenger,Female,Under 18,3,Driver,Normal,Not a Pedestrian,Changing lane to the right,Slight Injury
10:21:00,Monday,18-30,Male,Writing & reading,Owner,5-10yr,Automobile,Owner,Unknown,0,  Recreational areas,One way,Tangent road with flat terrain,No junction,Gravel roads,Dry,Daylight,Normal,Vehicle with vehicle collision,3,2,Going straight,Driver or rider,Male,18-30,3,Student,Normal,Not a Pedestrian,Moving Backward,Slight Injury
17:05:00,Tuesday,31-50,Male,Junior high school,Employee,Above 10yr,Lorry (41?100Q),Owner,Unknown,0,Other,One way,Tangent road with flat terrain,Y Shape,Asphalt roads,Dry,Darkness - lights lit,Normal,Vehicle with vehicle collision,3,1,Going straight,Passenger,Female,31-50,3,Driver,Normal,Not a Pedestrian,No distancing,Slight Injury
11:30:00,Tuesday,31-50,Male,Writing & reading,Employee,Below 1yr,Pick up upto 10Q,Owner,Unknown,0,Other,Double carriageway (median),Tangent road with flat terrain,No junction,Asphalt roads,Dry,Daylight,Normal,Vehicle with vehicle collision,2,4,Going straight,Pedestrian,Male,18-30,3,Driver,Normal,Unknown or other,Changing lane to the right,Slight Injury
09:25:00,Tuesday,Unknown,Male,Junior high school,Employee,Below 1yr,Automobile,Owner,Unknown,0, Industrial areas,other,Tangent road with flat terrain,No junction,Asphalt roads,Wet or damp,Daylight,Raining,Vehicle with vehicle collision,2,1,Overtaking,Driver or rider,Male,31-50,3,Driver,Normal,Not a Pedestrian,Other,Slight Injury
10:19:00,Tuesday,31-50,Male,Junior high school,Employee,5-10yr,Lorry (41?100Q),Owner,Unknown,0, Industrial areas,Undivided Two way,Tangent road with flat terrain,Y Shape,Asphalt roads,Wet or damp,Daylight,Normal,Collision with roadside objects,2,2,Going straight,Passenger,Female,Over 51,3,Self-employed,Normal,Not a Pedestrian,Moving Backward,Slight Injury
19:20:00,Sunday,31-50,Male,Elementary school,Owner,5-10yr,Other,Owner,Unknown,0,Office areas,Two-way (divided with broken lines road marking),Tangent road with flat terrain,Y Shape,Asphalt roads,Dry,Darkness - no lighting,Normal,Collision with pedestrians,2,2,Other,Unknown,Unknown,Unknown,0,Driver,Normal,Not a Pedestrian,Changing lane to the left,Slight Injury
10:43:00,Saturday,31-50,Male,Junior high school,Employee,1-2yr,Other,Governmental,Unknown,0,Residential areas,Undivided Two way,Tangent road with flat terrain,No junction,Asphalt roads,Dry,Daylight,Normal,Vehicle with vehicle collision,2,4,Going straight,Driver or rider,Male,18-30,3,Driver,Normal,Not a Pedestrian,Moving Backward,Slight Injury
16:20:00,Monday,18-30,Male,High school,Employee,1-2yr,Lorry (41?100Q),Owner,Unknown,0,Residential areas,Two-way (divided with broken lines road marking),Tangent road with flat terrain,Y Shape,Asphalt roads,Wet or damp,Darkness - no lighting,Raining,Vehicle with vehicle collision,2,1,Going straight,Driver or rider,Female,18-30,3,Driver,Normal,Not a Pedestrian,No priority to vehicle,Slight Injury
08:57:00,Wednesday,Over 51,Male,Junior high school,Owner,5-10yr,Long lorry,Governmental,Unknown,0,Residential areas,Two-way (divided with broken lines road marking),Tangent road with flat terrain,Y Shape,Asphalt roads,Dry,Daylight,Normal,Vehicle with vehicle collision,2,1,Going straight,Driver or rider,Female,Under 18,3,Unknown,Other,Not a Pedestrian,Driving under the influence of drugs,Slight Injury
17:20:00,Monday,Unknown,Male,Junior high school,Owner,5-10yr,Public (12 seats),Owner,5-10yrs,0,Office areas,Two-way (divided with broken lines road marking),Tangent road with flat terrain,Y Shape,Gravel roads,Wet or damp,Darkness - lights lit,Raining,Vehicle with vehicle collision,1,1,Going straight,Pedestrian,Female,31-50,3,Driver,Normal,Not a Pedestrian,Changing lane to the left,Slight Injury
09:00:00,Thursday,18-30,Male,Junior high school,Employee,5-10yr,Other,Owner,Unknown,0,Residential areas,Two-way (divided with broken lines road marking),Tangent road with flat terrain,Crossing,Asphalt roads,Wet or damp,Daylight,Other,Vehicle with vehicle collision,2,1,Going straight,Driver or rider,Male,18-30,3,Driver,Normal,Not a Pedestrian,Changing lane to the right,Slight Injury
19:30:00,Saturday,18-30,Male,Junior high school,Owner,1-2yr,Automobile,Owner,Unknown,0, Church areas,Double carriageway (median),Tangent road with flat terrain,Y Shape,Asphalt roads,Dry,Daylight,Normal,Collision with roadside objects,2,2,Going straight,Driver or rider,Male,31-50,3,Self-employed,Normal,Not a Pedestrian,No distancing,Serious Injury
15:25:00,Friday,31-50,Male,Junior high school,Employee,1-2yr,Other,Owner,Unknown,0,Other,One way,Tangent road with flat terrain,Other,Asphalt roads,Dry,Daylight,Normal,Vehicle with vehicle collision,2,1,Going straight,Driver or rider,Female,31-50,3,Driver,Normal,Not a Pedestrian,Driving carelessly,Slight Injury
12:55:00,Wednesday,31-50,Female,Elementary school,Owner,5-10yr,Lorry (41?100Q),Owner,2-5yrs,0,Office areas,Double carriageway (median),Tangent road with flat terrain,Y Shape,Asphalt roads,Dry,Daylight,Normal,Vehicle with vehicle collision,2,1,Going straight,Unknown,Unknown,Unknown,0,Unknown,Normal,Not a Pedestrian,Driving carelessly,Slight Injury
15:33:00,Tuesday,31-50,Male,Junior high school,Employee,5-10yr,Automobile,Owner,Unknown,0,Other,Two-way (divided with broken lines road marking),Tangent road with flat terrain,Y Shape,Asphalt roads,Dry,Daylight,Normal,Collision with pedestrians,2,1,Going straight,Driver or rider,Male,31-50,3,Driver,Normal,Not a Pedestrian,No distancing,Slight Injury
19:50:00,Monday,31-50,Male,Junior high school,Owner,2-5yr,Automobile,Owner,Unknown,7,Office areas,Undivided Two way,Tangent road with flat terrain,Y Shape,Other,Dry,Darkness - lights lit,Raining and Windy,Vehicle with vehicle collision,2,1,Going straight,Unknown,Unknown,Unknown,0,Driver,Normal,Not a Pedestrian,Moving Backward,Serious Injury
22:25:00,Thursday,31-50,Male,Junior high school,Employee,1-2yr,Lorry (41?100Q),Owner,5-10yrs,0,School areas,other,Tangent road with flat terrain,Y Shape,Asphalt roads,Dry,Daylight,Normal,Vehicle with vehicle collision,4,2,Going straight,Driver or rider,Male,31-50,3,Unknown,Other,Not a Pedestrian,Changing lane to the right,Slight Injury
13:51:00,Tuesday,Under 18,Male,Elementary school,Owner,Below 1yr,Stationwagen,Owner,Unknown,0,Office areas,Two-way (divided with broken lines road marking),Tangent road with flat terrain,No junction,Asphalt roads,Wet or damp,Daylight,Normal,Vehicle with vehicle collision,1,1,U-Turn,Driver or rider,Female,18-30,3,Unknown,Other,Not a Pedestrian,No priority to vehicle,Serious Injury
07:10:00,Wednesday,18-30,Male,Junior high school,Employee,5-10yr,Ridden horse,Owner,Unknown,0,Other,One way,Tangent road with flat terrain,Y Shape,Asphalt roads,Dry,Daylight,Normal,Collision with pedestrians,2,1,Moving Backward,Unknown,Unknown,Unknown,0,Driver,Normal,Not a Pedestrian,No distancing,Slight Injury
18:00:00,Saturday,18-30,Male,Junior high school,Owner,Above 10yr,Lorry (41?100Q),Owner,1-2yr,0,School areas,Two-way (divided with broken lines road marking),Tangent road with flat terrain,No junction,Asphalt roads,Dry,Daylight,Normal,Vehicle with vehicle collision,2,1,Reversing,Unknown,Unknown,Unknown,0,Self-employed,Other,Not a Pedestrian,Changing lane to the left,Slight Injury
07:50:00,Friday,31-50,Male,Junior high school,Employee,5-10yr,Automobile,Owner,Unknown,0,Office areas,Two-way (divided with broken lines road marking),Tangent road with flat terrain,Y Shape,Asphalt roads,Dry,Daylight,Normal,Vehicle with vehicle collision,2,1,Going straight,Unknown,Unknown,Unknown,0,Driver,Normal,Not a Pedestrian,No distancing,Slight Injury
12:55:00,Monday,18-30,Male,Junior high school,Employee,Above 10yr,Automobile,Owner,Unknown,0,School areas,Undivided Two way,Tangent road with flat terrain,Y Shape,Asphalt roads,Dry,Daylight,Normal,Vehicle with vehicle collision,3,1,Going straight,Unknown,Unknown,Unknown,0,Driver,Normal,Not a Pedestrian,Changing lane to the left,Slight Injury
12:25:00,Tuesday,Over 51,Male,Junior high school,Employee,2-5yr,Automobile,Owner,Unknown,0,School areas,Undivided Two way,Tangent road with flat terrain,Y Shape,Asphalt roads,Dry,Daylight,Normal,Vehicle with vehicle collision,1,1,Other,Driver or rider,Male,31-50,3,Driver,Normal,Not a Pedestrian,Driving carelessly,Slight Injury
01:40:00,Monday,31-50,Male,High school,Owner,Above 10yr,Automobile,Owner,2-5yrs,0,Residential areas,Double carriageway (median),Tangent road with flat terrain,O Shape,Asphalt roads,Dry,Darkness - lights lit,Normal,Vehicle with vehicle collision,2,3,Reversing,Driver or rider,Male,18-30,3,Employee,Normal,Not a Pedestrian,Changing lane to the right,Slight Injury
19:40:00,Thursday,18-30,Male,Elementary school,Owner,5-10yr,Public (13?45 seats),Governmental,5-10yrs,0,Other,Undivided Two way,Tangent road with flat terrain,Y Shape,Asphalt roads,Dry,Darkness - lights lit,Normal,Vehicle with vehicle collision,1,1,Going straight,Pedestrian,Female,18-30,3,Self-employed,Normal,Crossing from nearside - masked by parked or statioNot a Pedestrianry vehicle,No distancing,Slight Injury
19:31:00,Wednesday,18-30,Male,Junior high school,Employee,1-2yr,Other,Owner,5-10yrs,0, Church areas,Undivided Two way,Tangent road with flat terrain,Y Shape,Asphalt roads,Wet or damp,Darkness - lights lit,Raining,Vehicle with vehicle collision,2,1,Entering a junction,Driver or rider,Male,31-50,3,Driver,Normal,Not a Pedestrian,Changing lane to the right,Slight Injury
12:30:00,Wednesday,Over 51,Male,Junior high school,Employee,5-10yr,Stationwagen,Owner,2-5yrs,0,Other,Two-way (divided with broken lines road marking),Tangent road with flat terrain,No junction,Asphalt roads,Dry,Daylight,Normal,Vehicle with vehicle collision,1,1,Other,Unknown,Unknown,Unknown,0,Other,Normal,Not a Pedestrian,Driving carelessly,Slight Injury
17:50:00,Friday,Under 18,Male,Junior high school,Employee,1-2yr,Other,Governmental,Unknown,0,Residential areas,Undivided Two way,Tangent road with flat terrain,Crossing,Asphalt roads,Dry,Darkness - lights lit,Normal,Vehicle with vehicle collision,2,1,Going straight,Driver or rider,Female,31-50,2,Driver,Normal,Not a Pedestrian,Changing lane to the left,Slight Injury
17:45:00,Monday,31-50,Male,Junior high school,Employee,5-10yr,Lorry (41?100Q),Owner,Unknown,0,Other,Undivided Two way,Tangent road with flat terrain,Y Shape,Asphalt roads,Dry,Daylight,Normal,Vehicle with vehicle collision,2,1,Going straight,Driver or rider,Female,31-50,2,Other,Normal,Not a Pedestrian,Changing lane to the right,Slight Injury
05:49:00,Tuesday,Under 18,Male,Elementary school,Employee,5-10yr,Lorry (41?100Q),Owner,Unknown,0, Industrial areas,Two-way (divided with broken lines road marking),Tangent road with flat terrain,No junction,Asphalt roads,Wet or damp,Daylight,Raining,Vehicle with vehicle collision,2,2,Going straight,Driver or rider,Male,18-30,3,Self-employed,Normal,Not a Pedestrian,Changing lane to the right,Serious Injury
15:45:00,Thursday,Under 18,Male,Junior high school,Employee,Above 10yr,Lorry (41?100Q),Owner,Unknown,0,Other,Undivided Two way,Tangent road with flat terrain,Y Shape,Asphalt roads,Dry,Daylight,Normal,Vehicle with vehicle collision,2,1,Going straight,Unknown,Unknown,Unknown,0,Other,Normal,Not a Pedestrian,Changing lane to the left,Serious Injury
11:10:00,Sunday,18-30,Male,Above high school,Employee,No Licence,Automobile,Owner,5-10yrs,0,Other,Undivided Two way,Tangent road with flat terrain,No junction,Asphalt roads,Wet or damp,Daylight,Raining,Vehicle with vehicle collision,3,2,Going straight,Unknown,Unknown,Unknown,0,Self-employed,Normal,Not a Pedestrian,No priority to pedestrian,Slight Injury
13:55:00,Sunday,18-30,Female,Junior high school,Employee,Above 10yr,Lorry (41?100Q),Owner,2-5yrs,0,Office areas,Undivided Two way,Tangent road with mountainous terrain and,No junction,Asphalt roads,Dry,Darkness - lights lit,Normal,Vehicle with vehicle collision,2,1,Other,Unknown,Unknown,Unknown,0,Driver,Normal,Not a Pedestrian,Driving under the influence of drugs,Slight Injury
12:00:00,Tuesday,18-30,Male,Elementary school,Employee,2-5yr,Lorry (41?100Q),Owner,Unknown,0,Other,Two-way (divided with broken lines road marking),Tangent road with flat terrain,Y Shape,Asphalt roads,Dry,Daylight,Normal,Vehicle with vehicle collision,2,1,Going straight,Driver or rider,Male,31-50,3,Self-employed,Normal,Not a Pedestrian,Changing lane to the left,Slight Injury
16:30:00,Tuesday,31-50,Male,Junior high school,Employee,Below 1yr,Lorry (41?100Q),Owner,Unknown,0,Rural village areasOffice areas,other,Tangent road with flat terrain,Y Shape,Asphalt roads,Wet or damp,Daylight,Normal,Vehicle with vehicle collision,2,1,Going straight,Driver or rider,Male,18-30,3,Unknown,Other,Not a Pedestrian,Getting off the vehicle improperly,Slight Injury
08:45:00,Wednesday,18-30,Male,Junior high school,Owner,2-5yr,Automobile,Owner,5-10yrs,0,Office areas,Two-way (divided with broken lines road marking),Tangent road with mild grade and flat terrain,Y Shape,Asphalt roads,Dry,Daylight,Normal,Vehicle with vehicle collision,2,1,Going straight,Unknown,Unknown,Unknown,0,Unknown,Other,Not a Pedestrian,Overtaking,Serious Injury
04:35:00,Wednesday,Unknown,Female,Junior high school,Employee,5-10yr,Automobile,Owner,2-5yrs,0, Church areas,Undivided Two way,Tangent road with flat terrain,Y Shape,Asphalt roads,Wet or damp,Darkness - lights lit,Raining,Vehicle with vehicle collision,2,1,Going straight,Driver or rider,Male,31-50,2,Driver,Normal,Not a Pedestrian,Changing lane to the right,Slight Injury
16:38:00,Thursday,31-50,Male,Elementary school,Employee,5-10yr,Other,Owner,Unknown,0,School areas,Undivided Two way,Tangent road with flat terrain,No junction,Asphalt roads,Dry,Daylight,Normal,Vehicle with vehicle collision,1,1,Going straight,Driver or rider,Male,18-30,3,Self-employed,Normal,Not a Pedestrian,No priority to vehicle,Slight Injury
21:15:00,Sunday,18-30,Unknown,Elementary school,Employee,5-10yr,Pick up upto 10Q,Owner,2-5yrs,0,Residential areas,Two-way (divided with broken lines road marking),Tangent road with flat terrain,No junction,Asphalt roads,Dry,Darkness - lights lit,Normal,Vehicle with vehicle collision,2,1,Going straight,Passenger,Male,18-30,3,Driver,Normal,Not a Pedestrian,No priority to pedestrian,Slight Injury
00:31:00,Friday,18-30,Male,High school,Employee,1-2yr,Automobile,Owner,1-2yr,0,Residential areas,Undivided Two way,Steep grade downward with mountainous terrain,Crossing,Asphalt roads,Dry,Darkness - lights lit,Normal,Collision with roadside objects,2,1,Moving Backward,Passenger,Female,18-30,3,Unknown,Normal,Not a Pedestrian,Changing lane to the left,Slight Injury
10:00:00,Monday,31-50,Male,Elementary school,Owner,5-10yr,Public (13?45 seats),Owner,Unknown,0,Other,Double carriageway (median),Steep grade downward with mountainous terrain,Y Shape,Asphalt roads,Dry,Daylight,Normal,Vehicle with vehicle collision,2,1,Going straight,Unknown,Unknown,Unknown,0,Driver,Normal,Not a Pedestrian,No priority to pedestrian,Slight Injury
17:34:00,Saturday,Unknown,Male,Elementary school,Employee,1-2yr,Automobile,Owner,5-10yrs,0,Other,Two-way (divided with broken lines road marking),Tangent road with flat terrain,Y Shape,Asphalt roads,Dry,Daylight,Normal,Collision with pedestrians,2,1,Going straight,Unknown,Unknown,Unknown,0,Unknown,Other,Not a Pedestrian,Driving carelessly,Slight Injury
13:57:00,Wednesday,Unknown,Female,Junior high school,Employee,Above 10yr,Automobile,Owner,Unknown,0, Church areas,Undivided Two way,Tangent road with flat terrain,Crossing,Asphalt roads,Snow,Daylight,Normal,Vehicle with vehicle collision,4,2,Going straight,Passenger,Male,Under 18,3,Self-employed,Normal,Not a Pedestrian,Driving carelessly,Slight Injury
16:20:00,Wednesday,Unknown,Female,Elementary school,Employee,Below 1yr,Stationwagen,Governmental,Below 1yr,0,Residential areas,Two-way (divided with broken lines road marking),Tangent road with flat terrain,Other,Asphalt roads,Dry,Daylight,Normal,Vehicle with vehicle collision,2,1,Going straight,Driver or rider,Male,31-50,3,Employee,Normal,Not a Pedestrian,No priority to vehicle,Slight Injury
17:35:00,Wednesday,18-30,Male,Junior high school,Employee,Below 1yr,Automobile,Governmental,Unknown,0, Church areas,Two-way (divided with broken lines road marking),Tangent road with flat terrain,No junction,Asphalt roads,Wet or damp,Darkness - lights lit,Raining,Collision with roadside objects,2,3,Going straight,Unknown,Unknown,Unknown,0,Driver,Normal,Not a Pedestrian,Other,Slight Injury
22:15:00,Tuesday,18-30,Male,Junior high school,Employee,2-5yr,Lorry (41?100Q),Governmental,2-5yrs,0,Residential areas,Two-way (divided with broken lines road marking),Tangent road with flat terrain,No junction,Asphalt roads,Wet or damp,Darkness - lights lit,Normal,Vehicle with vehicle collision,2,2,Going straight,Unknown,Unknown,Unknown,0,Driver,Normal,Not a Pedestrian,No distancing,Serious Injury
08:43:00,Wednesday,31-50,Male,Illiterate,Employee,2-5yr,Public (> 45 seats),Owner,Above 10yr,0,Residential areas,other,Tangent road with flat terrain,Crossing,Asphalt roads,Dry,Daylight,Normal,Vehicle with vehicle collision,2,1,Moving Backward,Driver or rider,Female,18-30,3,Self-employed,Normal,Not a Pedestrian,Changing lane to the left,Serious Injury
03:40:00,Saturday,18-30,Male,Elementary school,Owner,5-10yr,Pick up upto 10Q,Owner,Above 10yr,0,Residential areas,Two-way (divided with broken lines road marking),Tangent road with flat terrain,Y Shape,Asphalt roads,Wet or damp,Darkness - lights lit,Windy,Vehicle with vehicle collision,1,1,Going straight,Driver or rider,Male,18-30,3,Unknown,Other,Not a Pedestrian,Changing lane to the left,Slight Injury
07:55:00,Monday,18-30,Male,Junior high school,Owner,Below 1yr,Pick up upto 10Q,Owner,Unknown,0,Residential areas,Two-way (divided with broken lines road marking),Tangent road with flat terrain,No junction,Asphalt roads,Wet or damp,Daylight,Normal,Vehicle with vehicle collision,1,1,Going straight,Unknown,Unknown,Unknown,0,Unknown,Other,Not a Pedestrian,Changing lane to the right,Serious Injury
11:10:00,Sunday,18-30,Male,High school,Employee,Above 10yr,Automobile,Governmental,5-10yrs,0,Other,Undivided Two way,Tangent road with flat terrain,No junction,Asphalt roads,Wet or damp,Daylight,Raining,Vehicle with vehicle collision,3,2,Moving Backward,Unknown,Unknown,Unknown,0,Unknown,Other,Not a Pedestrian,Changing lane to the right,Slight Injury
15:08:00,Monday,Over 51,Male,Elementary school,Other,5-10yr,Other,Owner,2-5yrs,0,Office areas,Two-way (divided with broken lines road marking),Tangent road with mild grade and flat terrain,Y Shape,Asphalt roads,Wet or damp,Darkness - lights lit,Other,Vehicle with vehicle collision,2,1,Going straight,Unknown,Unknown,Unknown,0,Self-employed,Normal,Not a Pedestrian,No priority to vehicle,Slight Injury
14:49:00,Monday,Over 51,Male,Elementary school,Employee,1-2yr,Automobile,Owner,Unknown,0,Other,Two-way (divided with broken lines road marking),Tangent road with flat terrain,Y Shape,Asphalt roads,Dry,Daylight,Normal,Vehicle with vehicle collision,2,2,Getting off,Unknown,Unknown,Unknown,0,Self-employed,Normal,Not a Pedestrian,Changing lane to the right,Slight Injury
11:15:00,Friday,31-50,Male,Junior high school,Employee,5-10yr,Other,Owner,2-5yrs,0,Residential areas,Undivided Two way,Steep grade downward with mountainous terrain,Y Shape,Asphalt roads,Dry,Daylight,Normal,Vehicle with vehicle collision,2,2,Going straight,Driver or rider,Male,18-30,3,Self-employed,Normal,Not a Pedestrian,Getting off the vehicle improperly,Slight Injury
13:45:00,Thursday,31-50,Male,High school,Employee,2-5yr,Stationwagen,Owner,5-10yrs,0,Residential areas,One way,Tangent road with flat terrain,Crossing,Asphalt roads,Wet or damp,Daylight,Raining,Vehicle with vehicle collision,2,1,Other,Unknown,Unknown,Unknown,0,Employee,Normal,Not a Pedestrian,Driving carelessly,Serious Injury
19:45:00,Saturday,Unknown,Male,Junior high school,Employee,2-5yr,Other,Owner,Unknown,0,Residential areas,other,Tangent road with flat terrain,No junction,Asphalt roads,Dry,Darkness - lights lit,Normal,Vehicle with vehicle collision,3,1,Going straight,Unknown,Unknown,Unknown,0,Driver,Normal,Not a Pedestrian,Driving carelessly,Slight Injury
15:25:00,Tuesday,18-30,Male,Junior high school,Employee,2-5yr,Other,Owner,2-5yrs,0,School areas,Undivided Two way,Tangent road with mild grade and flat terrain,Y Shape,Asphalt roads,Dry,Daylight,Normal,Vehicle with vehicle collision,1,1,Going straight,Driver or rider,Male,31-50,3,Unknown,Other,Not a Pedestrian,Moving Backward,Serious Injury
00:30:00,Sunday,Over 51,Male,Junior high school,Employee,5-10yr,Pick up upto 10Q,Owner,Unknown,0,Office areas,Two-way (divided with broken lines road marking),Tangent road with flat terrain,Y Shape,Asphalt roads,Dry,Darkness - lights lit,Normal,Collision with roadside objects,2,3,Going straight,Unknown,Unknown,Unknown,0,Driver,Normal,Not a Pedestrian,Moving Backward,Slight Injury
22:02:00,Saturday,18-30,Male,High school,Employee,2-5yr,Automobile,Owner,Unknown,0,Office areas,Double carriageway (median),Tangent road with flat terrain,Y Shape,Asphalt roads,Dry,Darkness - lights lit,Normal,Collision with roadside objects,2,2,Going straight,Driver or rider,Male,5,3,Other,Normal,Not a Pedestrian,Changing lane to the right,Slight Injury
10:18:00,Friday,18-30,Male,Junior high school,Employee,2-5yr,Automobile,Owner,5-10yrs,0,Other,other,Tangent road with flat terrain,Y Shape,Asphalt roads,Dry,Daylight,Normal,Vehicle with vehicle collision,1,1,Going straight,Driver or rider,Male,Over 51,3,Driver,Normal,Not a Pedestrian,Changing lane to the left,Slight Injury
18:06:00,Saturday,31-50,Male,High school,Owner,Below 1yr,Public (12 seats),Owner,Above 10yr,0,Other,other,Steep grade downward with mountainous terrain,Y Shape,Asphalt roads,Dry,Daylight,Normal,Vehicle with vehicle collision,2,1,Turnover,Passenger,Male,18-30,3,Unknown,Other,Not a Pedestrian,No priority to vehicle,Slight Injury
16:26:00,Tuesday,Over 51,Male,Junior high school,Employee,Above 10yr,Lorry (41?100Q),Owner,5-10yrs,0,Office areas,Two-way (divided with broken lines road marking),Tangent road with mountainous terrain and,Y Shape,Asphalt roads,Dry,Daylight,Normal,Vehicle with vehicle collision,2,1,Going straight,Unknown,Unknown,Unknown,0,Self-employed,Normal,Not a Pedestrian,No priority to vehicle,Serious Injury
18:32:00,Tuesday,18-30,Male,Junior high school,Employee,5-10yr,Automobile,Owner,Unknown,0,Office areas,Two-way (divided with broken lines road marking),Tangent road with flat terrain,Y Shape,Asphalt roads,Dry,Daylight,Normal,Collision with pedestrians,2,2,Going straight,Passenger,Male,18-30,3,Driver,Blind,Not a Pedestrian,No distancing,Slight Injury
11:10:00,Sunday,18-30,Male,Elementary school,Employee,2-5yr,Automobile,Owner,Unknown,0,Office areas,One way,Tangent road with flat terrain,No junction,Asphalt roads,Dry,Daylight,Normal,Vehicle with vehicle collision,2,2,Going straight,Driver or rider,Male,18-30,3,Unknown,Other,Not a Pedestrian,Overtaking,Slight Injury
09:45:00,Wednesday,Over 51,Male,High school,Owner,2-5yr,Automobile,Owner,2-5yrs,0,Residential areas,Double carriageway (median),Tangent road with flat terrain,Crossing,Asphalt roads,Dry,Daylight,Normal,Collision with roadside objects,2,1,Moving Backward,Pedestrian,Female,Over 51,3,Unknown,Other,Not a Pedestrian,Driving carelessly,Slight Injury
17:21:00,Friday,18-30,Male,Junior high school,Employee,2-5yr,Automobile,Owner,1-2yr,0, Industrial areas,One way,Tangent road with flat terrain,Y Shape,Asphalt roads,Dry,Daylight,Normal,Collision with pedestrians,2,1,Going straight,Pedestrian,Male,Over 51,3,Driver,Normal,Not a Pedestrian,No priority to vehicle,Slight Injury
09:55:00,Monday,Over 51,Male,Junior high school,Employee,5-10yr,Pick up upto 10Q,Owner,Unknown,0,Other,Two-way (divided with broken lines road marking),Tangent road with flat terrain,No junction,Asphalt roads,Dry,Daylight,Normal,Vehicle with vehicle collision,2,2,Going straight,Driver or rider,Male,31-50,3,Driver,Normal,Not a Pedestrian,Overtaking,Slight Injury
01:05:00,Sunday,31-50,Male,Junior high school,Employee,5-10yr,Automobile,Owner,Unknown,0,Other,Undivided Two way,Tangent road with flat terrain,No junction,Asphalt roads,Dry,Darkness - lights lit,Normal,Collision with pedestrians,2,2,Going straight,Driver or rider,Male,31-50,3,Unknown,Other,Not a Pedestrian,No priority to vehicle,Slight Injury
10:15:00,Monday,Over 51,Male,High school,Employee,Below 1yr,Ridden horse,Owner,2-5yrs,0,Rural village areas,Undivided Two way,Gentle horizontal curve,Y Shape,Gravel roads,Dry,Daylight,Normal,Vehicle with vehicle collision,2,1,Going straight,Pedestrian,Female,18-30,3,Self-employed,Normal,Not a Pedestrian,No distancing,Slight Injury
23:35:00,Thursday,18-30,Male,Junior high school,Employee,1-2yr,Public (13?45 seats),Owner,Unknown,0, Industrial areas,Two-way (divided with broken lines road marking),Tangent road with flat terrain,Y Shape,Asphalt roads,Wet or damp,Darkness - no lighting,Raining,Vehicle with vehicle collision,1,1,Going straight,Pedestrian,Female,18-30,3,Unknown,Other,Not a Pedestrian,Driving carelessly,Slight Injury
15:05:00,Monday,Under 18,Male,High school,Employee,2-5yr,Lorry (11?40Q),Owner,Unknown,0,School areas,other,Steep grade downward with mountainous terrain,Other,Asphalt roads,Dry,Daylight,Normal,Vehicle with vehicle collision,2,1,Going straight,Driver or rider,Male,18-30,3,Driver,Normal,Not a Pedestrian,No priority to vehicle,Slight Injury
07:30:00,Tuesday,18-30,Male,Elementary school,Employee,5-10yr,Lorry (41?100Q),Organization,5-10yrs,0,Office areas,Two-way (divided with broken lines road marking),Gentle horizontal curve,Crossing,Asphalt roads,Wet or damp,Darkness - lights lit,Other,Vehicle with vehicle collision,2,1,Going straight,Unknown,Unknown,Unknown,0,Driver,Normal,Not a Pedestrian,No distancing,Slight Injury