time,day_of_week,age_band_of_driver,sex_of_driver,educational_level,vehicle_driver_relation,driving_experience,type_of_vehicle,owner_of_vehicle,service_year_of_vehicle,defect_of_vehicle,area_accident_occured,lanes_or_medians,road_allignment,types_of_junction,road_surface_type,road_surface_conditions,light_conditions,weather_conditions,type_of_collision,number_of_vehicles_involved,number_of_casualties,vehicle_movement,casualty_class,sex_of_casualty,age_band_of_casualty,casualty_severity,work_of_casualty,fitness_of_casualty,pedestrian_movement,cause_of_accident,accident_severity
14:10:00,Wednesday,Unknown,Male,Elementary school,Employee,5-10yr,Automobile,Owner,Unknown,0,Rural village areasOffice areas,other,Tangent road with flat terrain,No junction,Asphalt roads,Dry,Daylight,Normal,Vehicle with vehicle collision,1,1,Other,Driver or rider,Female,31-50,3,Unknown,Other,Not a Pedestrian,No priority to vehicle,Slight Injury
16:50:00,Tuesday,31-50,Male,Junior high school,Employee,2-5yr,Lorry (41?100Q),Owner,Unknown,0,Office areas,Double carriageway (median),Tangent road with flat terrain,Y Shape,Asphalt roads,Dry,Darkness - lights lit,Normal,Collision with roadside objects,1,1,Going straight,Unknown,Unknown,Unknown,0,Unknown,Other,Not a Pedestrian,Overtaking,Slight Injury
07:30:00,Tuesday,31-50,Male,Junior high school,Employee,5-10yr,Automobile,Owner,Unknown,0,School areas,Two-way (divided with broken lines road marking),Tangent road with flat terrain,Y Shape,Asphalt roads,Dry,Darkness - lights lit,Normal,Vehicle with vehicle collision,2,1,Getting off,Pedestrian,Female,18-30,3,Driver,Normal,Not a Pedestrian,No priority to pedestrian,Slight Injury
21:11:00,Thursday,18-30,Male,Elementary school,Employee,2-5yr,Other,Owner,Unknown,0,  Market areas,Undivided Two way,Tangent road with flat terrain,No junction,Asphalt roads,Dry,Darkness - lights lit,Normal,Vehicle with vehicle collision,3,3,Going straight,Driver or rider,Male,Under 18,3,Unknown,Other,Not a Pedestrian,Driving carelessly,Slight Injury
08:40:00,Sunday,31-50,Male,Writing & reading,Owner,5-10yr,Automobile,Owner,2-5yrs,0,School areas,Undivided Two way,Tangent road with flat terrain,Y Shape,Asphalt roads,Wet or damp,Darkness - lights lit,Raining,Collision with roadside objects,2,1,Going straight,Driver or rider,Male,18-30,3,Unknown,Other,Not a Pedestrian,Driving to the left,Slight Injury
14:57:00,Monday,Unknown,Female,Junior high school,Employee,1-2yr,Public (> 45 seats),Governmental,1-2yr,0,Other,Undivided Two way,Tangent road with flat terrain,Crossing,Asphalt roads,Dry,Daylight,Normal,Vehicle with vehicle collision,3,2,Unknown,Passenger,Female,18-30,2,Driver,Normal,Not a Pedestrian,No distancing,Slight Injury
18:12:00,Tuesday,18-30,Male,Junior high school,Employee,Above 10yr,Automobile,Owner,Unknown,0,Other,Undivided Two way,Tangent road with flat terrain,Crossing,Asphalt roads,Dry,Daylight,Normal,Vehicle with vehicle collision,2,1,Going straight,Passenger,Male,18-30,3,Driver,Normal,Not a Pedestrian,No priority to vehicle,Slight Injury
09:10:00,Friday,Unknown,Female,High school,Employee,Below 1yr,Lorry (41?100Q),Owner,2-5yrs,0,Other,Undivided Two way,Tangent road with flat terrain,Y Shape,Asphalt roads,Dry,Daylight,Normal,Vehicle with vehicle collision,2,1,Going straight,Passenger,Female,31-50,2,Driver,Normal,Not a Pedestrian,Changing lane to the left,Serious Injury
10:04:00,Wednesday,31-50,Male,Elementary school,Employee,Above 10yr,Automobile,Owner,Unknown,0,Office areas,Undivided Two way,Tangent road with flat terrain,Y Shape,Asphalt roads,Dry,Daylight,Normal,Vehicle with vehicle collision,3,1,Going straight,Unknown,Unknown,Unknown,0,Unknown,Other,Not a Pedestrian,Changing lane to the right,Slight Injury
21:40:00,Wednesday,18-30,Male,Junior high school,Employee,5-10yr,Lorry (41?100Q),Owner,Unknown,0,Other,Two-way (divided with broken lines road marking),Tangent road with flat terrain,No junction,Asphalt roads,Wet or damp,Darkness - lights lit,Windy,Collision with roadside objects,2,1,Going straight,Unknown,Unknown,Unknown,0,Driver,Normal,Not a Pedestrian,No distancing,Slight Injury
14:07:00,Wednesday,18-30,Male,Junior high school,Owner,5-10yr,Lorry (11?40Q),Owner,2-5yrs,0,Office areas,Two-way (divided with broken lines road marking),Tangent road with mountainous terrain and,No junction,Asphalt roads,Dry,Daylight,Normal,Vehicle with vehicle collision,2,3,Other,Unknown,Unknown,Unknown,0,Driver,Normal,Not a Pedestrian,Driving carelessly,Slight Injury
22:35:00,Thursday,18-30,Male,Junior high school,Employee,1-2yr,Stationwagen,Governmental,Above 10yr,0,Residential areas,other,Tangent road with flat terrain,No junction,Asphalt roads,Dry,Darkness - lights lit,Normal,Vehicle with vehicle collision,1,1,Overtaking,Pedestrian,Female,Under 18,3,Driver,Normal,Crossing from offside - masked by  parked or statioNot a Pedestrianry vehicle,Changing lane to the left,Fatal injury
15:04:00,Wednesday,31-50,Male,Junior high school,Employee,2-5yr,Automobile,Owner,5-10yrs,0, Church areas,Unknown,Tangent road with mountainous terrain and,No junction,Asphalt roads,Dry,Daylight,Normal,Vehicle with vehicle collision,2,3,Reversing,Driver or rider,Male,Over 51,3,Driver,Normal,Not a Pedestrian,Other,Slight Injury
15:10:00,Tuesday,Over 51,Male,Junior high school,Employee,5-10yr,Automobile,Owner,Unknown,0,Other,Undivided Two way,Tangent road with mountainous terrain and,Y Shape,Asphalt roads,Dry,Daylight,Normal,Rollover,2,1,Going straight,Pedestrian,Male,31-50,3,Driver,Normal,Crossing from offside - masked by  parked or statioNot a Pedestrianry vehicle,Changing lane to the right,Slight Injury
17:00:00,Wednesday,31-50,Male,Junior high school,Employee,5-10yr,Stationwagen,Owner,Unknown,0,Office areas,Two-way (divided with broken lines road marking),Tangent road with flat terrain,Y Shape,Asphalt roads,Dry,Daylight,Normal,Vehicle with vehicle collision,2,1,Going straight,Unknown,Unknown,Unknown,0,Driver,Normal,Not a Pedestrian,No distancing,Slight Injury
17:40:00,Monday,31-50,Male,Elementary school,Owner,5-10yr,Automobile,Owner,Unknown,0,Office areas,Undivided Two way,Tangent road with flat terrain,Crossing,Asphalt roads,Dry,Daylight,Unknown,Vehicle with vehicle collision,2,1,Going straight,Pedestrian,Male,18-30,3,Driver,Normal,Unknown or other,Driving carelessly,Slight Injury
17:35:00,Saturday,18-30,Female,Elementary school,Owner,5-10yr,Stationwagen,Owner,Above 10yr,0,Residential areas,Two-way (divided with broken lines road marking),Tangent road with flat terrain,Y Shape,Asphalt roads,Wet or damp,Daylight,Normal,Collision with roadside objects,2,1,Going straight,Driver or rider,Male,18-30,3,Self-employed,Normal,Not a Pedestrian,No distancing,Slight Injury
20:45:00,Monday,18-30,Male,Elementary school,Owner,5-10yr,Lorry (41?100Q),Owner,Unknown,0,Office areas,Two-way (divided with broken lines road marking),Tangent road with flat terrain,Y Shape,Asphalt roads,Dry,Darkness - lights lit,Normal,Collision with roadside objects,2,1,Going straight,Driver or rider,Male,18-30,3,Driver,Normal,Not a Pedestrian,No distancing,Slight Injury
22:04:00,Saturday,31-50,Male,Junior high school,Owner,2-5yr,Automobile,Owner,Unknown,0, Church areas,Undivided Two way,Tangent road with flat terrain,No junction,Asphalt roads,Dry,Darkness - lights lit,Normal,Collision with roadside objects,2,3,Going straight,Driver or rider,Male,31-50,3,Unknown,Normal,Not a Pedestrian,No priority to pedestrian,Serious Injury
20:00:00,Saturday,Over 51,Unknown,Junior high school,Employee,5-10yr,Automobile,Owner,Unknown,0,Office areas,other,Tangent road with mountainous terrain and,Crossing,Asphalt roads,Wet or damp,Darkness - lights lit,Other,Collision with roadside objects,1,1,Going straight,Passenger,Male,Over 51,3,Unknown,Normal,Not a Pedestrian,Moving Backward,Slight Injury
10:30:00,Monday,Under 18,Male,Elementary school,Employee,5-10yr,Lorry (41?100Q),Other,1-2yr,0,  Recreational areas,other,Tangent road with flat terrain,Other,Asphalt roads,Dry,Daylight,Normal,Vehicle with vehicle collision,2,1,Going straight,Driver or rider,Male,Under 18,3,Driver,Normal,Not a Pedestrian,Changing lane to the left,Slight Injury
16:00:00,Tuesday,Over 51,Male,Junior high school,Employee,5-10yr,Stationwagen,Owner,Unknown,0,Residential areas,Undivided Two way,Tangent road with flat terrain,Unknown,Asphalt roads,Dry,Daylight,Normal,Vehicle with vehicle collision,2,2,Going straight,Pedestrian,Female,Over 51,3,Unknown,Normal,Not a Pedestrian,Driving carelessly,Slight Injury
21:10:00,Friday,31-50,Male,Junior high school,Employee,Below 1yr,Automobile,Owner,Unknown,0,Other,other,Steep grade downward with mountainous terrain,No junction,Asphalt roads,Dry,Darkness - lights lit,Normal,Vehicle with vehicle collision,4,1,Other,Unknown,Unknown,Unknown,0,Driver,Normal,Not a Pedestrian,Driving under the influence of drugs,Slight Injury
00:09:00,Monday,18-30,Female,Junior high school,Employee,Above 10yr,Public (12 seats),Owner,Unknown,0,Office areas,One way,Tangent road with flat terrain,No junction,Asphalt roads,Wet or damp,Darkness - lights lit,Normal,Vehicle with vehicle collision,2,2,Other,Unknown,Unknown,Unknown,0,Self-employed,Normal,Not a Pedestrian,No priority to pedestrian,Slight Injury
16:30:00,Tuesday,31-50,Male,Junior high school,Employee,Below 1yr,Automobile,Owner,2-5yrs,0,Other,Undivided Two way,Tangent road with mountainous terrain and,Crossing,Asphalt roads,Snow,Daylight,Snow,Vehicle with vehicle collision,3,2,Going straight,Unknown,Unknown,Unknown,0,Driver,Normal,Not a Pedestrian,Changing lane to the right,Slight Injury
12:10:00,Tuesday,Over 51,Male,Junior high school,Employee,5-10yr,Automobile,Owner,Above 10yr,0, Industrial areas,Undivided Two way,Tangent road with flat terrain,Y Shape,Asphalt roads,Wet or damp,Darkness - lights lit,Normal,Vehicle with vehicle collision,1,2,Going straight,Unknown,Unknown,Unknown,0,Self-employed,Normal,Not a Pedestrian,Changing lane to the right,Slight Injury
17:35:00,Saturday,18-30,Male,Elementary school,Owner,5-10yr,Automobile,Owner,Unknown,0,Office areas,One way,Tangent road with flat terrain,Crossing,Earth roads,Dry,Daylight,Normal,Vehicle with vehicle collision,2,8,Going straight,Driver or rider,Male,18-30,3,Driver,Normal,Not a Pedestrian,Moving Backward,Slight Injury
20:00:00,Friday,31-50,Male,High school,Employee,5-10yr,Lorry (41?100Q),Owner,Unknown,0,Other,Undivided Two way,Tangent road with flat terrain,Y Shape,Asphalt roads,Dry,Daylight,Normal,Vehicle with vehicle collision,1,1,Going straight,Unknown,Unknown,Unknown,0,Self-employed,Normal,Not a Pedestrian,Driving under the influence of drugs,Slight Injury
12:32:00,Sunday,18-30,Male,Junior high school,Employee,2-5yr,Automobile,Owner,Unknown,0,Office areas,Two-way (divided with broken lines road marking),Tangent road with flat terrain,Unknown,Asphalt roads,Dry,Daylight,Normal,Collision with roadside objects,2,2,Going straight,Driver or rider,Male,18-30,3,Unknown,Other,Not a Pedestrian,No priority to vehicle,Slight Injury
14:00:00,Friday,31-50,Male,Elementary school,Employee,2-5yr,Lorry (41?100Q),Owner,5-10yrs,0,Other,Undivided Two way,Tangent road with flat terrain,Y Shape,Asphalt roads,Dry,Daylight,Normal,Collision with roadside objects,2,1,Going straight,Driver or rider,Male,Under 18,3,Self-employed,Normal,Not a Pedestrian,Driving carelessly,Slight Injury
12:15:00,Tuesday,Over 51,Male,Junior high school,Employee,Above 10yr,Automobile,Owner,5-10yrs,0,Residential areas,Undivided Two way,Tangent road with flat terrain,Y Shape,Asphalt roads,Wet or damp,Daylight,Normal,Collision with roadside objects,2,3,Going straight,Driver or rider,Male,18-30,2,Self-employed,Normal,Not a Pedestrian,Changing lane to the right,Fatal injury
08:45:00,Sunday,31-50,Male,Junior high school,Employee,Above 10yr,Lorry (11?40Q),Owner,Unknown,0,Office areas,One way,Tangent road with flat terrain,Crossing,Asphalt roads,Dry,Daylight,Normal,Collision with animals,2,1,Moving Backward,Passenger,Male,Under 18,3,Unknown,Other,Not a Pedestrian,No distancing,Serious Injury
17:10:00,Monday,18-30,Male,Junior high school,Employee,Above 10yr,Other,Governmental,Unknown,0,Residential areas,other,Tangent road with flat terrain,Y Shape,Asphalt roads,Wet or damp,Darkness - lights lit,Windy,Vehicle with vehicle collision,2,1,Going straight,Driver or rider,Female,31-50,3,Unknown,Normal,Not a Pedestrian,No distancing,Slight Injury
07:30:00,Friday,31-50,Male,Junior high school,Employee,2-5yr,Public (> 45 seats),Owner,Unknown,0,Office areas,One way,Tangent road with flat terrain,Crossing,Asphalt roads,Wet or damp,Daylight,Raining,Vehicle with vehicle collision,2,1,Reversing,Driver or rider,Male,Over 51,2,Driver,Normal,Not a Pedestrian,Driving carelessly,Serious Injury
14:59:00,Wednesday,Under 18,Male,Junior high school,Employee,5-10yr,Automobile,Owner,5-10yrs,0,Residential areas,Undivided Two way,Tangent road with flat terrain,Other,Asphalt roads,Dry,Daylight,Normal,Vehicle with vehicle collision,2,2,Going straight,Driver or rider,Male,18-30,3,Driver,Normal,Not a Pedestrian,Moving Backward,Slight Injury
13:40:00,Sunday,31-50,Male,Elementary school,Employee,5-10yr,Automobile,Owner,Unknown,0, Industrial areas,Undivided Two way,Tangent road with flat terrain,Crossing,Asphalt roads,Dry,Daylight,Normal,Vehicle with vehicle collision,4,7,Going straight,Unknown,Unknown,Unknown,0,Unknown,Other,Not a Pedestrian,No distancing,Slight Injury
14:23:00,Monday,Under 18,Male,Junior high school,Employee,Above 10yr,Automobile,Owner,Unknown,0,Office areas,Two-way (divided with broken lines road marking),Tangent road with flat terrain,Crossing,Asphalt roads,Dry,Daylight,Normal,Collision with roadside objects,2,1,Going straight,Driver or rider,Male,31-50,3,Employee,Normal,Not a Pedestrian,Moving Backward,Slight Injury
16:40:00,Monday,18-30,Male,Illiterate,Owner,1-2yr,Automobile,Owner,Unknown,0,Other,Two-way (divided with broken lines road marking),Steep grade downward with mountainous terrain,No junction,Asphalt roads,Dry,Darkness - lights lit,Normal,Vehicle with vehicle collision,2,1,Going straight,Pedestrian,Male,18-30,3,Employee,Normal,Unknown or other,No distancing,Slight Injury
11:45:00,Saturday,Over 51,Male,Elementary school,Employee,5-10yr,Other,Owner,Unknown,0,Other,One way,Tangent road with flat terrain,Y Shape,Asphalt roads,Dry,Daylight,Normal,Collision with roadside objects,2,1,Turnover,Unknown,Unknown,Unknown,0,Self-employed,Normal,Not a Pedestrian,No priority to vehicle,Slight Injury
14:30:00,Friday,18-30,Male,Elementary school,Employee,1-2yr,Lorry (41?100Q),Owner,Unknown,0,School areas,Undivided Two way,Tangent road with flat terrain,Crossing,Asphalt roads,Dry,Daylight,Unknown,Vehicle with vehicle collision,2,1,Going straight,Unknown,Unknown,Unknown,0,Unknown,Other,Not a Pedestrian,Driving carelessly,Slight Injury
19:21:00,Thursday,31-50,Male,Elementary school,Employee,Below 1yr,Lorry (41?100Q),Owner,Unknown,0,Office areas,Undivided Two way,Tangent road with flat terrain,No junction,Asphalt roads,Dry,Daylight,Normal,Vehicle with vehicle collision,2,1,Going straight,Driver or rider,Male,18-30,3,Driver,Normal,Not a Pedestrian,No distancing,Slight Injury
19:38:00,Thursday,18-30,Male,Junior high school,Employee,5-10yr,Lorry (41?100Q),Owner,Unknown,0,Residential areas,Two-way (divided with broken lines road marking),Tangent road with flat terrain,Crossing,Asphalt roads,Dry,Darkness - lights lit,Normal,Vehicle with vehicle collision,1,1,Other,Unknown,Unknown,Unknown,0,Unknown,Other,Not a Pedestrian,No priority to pedestrian,Slight Injury
11:45:00,Saturday,Over 51,Male,Junior high school,Employee,Below 1yr,Long lorry,Owner,Unknown,0,Residential areas,Two-way (divided with broken lines road marking),Tangent road with flat terrain,Y Shape,Asphalt roads,Wet or damp,Daylight,Other,Vehicle with vehicle collision,2,3,Going straight,Passenger,Male,5,3,Driver,Normal,Not a Pedestrian,No distancing,Slight Injury
22:10:00,Tuesday,18-30,Male,Junior high school,Employee,5-10yr,Other,Owner,Unknown,0,Other,One way,Escarpments,No junction,Asphalt roads,Dry,Darkness - lights lit,Normal,Vehicle with vehicle collision,3,2,Going straight,Driver or rider,Male,31-50,3,Self-employed,Normal,Not a Pedestrian,No priority to pedestrian,Slight Injury
08:45:00,Wednesday,Unknown,Male,Junior high school,Employee,5-10yr,Automobile,Owner,Unknown,0,Other,Two-way (divided with broken lines road marking),Tangent road with flat terrain,No junction,Asphalt roads,Dry,Daylight,Normal,Vehicle with vehicle collision,1,1,Going straight,Pedestrian,Female,31-50,3,Driver,Other,Unknown or other,No priority to pedestrian,Slight Injury
23:56:00,Sunday,18-30,Male,Junior high school,Employee,2-5yr,Automobile,Governmental,1-2yr,0, Industrial areas,One way,Tangent road with flat terrain,Y Shape,Asphalt roads,Dry,Darkness - lights lit,Normal,Vehicle with vehicle collision,3,4,Overtaking,Unknown,Unknown,Unknown,0,Driver,Normal,Not a Pedestrian,Other,Slight Injury
20:08:00,Friday,31-50,Male,Above high school,Employee,Above 10yr,Automobile,Governmental,Unknown,0,Other,Two-way (divided with broken lines road marking),Tangent road with flat terrain,Crossing,Asphalt roads,Dry,Darkness - lights lit,Normal,Vehicle with vehicle collision,4,1,Other,Driver or rider,Male,31-50,3,Driver,Normal,Not a Pedestrian,No priority to vehicle,Slight Injury
18:40:00,Saturday,18-30,Male,Junior high school,Owner,1-2yr,Automobile,Owner,1-2yr,0,Office areas,Undivided Two way,Tangent road with flat terrain,Y Shape,Asphalt roads,Dry,Daylight,Normal,Vehicle with vehicle collision,2,1,Going straight,Passenger,Male,Under 18,3,Driver,Normal,Not a Pedestrian,Changing lane to the right,Slight Injury
15:20:00,Sunday,Over 51,Male,Junior high school,Employee,5-10yr,Automobile,Owner,Unknown,0,Office areas,other,Tangent road with flat terrain,No junction,Asphalt roads,Dry,Daylight,Normal,Vehicle with vehicle collision,2,3,Going straight,Pedestrian,Female,Over 51,3,Self-employed,Normal,Not a Pedestrian,No distancing,Slight Injury
11:15:00,Thursday,Over 51,Male,Junior high school,Employee,1-2yr,Other,Owner,Above 10yr,0,Other,Undivided Two way,Tangent road with flat terrain,No junction,Asphalt roads,Wet or damp,Daylight,Raining,Collision with roadside objects,2,1,Going straight,Unknown,Unknown,Unknown,0,Self-employed,Normal,Not a Pedestrian,Changing lane to the right,Slight Injury
14:28:00,Saturday,31-50,Male,Junior high school,Owner,5-10yr,Public (12 seats),Governmental,Unknown,0,Office areas,Two-way (divided with broken lines road marking),Escarpments,Y Shape,Asphalt roads,Wet or damp,Daylight,Raining,Vehicle with vehicle collision,2,1,Going straight,Driver or rider,Male,Over 51,3,Driver,Normal,Not a Pedestrian,No priority to vehicle,Slight Injury
11:15:00,Friday,31-50,Male,Junior high school,Employee,Above 10yr,Public (12 seats),Owner,Unknown,0,School areas,Double carriageway (median),Tangent road with flat terrain,Y Shape,Asphalt roads,Dry,Daylight,Normal,Collision with pedestrians,2,2,Going straight,Pedestrian,Female,Over 51,2,Self-employed,Normal,Crossing from nearside - masked by parked or statioNot a Pedestrianry vehicle,No priority to vehicle,Slight Injury
12:30:00,Friday,18-30,Male,Elementary school,Employee,Above 10yr,Stationwagen,Owner,Unknown,0,Other,Two-way (divided with broken lines road marking),Tangent road with flat terrain,Y Shape,Asphalt roads,Dry,Daylight,Normal,Vehicle with vehicle collision,2,1,Waiting to go,Passenger,Male,18-30,3,Driver,Normal,Not a Pedestrian,Changing lane to the right,Slight Injury
10:40:00,Thursday,Over 51,Male,Junior high school,Employee,1-2yr,Automobile,Owner,Unknown,0,Office areas,Two-way (divided with broken lines road marking),Tangent road with flat terrain,No junction,Asphalt roads,Dry,Daylight,Normal,Vehicle with vehicle collision,2,1,Going straight,Unknown,Unknown,Unknown,0,Driver,Normal,Not a Pedestrian,Overtaking,Slight Injury
15:20:00,Saturday,31-50,Male,Junior high school,Employee,5-10yr,Other,Owner,Unknown,0,Office areas,Undivided Two way,Tangent road with flat terrain,Y Shape,Asphalt roads,Dry,Daylight,Cloudy,Vehicle with vehicle collision,2,2,Getting off,Driver or rider,Male,Over 51,3,Unknown,Other,Not a Pedestrian,No distancing,Slight Injury
08:20:00,Friday,31-50,Male,Writing & reading,Employee,Below 1yr,Public (12 seats),Organization,5-10yrs,0, Church areas,Two-way (divided with broken lines road marking),Tangent road with flat terrain,Crossing,Gravel roads,Dry,Daylight,Normal,Vehicle with vehicle collision,2,1,Going straight,Driver or rider,Male,31-50,3,Unknown,Other,Not a Pedestrian,Driving under the influence of drugs,Slight Injury
17:41:00,Monday,18-30,Female,Junior high school,Employee,Below 1yr,Stationwagen,Owner,5-10yrs,0,Other,Two-way (divided with broken lines road marking),Tangent road with flat terrain,Other,Asphalt roads,Dry,Daylight,Normal,Vehicle with vehicle collision,2,1,Waiting to go,Driver or rider,Male,Over 51,3,Driver,Normal,Not a Pedestrian,Changing lane to the right,Serious Injury
15:40:00,Monday,18-30,Male,Above high school,Owner,1-2yr,Pick up upto 10Q,Owner,2-5yrs,0,Residential areas,Two-way (divided with broken lines road marking),Gentle horizontal curve,Y Shape,Asphalt roads,Dry,Daylight,Normal,Vehicle with vehicle collision,4,1,Going straight,Passenger,Male,5,3,Driver,Normal,Not a Pedestrian,Changing lane to the right,Slight Injury
10:58:00,Sunday,Unknown,Female,Junior high school,Employee,1-2yr,Lorry (41?100Q),Owner,Unknown,0,Other,Two-way (divided with broken lines road marking),Tangent road with flat terrain,Other,Asphalt roads,Wet or damp,Daylight,Raining,Vehicle with vehicle collision,4,1,Going straight,Unknown,Unknown,Unknown,0,Employee,Normal,Not a Pedestrian,Overtaking,Slight Injury
16:10:00,Monday,Under 18,Male,Junior high school,Employee,Above 10yr,Stationwagen,Owner,Above 10yr,0,Office areas,Undivided Two way,Gentle horizontal curve,Y Shape,Asphalt roads,Dry,Daylight,Normal,Vehicle with vehicle collision,2,5,Overtaking,Unknown,Unknown,Unknown,0,Self-employed,NormalNormal,Not a Pedestrian,No priority to pedestrian,Slight Injury
10:45:00,Wednesday,18-30,Male,High school,Employee,5-10yr,Long lorry,Owner,Unknown,0, Hospital areas,One way,Tangent road with flat terrain,Y Shape,Asphalt roads,Dry,Daylight,Normal,Vehicle with vehicle collision,2,1,Going straight,Driver or rider,Male,18-30,2,Driver,Normal,Not a Pedestrian,Driving carelessly,Slight Injury
14:56:00,Sunday,18-30,Male,Junior high school,Employee,5-10yr,Automobile,Owner,Unknown,0,School areas,Double carriageway (median),Tangent road with flat terrain,Y Shape,Asphalt roads,Dry,Daylight,Normal,Vehicle with vehicle collision,1,1,Moving Backward,Unknown,Unknown,Unknown,0,Self-employed,Normal,Not a Pedestrian,Getting off the vehicle improperly,Serious Injury
13:00:00,Tuesday,Under 18,Male,Junior high school,Owner,5-10yr,Automobile,Owner,Unknown,0,Office areas,Undivided Two way,Tangent road with flat terrain,Crossing,Gravel roads,Dry,Daylight,Normal,Vehicle with vehicle collision,3,1,Going straight,Pedestrian,Male,5,2,Driver,Normal,Crossing from nearside - masked by parked or statioNot a Pedestrianry vehicle,No priority to pedestrian,Slight Injury
12:40:00,Thursday,Unknown,Male,Elementary school,Employee,1-2yr,Pick up upto 10Q,Owner,Unknown,0,School areas,Undivided Two way,Tangent road with flat terrain,Y Shape,Asphalt roads,Dry,Daylight,Normal,Vehicle with vehicle collision,2,1,Going straight,Driver or rider,Male,31-50,3,Driver,Normal,Not a Pedestrian,Driving carelessly,Slight Injury
17:05:00,Tuesday,18-30,Male,Junior high school,Owner,2-5yr,Lorry (41?100Q),Owner,Unknown,0, Hospital areas,One way,Tangent road with flat terrain,Y Shape,Asphalt roads,Dry,Daylight,Normal,Collision with pedestrians,2,1,Going straight,Passenger,Male,31-50,3,Self-employed,Normal,Not a Pedestrian,Changing lane to the left,Slight Injury
16:46:00,Wednesday,31-50,Male,Junior high school,Employee,2-5yr,Lorry (41?100Q),Governmental,5-10yrs,0,Other,Undivided Two way,Tangent road with flat terrain,O Shape,Asphalt roads,Dry,Daylight,Normal,Vehicle with vehicle collision,2,1,Overtaking,Driver or rider,Male,18-30,3,Driver,Normal,Not a Pedestrian,Changing lane to the right,Slight Injury
18:49:00,Thursday,31-50,Male,Junior high school,Employee,1-2yr,Automobile,Owner,Unknown,0,Other,Two-way (divided with solid lines road marking),Tangent road with flat terrain,Y Shape,Asphalt roads,Wet or damp,Darkness - lights lit,Cloudy,Vehicle with vehicle collision,2,1,Other,Unknown,Unknown,Unknown,0,Self-employed,Normal,Not a Pedestrian,No priority to vehicle,Slight Injury
07:30:00,Wednesday,31-50,Male,Junior high school,Employee,5-10yr,Lorry (11?40Q),Owner,Unknown,0,Office areas,Undivided Two way,Tangent road with flat terrain,Crossing,Asphalt roads,Wet or damp,Darkness - lights lit,Windy,Collision with pedestrians,2,1,Going straight,Driver or rider,Male,18-30,3,Unemployed,Normal,Not a Pedestrian,Changing lane to the right,Slight Injury
08:20:00,Wednesday,31-50,Male,Junior high school,Owner,5-10yr,Public (> 45 seats),Owner,1-2yr,0, Industrial areas,Double carriageway (median),Tangent road with flat terrain,Crossing,Asphalt roads,Dry,Daylight,Normal,Collision with roadside objects,2,1,Going straight,Unknown,Unknown,Unknown,0,Self-employed,Normal,Not a Pedestrian,Changing lane to the left,Slight Injury
19:41:00,Tuesday,18-30,Male,Elementary school,Employee,2-5yr,Lorry (41?100Q),Owner,Unknown,0, Church areas,Undivided Two way,Tangent road with flat terrain,Y Shape,Asphalt roads,Dry,Darkness - lights lit,Normal,Collision with roadside objects,3,1,Moving Backward,Pedestrian,Female,Over 51,3,Self-employed,Normal,Not a Pedestrian,No priority to pedestrian,Slight Injury
12:00:00,Tuesday,18-30,Male,Junior high school,Employee,Above 10yr,Pick up upto 10Q,Owner,Unknown,0,Office areas,One way,Tangent road with flat terrain,Y Shape,Asphalt roads,Dry,Daylight,Normal,Vehicle with vehicle collision,2,2,Going straight,Pedestrian,Male,31-50,3,Driver,Normal,Unknown or other,No distancing,Slight Injury
13:28:00,Saturday,31-50,Male,Junior high school,Employee,5-10yr,Other,Owner,Unknown,0,Other,Undivided Two way,Tangent road with flat terrain,No junction,Asphalt roads,Dry,Daylight,Normal,Vehicle with vehicle collision,2,1,Going straight,Pedestrian,Male,Over 51,3,Unknown,Other,"Walking along in carriageway, back to traffic",Other,Slight Injury
01:40:00,Saturday,Unknown,Female,Junior high school,Employee,5-10yr,Long lorry,Owner,Unknown,0,Office areas,Undivided Two way,Tangent road with flat terrain,Y Shape,Asphalt roads,Dry,Darkness - lights lit,Normal,Rollover,3,2,Going straight,Unknown,Unknown,Unknown,0,Driver,Normal,Not a Pedestrian,No priority to pedestrian,Slight Injury
18:00:00,Saturday,18-30,Male,Junior high school,Employee,5-10yr,Other,Owner,Unknown,0,Office areas,other,Tangent road with flat terrain,Y Shape,Asphalt roads,Dry,Daylight,Normal,Vehicle with vehicle collision,2,2,Going straight,Unknown,Unknown,Unknown,0,Unknown,Other,Not a Pedestrian,No distancing,Slight Injury
16:56:00,Sunday,31-50,Male,Junior high school,Employee,2-5yr,Automobile,Organization,1-2yr,0, Church areas,Two-way (divided with broken lines road marking),Tangent road with flat terrain,Crossing,Asphalt roads,Dry,Daylight,Normal,Vehicle with vehicle collision,3,1,Going straight,Unknown,Unknown,Unknown,0,Driver,Normal,Not a Pedestrian,Changing lane to the right,Slight Injury
08:41:00,Friday,18-30,Male,Above high school,Owner,5-10yr,Pick up upto 10Q,Owner,2-5yrs,0,Other,Two-way (divided with broken lines road marking),Tangent road with flat terrain,No junction,Asphalt roads,Wet or damp,Daylight,Raining,Collision with pedestrians,1,1,Going straight,Unknown,Unknown,Unknown,0,Driver,Normal,Not a Pedestrian,Changing lane to the right,Slight Injury