time,day_of_week,age_band_of_driver,sex_of_driver,educational_level,vehicle_driver_relation,driving_experience,type_of_vehicle,owner_of_vehicle,service_year_of_vehicle,defect_of_vehicle,area_accident_occured,lanes_or_medians,road_allignment,types_of_junction,road_surface_type,road_surface_conditions,light_conditions,weather_conditions,type_of_collision,number_of_vehicles_involved,number_of_casualties,vehicle_movement,casualty_class,sex_of_casualty,age_band_of_casualty,casualty_severity,work_of_casualty,fitness_of_casualty,pedestrian_movement,cause_of_accident,accident_severity
07:50:00,Wednesday,31-50,Male,High school,Employee,Above 10yr,Automobile,Organization,5-10yrs,0,Office areas,Two-way (divided with broken lines road marking),Gentle horizontal curve,Crossing,Asphalt roads,Wet or damp,Daylight,Raining,Vehicle with vehicle collision,2,1,Going straight,Unknown,Unknown,Unknown,0,Driver,Normal,Not a Pedestrian,Driving to the left,Slight Injury
17:21:00,Thursday,31-50,Male,Elementary school,Employee,5-10yr,Automobile,Owner,2-5yrs,0,Residential areas,Two-way (divided with broken lines road marking),Tangent road with flat terrain,Y Shape,Asphalt roads,Dry,Daylight,Normal,Vehicle with vehicle collision,2,2,Going straight,Unknown,Unknown,Unknown,0,Unknown,Other,Not a Pedestrian,Driving under the influence of drugs,Serious Injury
04:20:00,Saturday,31-50,Male,Junior high school,Owner,2-5yr,Pick up upto 10Q,Owner,5-10yrs,0,Other,Double carriageway (median),Tangent road with flat terrain,No junction,Asphalt roads,Dry,Darkness - lights lit,Normal,Collision with pedestrians,2,4,Going straight,Unknown,Unknown,Unknown,0,Self-employed,Normal,Not a Pedestrian,Changing lane to the right,Slight Injury
18:25:00,Wednesday,18-30,Male,Elementary school,Employee,1-2yr,Automobile,Owner,Above 10yr,0, Church areas,Two-way (divided with broken lines road marking),Steep grade downward with mountainous terrain,No junction,Asphalt roads,Dry,Daylight,Normal,Collision with roadside objects,2,1,Turnover,Unknown,Unknown,Unknown,0,Unknown,Other,Not a Pedestrian,Overtaking,Serious Injury
09:56:00,Thursday,31-50,Male,Junior high school,Employee,Above 10yr,Automobile,Owner,Unknown,0, Church areas,Double carriageway (median),Tangent road with flat terrain,Y Shape,Asphalt roads,Wet or damp,Daylight,Normal,Vehicle with vehicle collision,2,1,Going straight,Unknown,Unknown,Unknown,0,Driver,Normal,Not a Pedestrian,Changing lane to the right,Slight Injury
20:20:00,Wednesday,18-30,Male,Junior high school,Employee,5-10yr,Automobile,Owner,5-10yrs,0,Office areas,Undivided Two way,Tangent road with mountainous terrain and,Crossing,Asphalt roads,Wet or damp,Darkness - lights lit,Normal,Collision with pedestrians,1,1,Reversing,Unknown,Unknown,Unknown,0,Self-employed,Normal,Not a Pedestrian,No priority to vehicle,Serious Injury
19:29:00,Friday,31-50,Male,Above high school,Employee,1-2yr,Public (13?45 seats),Owner,Unknown,0,Office areas,Undivided Two way,Tangent road with flat terrain,Y Shape,Asphalt roads,Wet or damp,Daylight,Raining,Rollover,2,3,Moving Backward,Driver or rider,Female,18-30,3,Driver,Normal,Not a Pedestrian,Driving carelessly,Slight Injury
11:30:00,Tuesday,18-30,Male,Junior high school,Employee,Below 1yr,Stationwagen,Owner,Unknown,0, Hospital areas,One way,Tangent road with flat terrain,No junction,Asphalt roads,Dry,Daylight,Normal,Vehicle with vehicle collision,2,4,Moving Backward,Driver or rider,Male,Over 51,3,Unknown,Other,Not a Pedestrian,Changing lane to the left,Slight Injury
16:26:00,Tuesday,Over 51,Male,Above high school,Owner,2-5yr,Public (12 seats),Owner,Unknown,0,Residential areas,Two-way (divided with broken lines road marking),Tangent road with flat terrain,Y Shape,Asphalt roads,Dry,Daylight,Normal,Collision with roadside objects,2,1,Reversing,Unknown,Unknown,Unknown,0,Unknown,Other,Not a Pedestrian,Changing lane to the right,Slight Injury
18:00:00,Saturday,31-50,Male,Unknown,Employee,Above 10yr,Automobile,Owner,Unknown,0,Office areas,One way,Tangent road with flat terrain,Y Shape,Asphalt roads,Wet or damp,Darkness - lights lit,Normal,Vehicle with vehicle collision,2,1,Getting off,Pedestrian,Male,31-50,2,Unemployed,Normal,Unknown or other,Changing lane to the right,Slight Injury
22:00:00,Sunday,18-30,Male,Junior high school,Employee,Above 10yr,Other,Owner,Unknown,0,Other,Two-way (divided with broken lines road marking),Tangent road with flat terrain,No junction,Asphalt roads,Dry,Darkness - lights lit,Normal,Vehicle with vehicle collision,1,2,Entering a junction,Driver or rider,Female,31-50,2,Driver,Normal,Not a Pedestrian,Changing lane to the left,Slight Injury
20:20:00,Thursday,Unknown,Male,Junior high school,Employee,1-2yr,Motorcycle,Owner,1-2yr,0, Hospital areas,Undivided Two way,Tangent road with flat terrain,Y Shape,Asphalt roads,Dry,Darkness - lights lit,Normal,Collision with roadside objects,3,2,Going straight,Unknown,Unknown,Unknown,0,Self-employed,Normal,Not a Pedestrian,Driving under the influence of drugs,Slight Injury
19:20:00,Sunday,Unknown,Female,Junior high school,Employee,2-5yr,Automobile,Owner,Unknown,0,Office areas,Undivided Two way,Tangent road with flat terrain,No junction,Asphalt roads,Dry,Darkness - lights lit,Normal,Vehicle with vehicle collision,2,2,Going straight,Unknown,Unknown,Unknown,0,Employee,Normal,Not a Pedestrian,Driving carelessly,Slight Injury
11:30:00,Wednesday,18-30,Male,Illiterate,Owner,1-2yr,Other,Owner,Unknown,0,Residential areas,Two-way (divided with broken lines road marking),Tangent road with flat terrain,Y Shape,Asphalt roads,Dry,Daylight,Normal,Vehicle with vehicle collision,4,2,Going straight,Driver or rider,Female,31-50,3,Unknown,Other,Not a Pedestrian,Moving Backward,Slight Injury
09:30:00,Wednesday,Unknown,Male,Junior high school,Employee,2-5yr,Stationwagen,Owner,Unknown,0,Other,Two-way (divided with broken lines road marking),Tangent road with flat terrain,Y Shape,Asphalt roads,Dry,Daylight,Unknown,Vehicle with vehicle collision,2,1,Getting off,Driver or rider,Male,31-50,3,Driver,Normal,Not a Pedestrian,Changing lane to the left,Slight Injury
11:49:00,Wednesday,Over 51,Male,Junior high school,Employee,5-10yr,Other,Owner,5-10yrs,0, Church areas,other,Tangent road with flat terrain,No junction,Asphalt roads,Dry,Daylight,Normal,Rollover,1,1,Other,Unknown,Unknown,Unknown,0,Self-employed,Normal,Not a Pedestrian,No distancing,Serious Injury
18:09:00,Tuesday,Unknown,Male,High school,Employee,Above 10yr,Automobile,Owner,5-10yrs,0, Church areas,Undivided Two way,Tangent road with flat terrain,Crossing,Asphalt roads,Dry,Daylight,Normal,Vehicle with vehicle collision,2,1,Moving Backward,Unknown,Unknown,Unknown,0,Driver,Normal,Not a Pedestrian,No priority to vehicle,Slight Injury
09:25:00,Wednesday,Under 18,Unknown,Junior high school,Employee,Above 10yr,Automobile,Owner,Unknown,0,Other,Double carriageway (median),Tangent road with flat terrain,Y Shape,Asphalt roads,Dry,Daylight,Normal,Vehicle with vehicle collision,2,1,Going straight,Driver or rider,Male,18-30,3,Driver,Normal,Not a Pedestrian,Driving carelessly,Slight Injury
21:05:00,Tuesday,18-30,Male,Junior high school,Employee,5-10yr,Taxi,Owner,Unknown,0,Office areas,Undivided Two way,Tangent road with flat terrain,Crossing,Asphalt roads,Wet or damp,Darkness - lights lit,Normal,Vehicle with vehicle collision,2,2,Going straight,Unknown,Unknown,Unknown,0,Driver,Normal,Not a Pedestrian,Driving under the influence of drugs,Slight Injury
13:11:00,Wednesday,18-30,Male,Junior high school,Employee,5-10yr,Ridden horse,Governmental,Unknown,0,Office areas,other,Tangent road with flat terrain,Y Shape,Asphalt roads,Wet or damp,Daylight,Raining,Collision with roadside objects,2,1,Going straight,Unknown,Unknown,Unknown,0,Unknown,Other,Not a Pedestrian,No distancing,Slight Injury
10:40:00,Monday,31-50,Male,Junior high school,Employee,1-2yr,Lorry (41?100Q),Governmental,Unknown,0, Church areas,Double carriageway (median),Tangent road with flat terrain,Y Shape,Asphalt roads,Wet or damp,Daylight,Raining,Vehicle with vehicle collision,2,1,Going straight,Driver or rider,Male,31-50,3,Unknown,Other,Not a Pedestrian,Changing lane to the left,Slight Injury
21:14:00,Saturday,Unknown,Female,Junior high school,Owner,1-2yr,Public (12 seats),Owner,Above 10yr,0,School areas,other,Tangent road with flat terrain,No junction,Asphalt roads,Dry,Darkness - lights lit,Normal,Vehicle with vehicle collision,3,1,Moving Backward,Unknown,Unknown,Unknown,0,Driver,Normal,Not a Pedestrian,Changing lane to the right,Slight Injury
02:31:00,Sunday,Unknown,Male,Elementary school,Employee,5-10yr,Other,Owner,5-10yrs,0,Residential areas,One way,Tangent road with flat terrain,Crossing,Asphalt roads,Dry,Darkness - lights lit,Normal,Collision with roadside objects,3,5,Going straight,Driver or rider,Female,31-50,3,Unemployed,Normal,Not a Pedestrian,Moving Backward,Slight Injury
12:20:00,Saturday,18-30,Male,Junior high school,Employee,5-10yr,Stationwagen,Owner,5-10yrs,0,Other,Two-way (divided with broken lines road marking),Tangent road with flat terrain,Crossing,Asphalt roads,Dry,Daylight,Normal,Vehicle with vehicle collision,2,3,Going straight,Pedestrian,Male,5,3,Driver,Normal,Crossing from driver's nearside,Driving carelessly,Slight Injury
17:10:00,Wednesday,18-30,Male,Junior high school,Employee,5-10yr,Automobile,Owner,5-10yrs,5, Church areas,other,Tangent road with flat terrain,Other,Asphalt roads,Wet or damp,Daylight,Normal,Vehicle with vehicle collision,2,1,Going straight,Unknown,Unknown,Unknown,0,Unknown,Other,Not a Pedestrian,Driving to the left,Serious Injury
13:30:00,Thursday,18-30,Male,High school,Employee,5-10yr,Public (12 seats),Organization,2-5yrs,0, Industrial areas,Two-way (divided with broken lines road marking),Tangent road with flat terrain,No junction,Asphalt roads,Dry,Daylight,Normal,Rollover,2,1,Going straight,Driver or rider,Male,31-50,3,Unknown,Other,Not a Pedestrian,No priority to pedestrian,Slight Injury
00:10:00,Saturday,18-30,Male,Junior high school,Employee,Above 10yr,Public (> 45 seats),Owner,Unknown,0,Other,Undivided Two way,Tangent road with flat terrain,Y Shape,Asphalt roads,Dry,Darkness - lights lit,Normal,Collision with roadside objects,2,1,Moving Backward,Unknown,Unknown,Unknown,0,Driver,Normal,Not a Pedestrian,No priority to vehicle,Slight Injury
14:10:00,Wednesday,Over 51,Male,High school,Owner,2-5yr,Automobile,Owner,Above 10yr,0,School areas,other,Tangent road with flat terrain,No junction,Asphalt roads,Dry,Daylight,Normal,Vehicle with vehicle collision,2,1,Going straight,Driver or rider,Male,Over 51,3,Driver,Normal,Not a Pedestrian,No distancing,Slight Injury
15:50:00,Monday,Over 51,Male,Junior high school,Employee,1-2yr,Lorry (11?40Q),Owner,1-2yr,0,Office areas,Double carriageway (median),Tangent road with flat terrain,Y Shape,Asphalt roads,Dry,Daylight,Normal,Collision with roadside objects,1,1,Going straight,Passenger,Male,Over 51,2,Unknown,Other,Not a Pedestrian,No distancing,Slight Injury
18:00:00,Thursday,Unknown,Male,Junior high school,Employee,Above 10yr,Automobile,Owner,Unknown,0,Residential areas,Double carriageway (median),Tangent road with flat terrain,No junction,Asphalt roads,Dry,Daylight,Normal,Collision with roadside objects,2,1,Reversing,Unknown,Unknown,Unknown,0,Driver,Normal,Not a Pedestrian,Driving carelessly,Slight Injury
18:08:00,Monday,18-30,Male,Elementary school,Owner,1-2yr,Stationwagen,Owner,2-5yrs,0,Office areas,Two-way (divided with broken lines road marking),Tangent road with flat terrain,O Shape,Asphalt roads,Wet or damp,Darkness - lights lit,Raining,Collision with pedestrians,1,1,Going straight,Pedestrian,Female,Under 18,2,Self-employed,Normal,Crossing from offside - masked by  parked or statioNot a Pedestrianry vehicle,No distancing,Slight Injury
13:55:00,Sunday,Over 51,Male,Junior high school,Employee,2-5yr,Public (> 45 seats),Owner,Unknown,0,Office areas,One way,Tangent road with flat terrain,Y Shape,Asphalt roads,Dry,Daylight,Normal,Vehicle with vehicle collision,3,3,Going straight,Unknown,Unknown,Unknown,0,Driver,Normal,Not a Pedestrian,No priority to vehicle,Slight Injury
09:06:00,Monday,18-30,Male,High school,Employee,2-5yr,Pick up upto 10Q,Governmental,Unknown,0,Office areas,Two-way (divided with broken lines road marking),Escarpments,Y Shape,Asphalt roads,Dry,Daylight,Normal,Collision with roadside objects,4,1,Going straight,Driver or rider,Female,18-30,3,Driver,Normal,Not a Pedestrian,Changing lane to the right,Slight Injury
16:50:00,Sunday,Unknown,Female,Elementary school,Employee,5-10yr,Automobile,Owner,Unknown,0,Residential areas,other,Tangent road with flat terrain,Crossing,Asphalt roads,Wet or damp,Daylight,Raining,Fall from vehicles,2,3,Going straight,Pedestrian,Male,31-50,2,Driver,Normal,Crossing from driver's nearside,Driving carelessly,Slight Injury
16:10:00,Sunday,Over 51,Male,Elementary school,Employee,2-5yr,Automobile,Owner,5-10yrs,0,Office areas,Undivided Two way,Tangent road with flat terrain,Crossing,Asphalt roads,Dry,Daylight,Normal,Vehicle with vehicle collision,2,1,Going straight,Unknown,Unknown,Unknown,0,Driver,Normal,Not a Pedestrian,Changing lane to the right,Slight Injury
12:55:00,Monday,31-50,Male,Junior high school,Owner,2-5yr,Automobile,Owner,Unknown,0,Office areas,Two-way (divided with broken lines road marking),Tangent road with flat terrain,No junction,Asphalt roads,Dry,Daylight,Normal,Vehicle with vehicle collision,1,1,Moving Backward,Driver or rider,Male,Under 18,3,Self-employed,NormalNormal,Not a Pedestrian,Changing lane to the right,Slight Injury
18:01:00,Tuesday,18-30,Male,Junior high school,Employee,5-10yr,Long lorry,Governmental,Unknown,0,Residential areas,Two-way (divided with broken lines road marking),Tangent road with flat terrain,Y Shape,Asphalt roads,Dry,Daylight,Windy,Vehicle with vehicle collision,2,1,Going straight,Passenger,Female,31-50,3,Unknown,Other,Not a Pedestrian,Changing lane to the left,Slight Injury
11:35:00,Friday,Unknown,Male,High school,Employee,Above 10yr,Lorry (11?40Q),Owner,Unknown,0,Residential areas,Undivided Two way,Tangent road with flat terrain,No junction,Asphalt roads,Wet or damp,Daylight,Raining,Vehicle with vehicle collision,2,2,Other,Passenger,Male,Under 18,3,Driver,Normal,Not a Pedestrian,Driving carelessly,Serious Injury
12:01:00,Friday,31-50,Male,Junior high school,Owner,5-10yr,Automobile,Owner,Unknown,0, Church areas,Two-way (divided with solid lines road marking),Tangent road with flat terrain,Y Shape,Asphalt roads,Dry,Daylight,Normal,Vehicle with vehicle collision,2,1,Turnover,Passenger,Female,18-30,3,Other,Normal,Not a Pedestrian,No distancing,Slight Injury
08:20:00,Wednesday,18-30,Male,Junior high school,Employee,2-5yr,Lorry (41?100Q),Owner,Unknown,0,Office areas,Two-way (divided with broken lines road marking),Tangent road with mild grade and flat terrain,No junction,Asphalt roads,Dry,Daylight,Normal,Collision with roadside objects,2,1,Going straight,Unknown,Unknown,Unknown,0,Unknown,Other,Not a Pedestrian,Changing lane to the right,Slight Injury
13:24:00,Wednesday,18-30,Male,Junior high school,Employee,Above 10yr,Automobile,Governmental,5-10yrs,0,Other,other,Tangent road with flat terrain,T Shape,Asphalt roads,Dry,Daylight,Normal,Collision with pedestrians,2,2,Going straight,Pedestrian,Female,31-50,3,Unknown,Other,Unknown or other,Changing lane to the right,Slight Injury
17:14:00,Saturday,Unknown,Female,Junior high school,Employee,2-5yr,Public (13?45 seats),Owner,2-5yrs,0,Other,other,Tangent road with flat terrain,Crossing,Asphalt roads,Dry,Daylight,Normal,Collision with roadside objects,4,1,Going straight,Passenger,Male,5,2,Unknown,Other,Not a Pedestrian,Other,Slight Injury
15:40:00,Thursday,Over 51,Male,Junior high school,Owner,1-2yr,Public (12 seats),Owner,Unknown,0, Church areas,Double carriageway (median),Tangent road with flat terrain,No junction,Asphalt roads,Dry,Daylight,Normal,Vehicle with vehicle collision,2,1,Going straight,Unknown,Unknown,Unknown,0,Driver,Normal,Not a Pedestrian,Driving under the influence of drugs,Slight Injury
19:20:00,Thursday,18-30,Male,Junior high school,Employee,5-10yr,Lorry (11?40Q),Owner,2-5yrs,0,Office areas,Two-way (divided with broken lines road marking),Tangent road with flat terrain,Y Shape,Asphalt roads,Wet or damp,Darkness - lights lit,Normal,Collision with pedestrians,1,1,Moving Backward,Unknown,Unknown,Unknown,0,Driver,Normal,Not a Pedestrian,Driving to the left,Serious Injury
10:30:00,Monday,18-30,Male,Junior high school,Owner,1-2yr,Automobile,Owner,Unknown,0,Residential areas,other,Tangent road with flat terrain,Y Shape,Asphalt roads,Dry,Darkness - no lighting,Normal,Vehicle with vehicle collision,3,2,Going straight,Driver or rider,Male,18-30,3,Driver,Normal,Not a Pedestrian,Changing lane to the left,Slight Injury
18:00:00,Wednesday,31-50,Male,Junior high school,Employee,5-10yr,Bicycle,Owner,5-10yrs,0,Residential areas,One way,Tangent road with flat terrain,No junction,Asphalt roads,Dry,Darkness - lights lit,Normal,Vehicle with vehicle collision,2,1,Turnover,Unknown,Unknown,Unknown,0,Unknown,Other,Not a Pedestrian,Driving under the influence of drugs,Slight Injury
06:15:00,Monday,Unknown,Female,Junior high school,Employee,Above 10yr,Automobile,Owner,Unknown,0,Other,Two-way (divided with broken lines road marking),Tangent road with flat terrain,No junction,Asphalt roads,Dry,Daylight,Normal,Vehicle with vehicle collision,3,1,Going straight,Unknown,Unknown,Unknown,0,Driver,Normal,Not a Pedestrian,Moving Backward,Slight Injury
10:49:00,Wednesday,Under 18,Male,Junior high school,Employee,5-10yr,Pick up upto 10Q,Governmental,1-2yr,0,Other,Double carriageway (median),Tangent road with flat terrain,Other,Asphalt roads,Dry,Daylight,Normal,Vehicle with vehicle collision,2,1,Reversing,Driver or rider,Male,18-30,3,Unknown,Other,Not a Pedestrian,No distancing,Slight Injury
14:10:00,Monday,18-30,Male,Junior high school,Employee,2-5yr,Automobile,Owner,5-10yrs,0, Church areas,other,Tangent road with flat terrain,Y Shape,Asphalt roads,Dry,Daylight,Normal,Vehicle with vehicle collision,2,1,Turnover,Unknown,Unknown,Unknown,0,Driver,Normal,Not a Pedestrian,Changing lane to the left,Serious Injury
22:30:00,Sunday,Over 51,Male,Junior high school,Employee,5-10yr,Public (12 seats),Owner,Unknown,0,Office areas,One way,Tangent road with flat terrain,Y Shape,Asphalt roads,Dry,Daylight,Normal,Vehicle with vehicle collision,3,1,Going straight,Unknown,Unknown,Unknown,0,Unknown,Other,Not a Pedestrian,No distancing,Slight Injury
14:00:00,Saturday,31-50,Male,High school,Owner,5-10yr,Automobile,Owner,Above 10yr,0,School areas,Undivided Two way,Tangent road with flat terrain,Y Shape,Asphalt roads,Wet or damp,Daylight,Raining,Vehicle with vehicle collision,2,2,Getting off,Driver or rider,Male,18-30,3,Unknown,Other,Not a Pedestrian,No distancing,Slight Injury
13:30:00,Thursday,31-50,Male,Junior high school,Employee,2-5yr,Ridden horse,Owner,Unknown,0, Church areas,Undivided Two way,Tangent road with flat terrain,No junction,Asphalt roads,Dry,Daylight,Normal,Vehicle with vehicle collision,2,1,Moving Backward,Driver or rider,Male,Under 18,3,Driver,Normal,Not a Pedestrian,Driving carelessly,Slight Injury
18:45:00,Tuesday,18-30,Unknown,Elementary school,Employee,2-5yr,Automobile,Owner,Unknown,0,Other,Two-way (divided with broken lines road marking),Tangent road with flat terrain,Y Shape,Asphalt roads,Dry,Daylight,Normal,Vehicle with vehicle collision,1,1,Going straight,Pedestrian,Male,31-50,3,Unknown,Other,Unknown or other,Overtaking,Slight Injury
22:34:00,Saturday,31-50,Male,Junior high school,Employee,2-5yr,Public (13?45 seats),Governmental,Below 1yr,0,Residential areas,Undivided Two way,Tangent road with flat terrain,No junction,Asphalt roads,Wet or damp,Darkness - lights lit,Windy,Vehicle with vehicle collision,1,1,Going straight,Driver or rider,Male,18-30,2,Unknown,Other,Not a Pedestrian,Changing lane to the left,Serious Injury
06:40:00,Monday,18-30,Male,High school,Employee,1-2yr,Public (13?45 seats),Owner,Unknown,0,Other,Two-way (divided with broken lines road marking),Tangent road with flat terrain,No junction,Asphalt roads,Wet or damp,Darkness - lights lit,Normal,Vehicle with vehicle collision,2,1,Moving Backward,Unknown,Unknown,Unknown,0,Unknown,Other,Not a Pedestrian,No distancing,Slight Injury
18:30:00,Saturday,Under 18,Male,Elementary school,Employee,5-10yr,Ridden horse,Owner,Unknown,0,Office areas,Undivided Two way,Tangent road with flat terrain,Crossing,Asphalt roads,Dry,Daylight,Normal,Vehicle with vehicle collision,2,1,Going straight,Pedestrian,Female,18-30,3,Self-employed,Normal,Not a Pedestrian,No distancing,Slight Injury
06:45:00,Tuesday,18-30,Male,High school,Employee,2-5yr,Taxi,Owner,2-5yrs,0, Outside rural areas,Undivided Two way,Tangent road with flat terrain,Y Shape,Asphalt roads,Dry,Daylight,Normal,Vehicle with vehicle collision,2,1,Other,Passenger,Female,18-30,3,Self-employed,Normal,Not a Pedestrian,Driving under the influence of drugs,Slight Injury
20:20:00,Monday,31-50,Male,High school,Employee,1-2yr,Other,Owner,5-10yrs,0,Office areas,Undivided Two way,Tangent road with flat terrain,No junction,Asphalt roads,Dry,Darkness - lights lit,Normal,Vehicle with vehicle collision,2,1,Going straight,Unknown,Unknown,Unknown,0,Driver,Normal,Not a Pedestrian,Moving Backward,Slight Injury
16:55:00,Wednesday,18-30,Male,Junior high school,Employee,5-10yr,Automobile,Owner,Unknown,0,Office areas,other,Tangent road with mountainous terrain and,No junction,Asphalt roads,Dry,Daylight,Normal,Vehicle with vehicle collision,2,1,Going straight,Passenger,Female,Under 18,3,Unknown,Normal,Not a Pedestrian,Overtaking,Slight Injury
20:00:00,Friday,31-50,Male,Above high school,Employee,1-2yr,Automobile,Governmental,1-2yr,0, Church areas,other,Steep grade downward with mountainous terrain,Y Shape,Asphalt roads,Wet or damp,Darkness - lights lit,Cloudy,Vehicle with vehicle collision,2,2,Going straight,Unknown,Unknown,Unknown,0,Self-employed,Normal,Not a Pedestrian,No priority to pedestrian,Slight Injury
08:30:00,Thursday,18-30,Male,Junior high school,Owner,2-5yr,Automobile,Owner,Unknown,0,Office areas,Two-way (divided with broken lines road marking),Tangent road with mild grade and flat terrain,Y Shape,Asphalt roads,Dry,Daylight,Normal,Vehicle with vehicle collision,2,1,Going straight,Pedestrian,Male,Under 18,2,Driver,Normal,Unknown or other,Driving to the left,Slight Injury
18:15:00,Friday,31-50,Male,Junior high school,Employee,Above 10yr,Lorry (41?100Q),Owner,2-5yrs,0,Other,Two-way (divided with broken lines road marking),Tangent road with flat terrain,No junction,Asphalt roads,Wet or damp,Darkness - lights lit,Other,Collision with roadside objects,1,1,Turnover,Unknown,Unknown,Unknown,0,Driver,Normal,Not a Pedestrian,Changing lane to the left,Slight Injury
23:55:00,Thursday,31-50,Male,Junior high school,Employee,2-5yr,Automobile,Owner,Unknown,0,  Recreational areas,other,Tangent road with flat terrain,Y Shape,Asphalt roads,Snow,Darkness - lights lit,Other,Vehicle with vehicle collision,2,1,Going straight,Unknown,Unknown,Unknown,0,Driver,Normal,Not a Pedestrian,Changing lane to the left,Slight Injury
18:29:00,Thursday,18-30,Male,Junior high school,Employee,5-10yr,Public (12 seats),Owner,Unknown,0,Office areas,Two-way (divided with broken lines road marking),Tangent road with flat terrain,No junction,Asphalt roads,Dry,Daylight,Normal,Vehicle with vehicle collision,2,4,Going straight,Driver or rider,Male,5,3,Self-employed,Normal,Not a Pedestrian,Driving carelessly,Slight Injury
06:45:00,Friday,31-50,Male,Junior high school,Employee,2-5yr,Automobile,Owner,2-5yrs,0, Church areas,Undivided Two way,Tangent road with flat terrain,Y Shape,Earth roads,Dry,Darkness - lights lit,Normal,Vehicle with vehicle collision,2,1,Other,Driver or rider,Male,31-50,2,Driver,Normal,Not a Pedestrian,No priority to vehicle,Slight Injury
22:40:00,Sunday,18-30,Male,Unknown,Owner,Above 10yr,Automobile,Owner,2-5yrs,0,Other,Two-way (divided with broken lines road marking),Tangent road with flat terrain,No junction,Asphalt roads,Dry,Darkness - lights lit,Normal,Vehicle with vehicle collision,3,2,Turnover,Unknown,Unknown,Unknown,0,Unknown,Other,Not a Pedestrian,Changing lane to the left,Slight Injury
06:27:00,Monday,31-50,Male,High school,Employee,1-2yr,Lorry (41?100Q),Owner,2-5yrs,0,Other,Undivided Two way,Tangent road with flat terrain,Y Shape,Asphalt roads,Dry,Daylight,Normal,Vehicle with vehicle collision,1,1,Going straight,Driver or rider,Male,18-30,3,Self-employed,Normal,Not a Pedestrian,Changing lane to the right,Slight Injury
11:55:00,Friday,31-50,Male,Junior high school,Employee,Below 1yr,Automobile,Governmental,Unknown,0,Other,Undivided Two way,Tangent road with flat terrain,Y Shape,Asphalt roads,Dry,Daylight,Normal,Vehicle with vehicle collision,1,2,Going straight,Pedestrian,Male,18-30,2,Self-employed,Normal,Crossing from offside - masked by  parked or statioNot a Pedestrianry vehicle,Driving carelessly,Slight Injury
10:20:00,Friday,18-30,Male,Junior high school,Employee,5-10yr,Automobile,Owner,Unknown,0,  Recreational areas,Undivided Two way,Tangent road with flat terrain,Crossing,Asphalt roads,Dry,Daylight,Normal,Vehicle with vehicle collision,3,1,Moving Backward,Driver or rider,Male,31-50,3,Unknown,Other,Not a Pedestrian,Driving under the influence of drugs,Slight Injury
18:30:00,Sunday,31-50,Male,Junior high school,Employee,2-5yr,Stationwagen,Owner,2-5yrs,0,Office areas,Undivided Two way,Tangent road with flat terrain,No junction,Asphalt roads,Wet or damp,Darkness - lights lit,Normal,Collision with pedestrians,2,5,Going straight,Driver or rider,Male,18-30,3,Unknown,Normal,Not a Pedestrian,Changing lane to the left,Slight Injury
20:00:00,Monday,31-50,Male,Elementary school,Employee,5-10yr,Lorry (11?40Q),Owner,Unknown,0,Office areas,Unknown,Tangent road with flat terrain,Y Shape,Asphalt roads,Dry,Darkness - lights unlit,Normal,Vehicle with vehicle collision,3,1,Going straight,Unknown,Unknown,Unknown,0,Driver,Normal,Not a Pedestrian,Moving Backward,Slight Injury
15:30:00,Thursday,31-50,Unknown,Junior high school,Employee,5-10yr,Other,Governmental,5-10yrs,0,Other,Undivided Two way,Tangent road with flat terrain,Crossing,Asphalt roads,Dry,Daylight,Normal,Vehicle with vehicle collision,2,1,Reversing,Unknown,Unknown,Unknown,0,Employee,Normal,Not a Pedestrian,Changing lane to the left,Slight Injury
19:15:00,Saturday,Over 51,Male,Elementary school,Employee,5-10yr,Long lorry,Owner,Unknown,0,Other,Two-way (divided with broken lines road marking),Tangent road with flat terrain,Y Shape,Asphalt roads,Wet or damp,Darkness - lights lit,Normal,Vehicle with vehicle collision,2,2,Reversing,Unknown,Unknown,Unknown,0,Driver,Normal,Not a Pedestrian,Moving Backward,Serious Injury
07:50:00,Tuesday,31-50,Male,Elementary school,Employee,5-10yr,Automobile,Owner,Unknown,0,Office areas,Two-way (divided with broken lines road marking),Tangent road with flat terrain,Crossing,Asphalt roads,Dry,Daylight,Normal,Collision with roadside objects,2,1,Going straight,Driver or rider,Male,Under 18,2,Driver,Normal,Not a Pedestrian,No priority to pedestrian,Slight Injury
11:43:00,Sunday,Under 18,Male,Elementary school,Employee,2-5yr,Long lorry,Owner,Unknown,0,School areas,Two-way (divided with broken lines road marking),Tangent road with flat terrain,Crossing,Asphalt roads,Wet or damp,Daylight,Normal,Vehicle with vehicle collision,2,3,Going straight,Driver or rider,Male,18-30,3,Driver,Normal,Not a Pedestrian,No distancing,Slight Injury
11:32:00,Friday,31-50,Male,Junior high school,Owner,5-10yr,Lorry (41?100Q),Owner,Unknown,0,Office areas,One way,Tangent road with mild grade and flat terrain,No junction,Asphalt roads,Dry,Daylight,Normal,Vehicle with vehicle collision,2,1,Going straight,Pedestrian,Female,Under 18,3,Driver,Normal,Not a Pedestrian,No priority to vehicle,Slight Injury