time,day_of_week,age_band_of_driver,sex_of_driver,educational_level,vehicle_driver_relation,driving_experience,type_of_vehicle,owner_of_vehicle,service_year_of_vehicle,defect_of_vehicle,area_accident_occured,lanes_or_medians,road_allignment,types_of_junction,road_surface_type,road_surface_conditions,light_conditions,weather_conditions,type_of_collision,number_of_vehicles_involved,number_of_casualties,vehicle_movement,casualty_class,sex_of_casualty,age_band_of_casualty,casualty_severity,work_of_casualty,fitness_of_casualty,pedestrian_movement,cause_of_accident,accident_severity
11:32:00,Friday,18-30,Male,Junior high school,Employee,5-10yr,Public (> 45 seats),Owner,Unknown,0,Office areas,Undivided Two way,Tangent road with flat terrain,No junction,Asphalt roads,Dry,Daylight,Normal,Vehicle with vehicle collision,2,1,Going straight,Pedestrian,Male,Under 18,3,Driver,Normal,Not a Pedestrian,Driving under the influence of drugs,Slight Injury
07:30:00,Wednesday,Over 51,Male,Junior high school,Employee,5-10yr,Public (> 45 seats),Owner,1-2yr,0,Other,other,Tangent road with flat terrain,Y Shape,Asphalt roads,Wet or damp,Darkness - lights lit,Raining,Collision with roadside objects,2,2,Going straight,Unknown,Unknown,Unknown,0,Unknown,Normal,Not a Pedestrian,Changing lane to the right,Slight Injury
15:55:00,Wednesday,18-30,Male,Elementary school,Employee,5-10yr,Long lorry,Owner,2-5yrs,0,Office areas,Double carriageway (median),Tangent road with flat terrain,No junction,Asphalt roads,Dry,Daylight,Normal,Vehicle with vehicle collision,2,1,Going straight,Driver or rider,Male,18-30,3,Self-employed,Normal,Not a Pedestrian,Moving Backward,Slight Injury
15:08:00,Tuesday,18-30,Male,Junior high school,Employee,5-10yr,Public (> 45 seats),Owner,2-5yrs,0,Residential areas,Undivided Two way,Tangent road with flat terrain,Y Shape,Asphalt roads,Dry,Daylight,Normal,Vehicle with vehicle collision,1,1,Going straight,Unknown,Unknown,Unknown,0,Driver,Normal,Not a Pedestrian,No distancing,Slight Injury
20:00:00,Saturday,Over 51,Male,Junior high school,Employee,1-2yr,Automobile,Owner,Unknown,0, Industrial areas,Two-way (divided with broken lines road marking),Tangent road with flat terrain,Y Shape,Asphalt roads,Wet or damp,Daylight,Raining,Vehicle with vehicle collision,1,2,Going straight,Driver or rider,Female,Over 51,2,Driver,Normal,Not a Pedestrian,No distancing,Slight Injury
10:10:00,Saturday,18-30,Male,Junior high school,Employee,2-5yr,Stationwagen,Owner,Unknown,0,Other,Undivided Two way,Tangent road with flat terrain,Crossing,Asphalt roads,Dry,Daylight,Normal,Vehicle with vehicle collision,2,2,Turnover,Unknown,Unknown,Unknown,0,Driver,Normal,Not a Pedestrian,No distancing,Slight Injury
13:36:00,Tuesday,Under 18,Male,Junior high school,Employee,Above 10yr,Pick up upto 10Q,Governmental,2-5yrs,0,  Recreational areas,Undivided Two way,Tangent road with flat terrain,O Shape,Asphalt roads,Dry,Daylight,Normal,Vehicle with vehicle collision,2,2,Going straight,Driver or rider,Male,31-50,3,Driver,Normal,Not a Pedestrian,Other,Slight Injury
17:30:00,Tuesday,18-30,Male,Elementary school,Employee,Above 10yr,Lorry (41?100Q),Owner,Above 10yr,0,Other,Undivided Two way,Tangent road with flat terrain,Y Shape,Asphalt roads,Dry,Daylight,Normal,Vehicle with vehicle collision,2,1,Going straight,Unknown,Unknown,Unknown,0,Employee,Normal,Not a Pedestrian,Moving Backward,Slight Injury
19:57:00,Tuesday,18-30,Male,Junior high school,Employee,5-10yr,Automobile,Governmental,Below 1yr,0,Residential areas,Undivided Two way,Tangent road with flat terrain,No junction,Asphalt roads,Dry,Darkness - lights lit,Normal,Vehicle with vehicle collision,1,1,Going straight,Driver or rider,Male,31-50,3,Unknown,Normal,Not a Pedestrian,Changing lane to the right,Serious Injury
12:43:00,Monday,18-30,Male,Junior high school,Employee,Below 1yr,Lorry (41?100Q),Owner,Unknown,0,Other,Two-way (divided with broken lines road marking),Tangent road with flat terrain,T Shape,Asphalt roads,Dry,Daylight,Normal,Vehicle with vehicle collision,2,1,Going straight,Driver or rider,Male,31-50,3,Unknown,Other,Not a Pedestrian,Driving at high speed,Slight Injury
15:10:00,Thursday,Unknown,Female,Junior high school,Employee,Above 10yr,Automobile,Owner,5-10yrs,0,Other,Undivided Two way,Tangent road with flat terrain,Crossing,Asphalt roads,Dry,Daylight,Normal,Vehicle with vehicle collision,2,1,Other,Driver or rider,Male,18-30,3,Unknown,Other,Not a Pedestrian,Moving Backward,Slight Injury
16:30:00,Thursday,Unknown,Male,Junior high school,Employee,1-2yr,Public (> 45 seats),Governmental,1-2yr,0,Other,Undivided Two way,Tangent road with flat terrain,Y Shape,Asphalt roads,Dry,Daylight,Normal,Vehicle with vehicle collision,2,1,Going straight,Passenger,Male,18-30,3,Driver,Normal,Not a Pedestrian,No priority to vehicle,Slight Injury
17:20:00,Tuesday,18-30,Male,Junior high school,Employee,Above 10yr,Automobile,Governmental,Above 10yr,0,Other,Two-way (divided with broken lines road marking),Tangent road with flat terrain,Y Shape,Asphalt roads,Dry,Darkness - lights lit,Normal,Vehicle with vehicle collision,2,1,Going straight,Unknown,Unknown,Unknown,0,Self-employed,Normal,Not a Pedestrian,No distancing,Slight Injury
13:21:00,Saturday,18-30,Male,Junior high school,Employee,5-10yr,Automobile,Owner,5-10yrs,0,Residential areas,Undivided Two way,Tangent road with flat terrain,Other,Asphalt roads,Wet or damp,Daylight,Raining,Vehicle with vehicle collision,2,1,Other,Driver or rider,Male,18-30,3,Unknown,Other,Not a Pedestrian,No distancing,Slight Injury
19:02:00,Saturday,18-30,Male,Junior high school,Owner,Above 10yr,Public (> 45 seats),Owner,2-5yrs,0, Industrial areas,Two-way (divided with broken lines road marking),Tangent road with flat terrain,Y Shape,Asphalt roads,Wet or damp,Daylight,Snow,Vehicle with vehicle collision,2,1,Going straight,Unknown,Unknown,Unknown,0,Self-employed,Normal,Not a Pedestrian,Changing lane to the right,Slight Injury
19:28:00,Sunday,18-30,Male,Elementary school,Employee,2-5yr,Other,Owner,Unknown,0,Other,Two-way (divided with broken lines road marking),Tangent road with flat terrain,Crossing,Asphalt roads,Dry,Darkness - no lighting,Normal,Vehicle with vehicle collision,2,2,Moving Backward,Unknown,Unknown,Unknown,0,Driver,Normal,Not a Pedestrian,Changing lane to the left,Slight Injury
06:50:00,Wednesday,Unknown,Male,Junior high school,Employee,2-5yr,Lorry (11?40Q),Owner,Above 10yr,0,Office areas,other,Tangent road with flat terrain,No junction,Asphalt roads,Wet or damp,Darkness - lights lit,Raining,Vehicle with vehicle collision,2,1,Reversing,Pedestrian,Female,Under 18,3,Driver,Normal,Crossing from driver's nearside,Changing lane to the right,Slight Injury
17:50:00,Saturday,18-30,Male,Junior high school,Employee,Above 10yr,Other,Owner,5-10yrs,0,Office areas,Two-way (divided with broken lines road marking),Tangent road with flat terrain,No junction,Asphalt roads,Wet or damp,Darkness - lights lit,Raining,Collision with pedestrians,2,1,Going straight,Driver or rider,Male,31-50,3,Unknown,Normal,Not a Pedestrian,Moving Backward,Slight Injury
07:55:00,Monday,18-30,Male,High school,Owner,5-10yr,Public (12 seats),Owner,Unknown,0,Other,Undivided Two way,Tangent road with flat terrain,Crossing,Earth roads,Dry,Daylight,Normal,Collision with roadside objects,2,1,Going straight,Driver or rider,Male,18-30,3,Driver,Normal,Not a Pedestrian,No distancing,Slight Injury
17:20:00,Saturday,18-30,Male,Junior high school,Employee,Below 1yr,Automobile,Owner,Unknown,0,Other,Two-way (divided with broken lines road marking),Tangent road with flat terrain,Y Shape,Asphalt roads,Dry,Darkness - lights lit,Normal,Collision with pedestrians,2,1,Going straight,Unknown,Unknown,Unknown,0,Driver,Normal,Not a Pedestrian,Changing lane to the left,Serious Injury
18:00:00,Sunday,Unknown,Female,Junior high school,Owner,5-10yr,Lorry (41?100Q),Owner,Above 10yr,0,Office areas,Two-way (divided with broken lines road marking),Tangent road with flat terrain,Crossing,Asphalt roads,Dry,Darkness - lights lit,Normal,Vehicle with vehicle collision,1,1,Going straight,Passenger,Female,31-50,3,Driver,Normal,Not a Pedestrian,No priority to vehicle,Slight Injury
20:17:00,Thursday,31-50,Male,Junior high school,Employee,Above 10yr,Lorry (11?40Q),Owner,Unknown,0,  Recreational areas,Two-way (divided with broken lines road marking),Tangent road with flat terrain,Y Shape,Asphalt roads,Wet or damp,Darkness - lights lit,Raining,Vehicle with vehicle collision,2,2,Getting off,Driver or rider,Male,18-30,2,Driver,Normal,Not a Pedestrian,Changing lane to the right,Slight Injury
17:25:00,Monday,18-30,Male,Junior high school,Employee,Above 10yr,Lorry (41?100Q),Organization,Unknown,0,Other,other,Tangent road with flat terrain,Y Shape,Asphalt roads,Dry,Darkness - lights lit,Normal,Vehicle with vehicle collision,2,1,Going straight,Driver or rider,Male,18-30,3,Driver,Normal,Not a Pedestrian,Driving under the influence of drugs,Slight Injury
10:35:00,Friday,31-50,Male,Elementary school,Other,5-10yr,Lorry (41?100Q),Owner,Above 10yr,0,Office areas,Two-way (divided with broken lines road marking),Sharp reverse curve,Y Shape,Earth roads,Dry,Daylight,Normal,Vehicle with vehicle collision,2,1,Going straight,Driver or rider,Female,18-30,3,Unknown,Other,Not a Pedestrian,No priority to vehicle,Slight Injury
14:02:00,Monday,Over 51,Male,High school,Employee,2-5yr,Automobile,Owner,Unknown,0,  Recreational areas,One way,Tangent road with flat terrain,Other,Asphalt roads,Dry,Daylight,Normal,Vehicle with vehicle collision,2,1,Going straight,Unknown,Unknown,Unknown,0,Driver,Normal,Not a Pedestrian,Changing lane to the right,Slight Injury
18:40:00,Tuesday,18-30,Male,Junior high school,Employee,5-10yr,Lorry (11?40Q),Organization,1-2yr,0, Church areas,Two-way (divided with broken lines road marking),Tangent road with flat terrain,Y Shape,Asphalt roads,Dry,Daylight,Normal,Vehicle with vehicle collision,2,1,Going straight,Pedestrian,Female,18-30,2,Driver,Normal,Not a Pedestrian,No distancing,Slight Injury
18:20:00,Tuesday,18-30,Male,Elementary school,Employee,Above 10yr,Other,Organization,1-2yr,0,Office areas,other,Tangent road with flat terrain,No junction,Earth roads,Wet or damp,Darkness - lights lit,Windy,Vehicle with vehicle collision,3,1,Going straight,Unknown,Unknown,Unknown,0,Driver,Normal,Not a Pedestrian,Driving carelessly,Slight Injury
20:43:00,Sunday,18-30,Male,Junior high school,Employee,1-2yr,Lorry (41?100Q),Owner,2-5yrs,0,Residential areas,Undivided Two way,Tangent road with flat terrain,Y Shape,Asphalt roads,Wet or damp,Darkness - lights lit,Raining,Vehicle with vehicle collision,2,1,Going straight,Driver or rider,Female,31-50,2,Driver,Normal,Not a Pedestrian,No distancing,Slight Injury
06:50:00,Wednesday,18-30,Male,Junior high school,Employee,2-5yr,Automobile,Owner,Unknown,0,School areas,Two-way (divided with broken lines road marking),Tangent road with flat terrain,Crossing,Asphalt roads,Dry,Darkness - lights lit,Raining,Vehicle with vehicle collision,2,1,Going straight,Unknown,Unknown,Unknown,0,Unknown,Other,Not a Pedestrian,No distancing,Slight Injury
16:59:00,Thursday,Unknown,Female,Junior high school,Employee,unknown,Other,Owner,5-10yrs,0,Office areas,Undivided Two way,Tangent road with mountainous terrain and,No junction,Asphalt roads,Dry,Daylight,Normal,Vehicle with vehicle collision,3,1,Going straight,Passenger,Male,31-50,3,Driver,Normal,Not a Pedestrian,Changing lane to the right,Slight Injury
15:43:00,Thursday,31-50,Male,Junior high school,Owner,5-10yr,Automobile,Owner,Unknown,0, Church areas,Double carriageway (median),Tangent road with flat terrain,Y Shape,Asphalt roads,Dry,Daylight,Normal,Collision with roadside objects,1,1,Going straight,Driver or rider,Male,18-30,3,Driver,Other,Not a Pedestrian,No distancing,Slight Injury
21:39:00,Tuesday,Under 18,Male,Junior high school,Employee,Below 1yr,Automobile,Owner,Unknown,0,Other,Two-way (divided with broken lines road marking),Tangent road with flat terrain,Y Shape,Asphalt roads,Wet or damp,Darkness - lights lit,Normal,Vehicle with vehicle collision,1,2,Going straight,Driver or rider,Male,31-50,3,Unknown,Other,Not a Pedestrian,Driving to the left,Slight Injury
00:40:00,Sunday,31-50,Male,Elementary school,Employee,2-5yr,Stationwagen,Owner,2-5yrs,0,Residential areas,One way,Steep grade downward with mountainous terrain,Crossing,Asphalt roads,Dry,Darkness - lights lit,Normal,Vehicle with vehicle collision,2,2,Other,Unknown,Unknown,Unknown,0,Unknown,Other,Not a Pedestrian,No priority to vehicle,Slight Injury
13:24:00,Sunday,Over 51,Male,Junior high school,Employee,2-5yr,Lorry (41?100Q),Owner,Unknown,0,Other,other,Tangent road with flat terrain,No junction,Asphalt roads,Wet or damp,Daylight,Normal,Collision with roadside objects,2,3,Other,Driver or rider,Male,18-30,3,Unknown,Other,Not a Pedestrian,No distancing,Slight Injury
19:10:00,Thursday,18-30,Male,High school,Employee,2-5yr,Long lorry,Owner,Unknown,0,Other,Two-way (divided with broken lines road marking),Tangent road with mild grade and flat terrain,Y Shape,Asphalt roads,Dry,Daylight,Normal,Vehicle with vehicle collision,2,1,Other,Driver or rider,Male,18-30,3,Driver,Normal,Not a Pedestrian,Driving carelessly,Slight Injury
15:18:00,Monday,31-50,Male,High school,Employee,5-10yr,Public (13?45 seats),Owner,Unknown,0,Other,other,Tangent road with flat terrain,Y Shape,Asphalt roads,Dry,Daylight,Normal,Collision with pedestrians,2,2,Going straight,Driver or rider,Male,Under 18,3,Driver,Normal,Not a Pedestrian,Driving carelessly,Slight Injury
14:30:00,Friday,Over 51,Male,Elementary school,Employee,5-10yr,Pick up upto 10Q,Owner,1-2yr,0,Rural village areas,Undivided Two way,Gentle horizontal curve,No junction,Asphalt roads,Dry,Daylight,Normal,Vehicle with vehicle collision,3,1,Going straight,Pedestrian,Female,18-30,3,Employee,Normal,Not a Pedestrian,No distancing,Slight Injury
20:30:00,Sunday,Over 51,Male,Junior high school,Employee,Below 1yr,Stationwagen,Owner,Unknown,0,Other,Two-way (divided with broken lines road marking),Tangent road with flat terrain,Y Shape,Asphalt roads,Wet or damp,Daylight,Raining,Vehicle with vehicle collision,2,1,Waiting to go,Driver or rider,Male,18-30,3,Driver,Normal,Not a Pedestrian,Changing lane to the left,Slight Injury
13:05:00,Friday,18-30,Unknown,Junior high school,Owner,Below 1yr,Other,Owner,Unknown,0,Office areas,Undivided Two way,Tangent road with flat terrain,Other,Asphalt roads,Dry,Daylight,Normal,Vehicle with vehicle collision,2,2,U-Turn,Unknown,Unknown,Unknown,0,Self-employed,Normal,Not a Pedestrian,Overloading,Serious Injury
15:40:00,Sunday,31-50,Male,High school,Employee,2-5yr,Other,Owner,1-2yr,0,Office areas,Undivided Two way,Tangent road with mild grade and flat terrain,Y Shape,Asphalt roads with some distress,Dry,Daylight,Normal,Collision with animals,2,1,Going straight,Unknown,Unknown,Unknown,0,Driver,Normal,Not a Pedestrian,Moving Backward,Slight Injury
19:25:00,Monday,31-50,Male,Junior high school,Employee,2-5yr,Stationwagen,Owner,Above 10yr,0,Office areas,Two-way (divided with broken lines road marking),Sharp reverse curve,Y Shape,Asphalt roads,Dry,Daylight,Normal,Vehicle with vehicle collision,2,1,Going straight,Unknown,Unknown,Unknown,0,Self-employed,Normal,Not a Pedestrian,No distancing,Slight Injury
12:45:00,Friday,Over 51,Male,Junior high school,Owner,5-10yr,Automobile,Owner,2-5yrs,0,Residential areas,Two-way (divided with broken lines road marking),Gentle horizontal curve,No junction,Asphalt roads,Wet or damp,Daylight,Raining,Collision with pedestrians,2,3,Going straight,Unknown,Unknown,Unknown,0,Driver,Normal,Not a Pedestrian,Other,Serious Injury
10:50:00,Thursday,Unknown,Male,Junior high school,Employee,5-10yr,Taxi,Owner,2-5yrs,0, Outside rural areas,Undivided Two way,Tangent road with mountainous terrain and,Y Shape,Asphalt roads,Dry,Daylight,Normal,Vehicle with vehicle collision,2,1,Getting off,Driver or rider,Female,31-50,3,Driver,Normal,Not a Pedestrian,Driving carelessly,Slight Injury
11:38:00,Saturday,31-50,Male,Elementary school,Owner,5-10yr,Automobile,Owner,Unknown,0,Other,Two-way (divided with broken lines road marking),Tangent road with flat terrain,No junction,Asphalt roads,Dry,Daylight,Normal,Vehicle with vehicle collision,2,3,Going straight,Driver or rider,Male,31-50,3,Employee,Normal,Not a Pedestrian,No distancing,Slight Injury
18:56:00,Thursday,18-30,Male,Writing & reading,Employee,5-10yr,Other,Owner,Above 10yr,0, Church areas,other,Tangent road with flat terrain,No junction,Other,Dry,Daylight,Normal,Vehicle with vehicle collision,4,5,Turnover,Driver or rider,Male,18-30,3,Self-employed,Normal,Not a Pedestrian,Changing lane to the left,Slight Injury
05:49:00,Tuesday,Under 18,Male,Junior high school,Employee,5-10yr,Public (12 seats),Owner,Above 10yr,0,Other,One way,Steep grade downward with mountainous terrain,Crossing,Asphalt roads,Wet or damp,Daylight,Normal,Collision with roadside objects,2,1,Going straight,Driver or rider,Female,Under 18,3,Self-employed,Normal,Not a Pedestrian,Driving carelessly,Slight Injury
09:57:00,Wednesday,31-50,Male,Junior high school,Owner,5-10yr,Lorry (11?40Q),Owner,Above 10yr,0,Office areas,Two-way (divided with broken lines road marking),Tangent road with flat terrain,No junction,Asphalt roads,Dry,Daylight,Normal,Vehicle with vehicle collision,2,1,Going straight,Pedestrian,Male,18-30,2,Driver,Other,Unknown or other,Changing lane to the left,Slight Injury
17:29:00,Wednesday,31-50,Male,Elementary school,Employee,5-10yr,Lorry (11?40Q),Owner,Above 10yr,0,Residential areas,other,Tangent road with flat terrain,Other,Asphalt roads,Dry,Daylight,Normal,Collision with roadside objects,1,1,Going straight,Driver or rider,Male,18-30,3,Driver,Normal,Not a Pedestrian,Changing lane to the left,Slight Injury
18:35:00,Monday,18-30,Male,Unknown,Owner,5-10yr,Automobile,Owner,Above 10yr,0, Church areas,Two-way (divided with broken lines road marking),Tangent road with flat terrain,Other,Asphalt roads,Dry,Daylight,Normal,Vehicle with vehicle collision,2,2,Going straight,Driver or rider,Male,31-50,3,Self-employed,Normal,Not a Pedestrian,Driving carelessly,Slight Injury
17:41:00,Monday,31-50,Male,Junior high school,Owner,Above 10yr,Lorry (41?100Q),Owner,Unknown,0,Other,Double carriageway (median),Tangent road with flat terrain,Y Shape,Asphalt roads,Dry,Daylight,Normal,Collision with roadside objects,4,2,Going straight,Passenger,Female,31-50,3,Driver,Normal,Not a Pedestrian,No priority to vehicle,Slight Injury
21:30:00,Friday,Unknown,Male,Junior high school,Employee,Below 1yr,Other,Governmental,Unknown,0,School areas,Double carriageway (median),Tangent road with flat terrain,Crossing,Asphalt roads,Dry,Darkness - lights lit,Normal,Vehicle with vehicle collision,2,2,Moving Backward,Driver or rider,Male,31-50,3,Driver,Normal,Not a Pedestrian,Overloading,Slight Injury
19:15:00,Wednesday,31-50,Male,Elementary school,Employee,1-2yr,Automobile,Owner,Unknown,0, Church areas,Two-way (divided with solid lines road marking),Tangent road with flat terrain,Y Shape,Asphalt roads,Dry,Darkness - lights lit,Normal,Vehicle with vehicle collision,3,1,Entering a junction,Unknown,Unknown,Unknown,0,Employee,Normal,Not a Pedestrian,No distancing,Slight Injury
14:50:00,Thursday,Unknown,Female,Elementary school,Employee,Below 1yr,Pick up upto 10Q,Owner,Unknown,0,School areas,Undivided Two way,Tangent road with flat terrain,Unknown,Asphalt roads,Dry,Daylight,Normal,Vehicle with vehicle collision,2,1,Turnover,Unknown,Unknown,Unknown,0,Unknown,Normal,Not a Pedestrian,Moving Backward,Slight Injury
09:28:00,Friday,31-50,Male,Junior high school,Employee,5-10yr,Pick up upto 10Q,Governmental,2-5yrs,0,  Recreational areas,Undivided Two way,Tangent road with flat terrain,No junction,Asphalt roads,Dry,Daylight,Normal,Vehicle with vehicle collision,4,1,Going straight,Driver or rider,Male,18-30,3,Employee,Normal,Not a Pedestrian,No priority to pedestrian,Slight Injury
11:44:00,Wednesday,Over 51,Male,Junior high school,Employee,2-5yr,Automobile,Owner,5-10yrs,0, Church areas,Two-way (divided with broken lines road marking),Tangent road with flat terrain,Y Shape,Asphalt roads,Dry,Daylight,Normal,Vehicle with vehicle collision,2,2,Going straight,Pedestrian,Male,Over 51,3,Driver,Normal,Crossing from nearside - masked by parked or statioNot a Pedestrianry vehicle,Moving Backward,Slight Injury
07:20:00,Thursday,Over 51,Male,Junior high school,Employee,1-2yr,Automobile,Owner,Unknown,0, Church areas,One way,Tangent road with flat terrain,Crossing,Asphalt roads,Dry,Daylight,Unknown,Vehicle with vehicle collision,2,1,Going straight,Unknown,Unknown,Unknown,0,Employee,Normal,Not a Pedestrian,Changing lane to the right,Slight Injury
06:16:00,Friday,18-30,Male,Elementary school,Employee,Above 10yr,Stationwagen,Owner,Unknown,0,Office areas,other,Tangent road with flat terrain,Y Shape,Asphalt roads,Dry,Daylight,Normal,Vehicle with vehicle collision,2,1,Going straight,Pedestrian,Female,Over 51,2,Driver,Normal,Unknown or other,Overturning,Slight Injury
08:05:00,Friday,Unknown,Male,Junior high school,Employee,Above 10yr,Stationwagen,Governmental,Unknown,0,Other,Two-way (divided with broken lines road marking),Tangent road with flat terrain,Y Shape,Asphalt roads,Dry,Daylight,Other,Vehicle with vehicle collision,2,2,Other,Driver or rider,Male,18-30,3,Self-employed,Normal,Not a Pedestrian,Changing lane to the right,Slight Injury
08:20:00,Friday,31-50,Male,Junior high school,Employee,5-10yr,Automobile,Governmental,Unknown,0,Other,Undivided Two way,Tangent road with flat terrain,Y Shape,Asphalt roads,Dry,Daylight,Normal,Vehicle with vehicle collision,2,1,Going straight,Driver or rider,Male,18-30,3,Driver,Normal,Not a Pedestrian,Changing lane to the left,Serious Injury
19:45:00,Sunday,Unknown,Female,Junior high school,Employee,2-5yr,Pick up upto 10Q,Governmental,Below 1yr,0, Outside rural areas,Undivided Two way,Tangent road with flat terrain,No junction,Asphalt roads,Dry,Darkness - lights lit,Normal,Collision with pedestrians,3,1,Moving Backward,Passenger,Female,18-30,3,Unknown,Normal,Not a Pedestrian,No distancing,Slight Injury
14:59:00,Wednesday,Over 51,Male,Junior high school,Employee,2-5yr,Other,Owner,Unknown,0,Other,Two-way (divided with broken lines road marking),Tangent road with flat terrain,Y Shape,Asphalt roads,Dry,Darkness - lights lit,Normal,Collision with roadside objects,2,1,Going straight,Unknown,Unknown,Unknown,0,Driver,Normal,Not a Pedestrian,Changing lane to the left,Slight Injury
18:20:00,Sunday,Over 51,Male,Junior high school,Employee,2-5yr,Automobile,Owner,5-10yrs,0, Industrial areas,Undivided Two way,Tangent road with flat terrain,Crossing,Asphalt roads,Dry,Darkness - lights lit,Normal,Rollover,2,1,Going straight,Driver or rider,Male,18-30,3,Driver,Normal,Not a Pedestrian,No priority to pedestrian,Slight Injury
15:00:00,Saturday,18-30,Male,Junior high school,Employee,2-5yr,Automobile,Governmental,Above 10yr,0,Residential areas,other,Tangent road with flat terrain,Y Shape,Asphalt roads,Wet or damp,Daylight,Raining,Collision with roadside objects,2,1,Moving Backward,Driver or rider,Male,31-50,3,Unknown,Normal,Not a Pedestrian,No distancing,Slight Injury
14:15:00,Sunday,Unknown,Male,Writing & reading,Employee,Below 1yr,Automobile,Owner,Unknown,0,Office areas,Two-way (divided with broken lines road marking),Steep grade downward with mountainous terrain,No junction,Asphalt roads,Dry,Daylight,Normal,Collision with roadside objects,2,1,Going straight,Unknown,Unknown,Unknown,0,Unknown,Other,Not a Pedestrian,Getting off the vehicle improperly,Slight Injury
08:55:00,Thursday,18-30,Male,Junior high school,Employee,5-10yr,Automobile,Owner,Above 10yr,0,Other,One way,Steep grade downward with mountainous terrain,Crossing,Asphalt roads,Wet or damp,Daylight,Raining,Rollover,2,2,Going straight,Unknown,Unknown,Unknown,0,Other,Normal,Not a Pedestrian,Overtaking,Slight Injury
13:00:00,Tuesday,18-30,Male,Elementary school,Owner,5-10yr,Stationwagen,Owner,Unknown,0,Office areas,Undivided Two way,Tangent road with flat terrain,Y Shape,Asphalt roads,Dry,Daylight,Normal,Vehicle with vehicle collision,1,2,Going straight,Unknown,Unknown,Unknown,0,Unknown,Other,Not a Pedestrian,Changing lane to the left,Serious Injury
18:12:00,Tuesday,31-50,Male,Junior high school,Owner,Below 1yr,Lorry (41?100Q),Owner,Unknown,0,Other,Two-way (divided with broken lines road marking),Tangent road with flat terrain,Y Shape,Earth roads,Dry,Daylight,Normal,Vehicle with vehicle collision,1,1,Going straight,Pedestrian,Female,31-50,2,Driver,Normal,Not a Pedestrian,Overtaking,Slight Injury
16:47:00,Monday,18-30,Male,Junior high school,Employee,Below 1yr,Public (12 seats),Owner,5-10yrs,0,Other,Undivided Two way,Tangent road with flat terrain,Crossing,Earth roads,Dry,Daylight,Normal,Vehicle with vehicle collision,2,1,Going straight,Driver or rider,Male,Under 18,3,Driver,Normal,Not a Pedestrian,No priority to vehicle,Slight Injury
18:56:00,Thursday,18-30,Male,Junior high school,Employee,5-10yr,Automobile,Owner,Unknown,0,Office areas,Two-way (divided with broken lines road marking),Tangent road with flat terrain,No junction,Asphalt roads,Dry,Daylight,Normal,Vehicle with vehicle collision,4,5,Moving Backward,Pedestrian,Female,31-50,3,Driver,Normal,Crossing from nearside - masked by parked or statioNot a Pedestrianry vehicle,No distancing,Slight Injury
10:04:00,Wednesday,31-50,Male,High school,Employee,2-5yr,Automobile,Owner,5-10yrs,0,Office areas,Double carriageway (median),Tangent road with flat terrain,No junction,Asphalt roads,Wet or damp,Daylight,Raining,Vehicle with vehicle collision,3,1,Getting off,Unknown,Unknown,Unknown,0,Self-employed,Normal,Not a Pedestrian,No priority to pedestrian,Slight Injury
17:51:00,Wednesday,Over 51,Male,Elementary school,Employee,5-10yr,Pick up upto 10Q,Governmental,Above 10yr,0,Residential areas,other,Tangent road with flat terrain,No junction,Earth roads,Dry,Darkness - lights lit,Normal,Collision with roadside objects,1,1,Going straight,Pedestrian,Male,18-30,3,Driver,Normal,Not a Pedestrian,No priority to pedestrian,Slight Injury
15:00:00,Thursday,Unknown,Female,Junior high school,Employee,5-10yr,Automobile,Owner,2-5yrs,0,Other,Two-way (divided with broken lines road marking),Tangent road with mild grade and flat terrain,Y Shape,Asphalt roads,Dry,Daylight,Normal,Vehicle with vehicle collision,2,1,Going straight,Unknown,Unknown,Unknown,0,Unknown,Other,Not a Pedestrian,No distancing,Slight Injury
18:02:00,Wednesday,31-50,Male,Junior high school,Owner,5-10yr,Pick up upto 10Q,Owner,2-5yrs,0,Office areas,Undivided Two way,Tangent road with flat terrain,Crossing,Asphalt roads,Dry,Darkness - no lighting,Normal,Vehicle with vehicle collision,1,1,Reversing,Unknown,Unknown,Unknown,0,Driver,Normal,Not a Pedestrian,No priority to vehicle,Slight Injury
22:40:00,Sunday,31-50,Male,Junior high school,Owner,2-5yr,Automobile,Owner,1-2yr,0,Residential areas,Undivided Two way,Steep grade downward with mountainous terrain,No junction,Asphalt roads,Dry,Darkness - lights lit,Normal,Vehicle with vehicle collision,3,2,Getting off,Pedestrian,Male,31-50,3,Unknown,Other,Not a Pedestrian,Moving Backward,Slight Injury
08:02:00,Thursday,31-50,Male,Above high school,Employee,Above 10yr,Pick up upto 10Q,Owner,Unknown,0,Office areas,Two-way (divided with broken lines road marking),Tangent road with flat terrain,No junction,Asphalt roads,Dry,Daylight,Normal,Vehicle with vehicle collision,2,1,Going straight,Driver or rider,Female,18-30,3,Unknown,Other,Not a Pedestrian,No distancing,Slight Injury
20:57:00,Sunday,18-30,Male,Junior high school,Employee,Above 10yr,Lorry (41?100Q),Owner,Unknown,0,Office areas,Double carriageway (median),Tangent road with mild grade and flat terrain,Y Shape,Asphalt roads,Dry,Darkness - lights lit,Normal,Vehicle with vehicle collision,3,2,Getting off,Unknown,Unknown,Unknown,0,Self-employed,Normal,Not a Pedestrian,No distancing,Slight Injury