time,day_of_week,age_band_of_driver,sex_of_driver,educational_level,vehicle_driver_relation,driving_experience,type_of_vehicle,owner_of_vehicle,service_year_of_vehicle,defect_of_vehicle,area_accident_occured,lanes_or_medians,road_allignment,types_of_junction,road_surface_type,road_surface_conditions,light_conditions,weather_conditions,type_of_collision,number_of_vehicles_involved,number_of_casualties,vehicle_movement,casualty_class,sex_of_casualty,age_band_of_casualty,casualty_severity,work_of_casualty,fitness_of_casualty,pedestrian_movement,cause_of_accident,accident_severity
10:40:00,Wednesday,31-50,Male,Junior high school,Employee,5-10yr,Motorcycle,Owner,Unknown,0, Industrial areas,Undivided Two way,Tangent road with flat terrain,No junction,Asphalt roads,Dry,Daylight,Normal,Vehicle with vehicle collision,2,1,Moving Backward,Driver or rider,Male,31-50,2,Driver,Normal,Not a Pedestrian,No distancing,Slight Injury
09:01:00,Wednesday,18-30,Male,Junior high school,Employee,Below 1yr,Lorry (41?100Q),Owner,Unknown,0, Church areas,Two-way (divided with broken lines road marking),Tangent road with flat terrain,Y Shape,Asphalt roads,Dry,Darkness - lights lit,Normal,Vehicle with vehicle collision,3,5,Other,Unknown,Unknown,Unknown,0,Unknown,Other,Not a Pedestrian,No distancing,Serious Injury
18:16:00,Tuesday,18-30,Male,Junior high school,Employee,5-10yr,Automobile,Owner,Unknown,0,Office areas,Undivided Two way,Tangent road with flat terrain,No junction,Asphalt roads,Dry,Daylight,Normal,Vehicle with vehicle collision,2,1,Reversing,Pedestrian,Female,Over 51,2,Driver,Normal,Not a Pedestrian,No priority to vehicle,Slight Injury
19:45:00,Saturday,Unknown,Male,Junior high school,Employee,2-5yr,Long lorry,Owner,5-10yrs,0,Other,One way,Tangent road with flat terrain,Y Shape,Asphalt roads,Dry,Darkness - lights lit,Normal,Vehicle with vehicle collision,2,1,Moving Backward,Passenger,Female,Under 18,3,Employee,Normal,Not a Pedestrian,Changing lane to the right,Slight Injury
21:26:00,Tuesday,31-50,Male,Junior high school,Employee,Above 10yr,Pick up upto 10Q,Owner,Above 10yr,0, Church areas,Undivided Two way,Sharp reverse curve,Y Shape,Asphalt roads,Wet or damp,Darkness - lights lit,Normal,Collision with roadside objects,2,1,Going straight,Passenger,Female,5,3,Self-employed,Normal,Not a Pedestrian,Driving carelessly,Slight Injury
11:30:00,Friday,18-30,Male,Junior high school,Employee,2-5yr,Automobile,Owner,Unknown,0, Church areas,Undivided Two way,Tangent road with flat terrain,Other,Asphalt roads,Dry,Daylight,Normal,Collision with pedestrians,1,1,Other,Driver or rider,Male,Under 18,3,Unknown,Other,Not a Pedestrian,Driving under the influence of drugs,Slight Injury
10:20:00,Thursday,Over 51,Male,Junior high school,Employee,2-5yr,Automobile,Owner,Above 10yr,0,Other,One way,Steep grade downward with mountainous terrain,Y Shape,Asphalt roads,Dry,Daylight,Normal,Vehicle with vehicle collision,2,2,Going straight,Pedestrian,Male,Over 51,2,Self-employed,Normal,Not a Pedestrian,Driving under the influence of drugs,Slight Injury
19:49:00,Saturday,31-50,Male,High school,Employee,2-5yr,Pick up upto 10Q,Owner,Unknown,0,Other,Undivided Two way,Tangent road with flat terrain,Y Shape,Asphalt roads,Dry,Darkness - lights lit,Normal,Collision with roadside objects,2,1,Going straight,Driver or rider,Male,5,3,Self-employed,Normal,Not a Pedestrian,Moving Backward,Slight Injury
21:55:00,Thursday,18-30,Male,Elementary school,Employee,2-5yr,Automobile,Owner,Unknown,0, Church areas,Two-way (divided with broken lines road marking),Tangent road with flat terrain,O Shape,Asphalt roads,Dry,Darkness - lights lit,Normal,Vehicle with vehicle collision,2,1,Other,Pedestrian,Male,18-30,3,Driver,Normal,Not a Pedestrian,Changing lane to the left,Slight Injury
13:50:00,Monday,Unknown,Male,Junior high school,Employee,Above 10yr,Taxi,Owner,5-10yrs,0,Other,Undivided Two way,Tangent road with flat terrain,No junction,Earth roads,Dry,Daylight,Normal,Collision with pedestrians,2,1,Going straight,Driver or rider,Male,31-50,3,Driver,Normal,Not a Pedestrian,Moving Backward,Slight Injury
12:20:00,Saturday,18-30,Male,Elementary school,Employee,Below 1yr,Automobile,Owner,Unknown,0, Church areas,Undivided Two way,Tangent road with flat terrain,Y Shape,Asphalt roads,Dry,Daylight,Normal,Vehicle with vehicle collision,2,1,Going straight,Driver or rider,Male,18-30,3,Unknown,Other,Not a Pedestrian,Turnover,Slight Injury
12:00:00,Saturday,Over 51,Male,Elementary school,Owner,2-5yr,Lorry (41?100Q),Owner,Unknown,0,Office areas,Unknown,Tangent road with flat terrain,No junction,Asphalt roads,Dry,Daylight,Normal,Vehicle with vehicle collision,2,1,Going straight,Driver or rider,Female,18-30,3,Driver,Normal,Not a Pedestrian,Changing lane to the right,Serious Injury
21:38:00,Wednesday,Unknown,Female,Above high school,Owner,5-10yr,Automobile,Owner,Unknown,0,Office areas,Undivided Two way,Tangent road with flat terrain,Y Shape,Asphalt roads,Dry,Darkness - lights lit,Normal,Vehicle with vehicle collision,1,1,Entering a junction,Driver or rider,Female,31-50,3,Driver,Normal,Not a Pedestrian,No distancing,Slight Injury
17:50:00,Friday,31-50,Male,Above high school,Owner,1-2yr,Pick up upto 10Q,Owner,5-10yrs,0,Residential areas,Undivided Two way,Tangent road with flat terrain,Y Shape,Asphalt roads,Wet or damp,Daylight,Normal,Vehicle with vehicle collision,2,1,Moving Backward,Passenger,Female,Over 51,3,Driver,Normal,Not a Pedestrian,Driving carelessly,Slight Injury
12:30:00,Thursday,31-50,Male,Junior high school,Employee,2-5yr,Lorry (41?100Q),Owner,Above 10yr,0,Other,other,Tangent road with flat terrain,Y Shape,Asphalt roads,Dry,Daylight,Normal,Collision with roadside objects,2,1,Going straight,Unknown,Unknown,Unknown,0,Driver,Normal,Not a Pedestrian,No priority to pedestrian,Slight Injury
16:50:00,Tuesday,31-50,Male,Junior high school,Employee,Above 10yr,Taxi,Owner,5-10yrs,0,Office areas,Undivided Two way,Tangent road with flat terrain,No junction,Asphalt roads,Dry,Daylight,Normal,Collision with roadside-parked vehicles,3,2,Reversing,Unknown,Unknown,Unknown,0,Self-employed,Normal,Not a Pedestrian,Moving Backward,Slight Injury
22:45:00,Monday,18-30,Male,Junior high school,Employee,1-2yr,Lorry (41?100Q),Owner,1-2yr,0,Other,One way,Tangent road with flat terrain,Y Shape,Asphalt roads,Wet or damp,Darkness - lights lit,Raining,Vehicle with vehicle collision,2,3,Entering a junction,Unknown,Unknown,Unknown,0,Driver,Normal,Not a Pedestrian,Changing lane to the left,Slight Injury
17:45:00,Tuesday,Unknown,Male,Junior high school,Employee,2-5yr,Other,Owner,Unknown,0,Other,One way,Tangent road with flat terrain,Crossing,Asphalt roads,Dry,Daylight,Normal,Vehicle with vehicle collision,3,1,Moving Backward,Driver or rider,Male,18-30,3,Unknown,Other,Not a Pedestrian,Driving carelessly,Slight Injury
13:55:00,Sunday,18-30,Male,Junior high school,Employee,2-5yr,Automobile,Owner,Above 10yr,0,Residential areas,Double carriageway (median),Tangent road with flat terrain,Y Shape,Asphalt roads,Dry,Daylight,Normal,Collision with roadside objects,3,3,Going straight,Driver or rider,Male,Over 51,3,Unknown,Other,Not a Pedestrian,No distancing,Slight Injury
20:40:00,Thursday,Under 18,Male,Junior high school,Employee,2-5yr,Public (13?45 seats),Owner,Unknown,0,Other,Double carriageway (median),Tangent road with flat terrain,Y Shape,Gravel roads,Wet or damp,Darkness - lights lit,Raining,Vehicle with vehicle collision,2,5,Going straight,Unknown,Unknown,Unknown,0,Self-employed,Normal,Not a Pedestrian,Driving carelessly,Slight Injury
19:08:00,Friday,18-30,Male,Junior high school,Employee,5-10yr,Lorry (41?100Q),Owner,Unknown,0,Office areas,Undivided Two way,Tangent road with flat terrain,No junction,Asphalt roads,Wet or damp,Darkness - lights lit,Normal,Vehicle with vehicle collision,1,1,Other,Unknown,Unknown,Unknown,0,Self-employed,Normal,Not a Pedestrian,No priority to vehicle,Slight Injury
20:30:00,Sunday,Unknown,Male,Junior high school,Owner,5-10yr,Other,Owner,Above 10yr,0,Residential areas,Two-way (divided with broken lines road marking),Tangent road with flat terrain,No junction,Asphalt roads,Dry,Daylight,Normal,Vehicle with vehicle collision,1,1,Going straight,Driver or rider,Female,18-30,3,Driver,Normal,Not a Pedestrian,Driving carelessly,Slight Injury
04:30:00,Saturday,31-50,Male,Junior high school,Employee,5-10yr,Public (12 seats),Owner,Above 10yr,0,Other,Undivided Two way,Tangent road with flat terrain,Y Shape,Asphalt roads,Dry,Darkness - lights lit,Normal,Vehicle with vehicle collision,2,1,Going straight,Driver or rider,Male,18-30,3,Driver,Normal,Not a Pedestrian,Changing lane to the right,Slight Injury
15:31:00,Monday,Over 51,Male,Junior high school,Employee,2-5yr,Automobile,Owner,2-5yrs,0,Other,Undivided Two way,Tangent road with flat terrain,Y Shape,Asphalt roads,Wet or damp,Daylight,Raining,Vehicle with vehicle collision,2,4,Going straight,Passenger,Male,5,2,Driver,Normal,Not a Pedestrian,No distancing,Slight Injury
04:14:00,Sunday,18-30,Male,Junior high school,Employee,Below 1yr,Public (13?45 seats),Owner,5-10yrs,0,Office areas,Two-way (divided with broken lines road marking),Tangent road with flat terrain,No junction,Asphalt roads,Dry,Darkness - lights lit,Normal,Collision with pedestrians,2,1,Going straight,Pedestrian,Female,18-30,3,Unknown,Other,Not a Pedestrian,No priority to pedestrian,Slight Injury
17:20:00,Wednesday,Under 18,Male,Junior high school,Employee,5-10yr,Other,Owner,2-5yrs,0,Other,Two-way (divided with broken lines road marking),Tangent road with flat terrain,Unknown,Asphalt roads,Dry,Daylight,Normal,Collision with roadside objects,2,1,Getting off,Driver or rider,Female,18-30,3,Unknown,Normal,Not a Pedestrian,Changing lane to the right,Slight Injury
21:10:00,Monday,18-30,Male,Elementary school,Employee,Below 1yr,Automobile,Governmental,Below 1yr,0,  Recreational areas,Two-way (divided with broken lines road marking),Tangent road with flat terrain,Crossing,Asphalt roads,Wet or damp,Darkness - lights lit,Normal,Vehicle with vehicle collision,2,3,Going straight,Unknown,Unknown,Unknown,0,Driver,Other,Not a Pedestrian,Driving to the left,Slight Injury
19:17:00,Monday,18-30,Male,Junior high school,Owner,Below 1yr,Automobile,Owner,Unknown,0,Other,Undivided Two way,Tangent road with flat terrain,Y Shape,Asphalt roads,Wet or damp,Darkness - lights lit,Raining,Collision with roadside objects,2,1,Reversing,Driver or rider,Male,18-30,3,Self-employed,Normal,Not a Pedestrian,Moving Backward,Serious Injury
18:15:00,Friday,18-30,Male,High school,Owner,5-10yr,Stationwagen,Owner,Unknown,0,Office areas,Two-way (divided with broken lines road marking),Tangent road with flat terrain,Y Shape,Asphalt roads,Dry,Daylight,Normal,Vehicle with vehicle collision,2,1,Going straight,Driver or rider,Male,Under 18,3,Driver,Normal,Not a Pedestrian,Driving carelessly,Serious Injury
21:45:00,Saturday,31-50,Male,Junior high school,Employee,5-10yr,Public (12 seats),Owner,Above 10yr,0, Church areas,Two-way (divided with broken lines road marking),Steep grade downward with mountainous terrain,Crossing,Asphalt roads,Dry,Darkness - lights lit,Normal,Vehicle with vehicle collision,4,1,Going straight,Driver or rider,Male,18-30,3,Employee,Other,Not a Pedestrian,Moving Backward,Slight Injury
14:30:00,Saturday,18-30,Male,Junior high school,Owner,1-2yr,Automobile,Owner,Above 10yr,0,Office areas,other,Tangent road with flat terrain,Y Shape,Asphalt roads,Dry,Daylight,Normal,Rollover,2,1,Going straight,Unknown,Unknown,Unknown,0,Unknown,Other,Not a Pedestrian,Changing lane to the right,Slight Injury
17:50:00,Friday,18-30,Male,High school,Employee,5-10yr,Other,Owner,2-5yrs,0, Church areas,Undivided Two way,Tangent road with flat terrain,Crossing,Asphalt roads,Dry,Daylight,Normal,Collision with animals,2,2,Reversing,Pedestrian,Female,Over 51,3,Driver,Normal,Not a Pedestrian,Changing lane to the right,Slight Injury
15:30:00,Friday,18-30,Male,Junior high school,Employee,Below 1yr,Lorry (41?100Q),Owner,2-5yrs,0, Church areas,One way,Tangent road with flat terrain,Y Shape,Asphalt roads,Dry,Daylight,Normal,Vehicle with vehicle collision,2,2,Other,Driver or rider,Female,Over 51,3,Driver,Normal,Not a Pedestrian,Driving carelessly,Serious Injury
07:45:00,Thursday,Over 51,Male,High school,Employee,Above 10yr,Lorry (41?100Q),Owner,Unknown,0,Other,Undivided Two way,Tangent road with flat terrain,Y Shape,Asphalt roads,Dry,Daylight,Normal,Vehicle with vehicle collision,2,1,Going straight,Driver or rider,Male,31-50,3,Self-employed,Normal,Not a Pedestrian,Driving to the left,Slight Injury
21:33:00,Friday,Unknown,Female,Junior high school,Employee,5-10yr,Turbo,Organization,5-10yrs,0,Office areas,Two-way (divided with broken lines road marking),Gentle horizontal curve,Crossing,Asphalt roads,Dry,Darkness - lights lit,Normal,Vehicle with vehicle collision,2,1,Going straight,Driver or rider,Male,5,3,Self-employed,Normal,Not a Pedestrian,Moving Backward,Slight Injury
17:15:00,Tuesday,31-50,Male,Elementary school,Owner,5-10yr,Stationwagen,Owner,2-5yrs,0,Residential areas,Undivided Two way,Tangent road with mild grade and flat terrain,Other,Asphalt roads,Dry,Daylight,Unknown,Vehicle with vehicle collision,2,1,Going straight,Unknown,Unknown,Unknown,0,Employee,Normal,Not a Pedestrian,Moving Backward,Slight Injury
17:10:00,Tuesday,31-50,Male,Junior high school,Employee,5-10yr,Other,Owner,Unknown,0,Residential areas,other,Tangent road with flat terrain,No junction,Asphalt roads,Dry,Daylight,Normal,Collision with roadside objects,1,1,Going straight,Driver or rider,Male,31-50,3,Driver,Normal,Not a Pedestrian,Changing lane to the right,Slight Injury
08:23:00,Friday,18-30,Male,High school,Owner,5-10yr,Lorry (11?40Q),Owner,5-10yrs,0,Other,Undivided Two way,Tangent road with flat terrain,No junction,Asphalt roads,Dry,Daylight,Normal,Rollover,2,1,Waiting to go,Driver or rider,Male,18-30,3,Employee,Normal,Not a Pedestrian,Moving Backward,Serious Injury
17:55:00,Thursday,18-30,Male,Junior high school,Employee,5-10yr,Automobile,Owner,Unknown,0,Other,One way,Tangent road with flat terrain,Y Shape,Asphalt roads,Dry,Daylight,Normal,Vehicle with vehicle collision,2,1,Going straight,Driver or rider,Male,18-30,3,Self-employed,Normal,Not a Pedestrian,Unknown,Slight Injury
08:10:00,Monday,31-50,Male,Junior high school,Employee,Above 10yr,Automobile,Owner,Unknown,0,  Recreational areas,One way,Tangent road with flat terrain,Y Shape,Earth roads,Wet or damp,Daylight,Fog or mist,Vehicle with vehicle collision,2,1,Turnover,Driver or rider,Male,Under 18,3,Unknown,Other,Not a Pedestrian,No priority to pedestrian,Slight Injury
14:26:00,Friday,31-50,Male,High school,Employee,1-2yr,Stationwagen,Owner,Unknown,0,Office areas,Undivided Two way,Tangent road with flat terrain,No junction,Asphalt roads,Dry,Daylight,Normal,Vehicle with vehicle collision,2,2,Going straight,Passenger,Female,31-50,3,Driver,Normal,Not a Pedestrian,Moving Backward,Slight Injury
08:36:00,Friday,Under 18,Male,Junior high school,Employee,5-10yr,Public (12 seats),Owner,1-2yr,0,School areas,other,Steep grade downward with mountainous terrain,No junction,Asphalt roads,Dry,Daylight,Normal,Vehicle with vehicle collision,3,1,Going straight,Driver or rider,Male,31-50,3,Driver,Normal,Not a Pedestrian,Driving at high speed,Slight Injury
10:07:00,Monday,Over 51,Male,Junior high school,Employee,Above 10yr,Lorry (41?100Q),Owner,Unknown,0, Church areas,Two-way (divided with broken lines road marking),Tangent road with flat terrain,Crossing,Asphalt roads,Wet or damp,Daylight,Raining,Vehicle with vehicle collision,2,2,Going straight,Unknown,Unknown,Unknown,0,Driver,Normal,Not a Pedestrian,No priority to vehicle,Slight Injury
13:00:00,Thursday,Under 18,Male,Junior high school,Owner,5-10yr,Public (13?45 seats),Governmental,5-10yrs,0,Other,Undivided Two way,Tangent road with flat terrain,No junction,Asphalt roads,Wet or damp,Daylight,Raining,Vehicle with vehicle collision,2,1,Going straight,Driver or rider,Male,18-30,3,Driver,Normal,Not a Pedestrian,Changing lane to the left,Serious Injury
19:32:00,Wednesday,Over 51,Male,Junior high school,Employee,Above 10yr,Automobile,Organization,Unknown,0,Other,Double carriageway (median),Tangent road with flat terrain,No junction,Asphalt roads,Wet or damp,Darkness - lights lit,Normal,Rollover,3,1,Going straight,Unknown,Unknown,Unknown,0,Unknown,Other,Not a Pedestrian,Driving carelessly,Slight Injury
18:32:00,Tuesday,18-30,Male,Elementary school,Employee,5-10yr,Automobile,Owner,Unknown,0,Office areas,One way,Tangent road with flat terrain,Y Shape,Asphalt roads,Snow,Daylight,Snow,Collision with roadside objects,3,2,Going straight,Driver or rider,Male,Over 51,3,Unknown,Other,Not a Pedestrian,Changing lane to the right,Slight Injury
21:14:00,Saturday,18-30,Male,Junior high school,Employee,5-10yr,Automobile,Owner,Unknown,0, Church areas,Two-way (divided with broken lines road marking),Tangent road with flat terrain,No junction,Asphalt roads,Dry,Darkness - lights lit,Normal,Collision with pedestrians,3,1,Going straight,Driver or rider,Female,18-30,3,Self-employed,Normal,Not a Pedestrian,Changing lane to the left,Slight Injury
16:30:00,Tuesday,18-30,Male,Junior high school,Employee,5-10yr,Lorry (41?100Q),Owner,Above 10yr,0, Church areas,other,Tangent road with flat terrain,Y Shape,Asphalt roads,Dry,Darkness - lights lit,Normal,Collision with roadside objects,2,2,Going straight,Pedestrian,Male,18-30,3,Unknown,Other,Not a Pedestrian,Other,Slight Injury
19:46:00,Friday,18-30,Male,Elementary school,Employee,2-5yr,Public (13?45 seats),Owner,Unknown,0,Other,Two-way (divided with broken lines road marking),Tangent road with flat terrain,Crossing,Asphalt roads,Dry,Darkness - lights lit,Normal,Vehicle with vehicle collision,2,1,Going straight,Driver or rider,Female,18-30,3,Driver,Normal,Not a Pedestrian,Driving carelessly,Slight Injury
18:39:00,Wednesday,18-30,Male,Junior high school,Employee,5-10yr,Pick up upto 10Q,Owner,Unknown,7, Outside rural areas,other,Tangent road with flat terrain,No junction,Asphalt roads,Dry,Daylight,Normal,Vehicle with vehicle collision,2,1,Going straight,Unknown,Unknown,Unknown,0,Driver,Normal,Not a Pedestrian,No priority to vehicle,Slight Injury
08:00:00,Tuesday,18-30,Male,Junior high school,Employee,1-2yr,Automobile,Owner,Unknown,0,Other,Two-way (divided with broken lines road marking),Tangent road with flat terrain,Other,Asphalt roads,Dry,Daylight,Normal,Vehicle with vehicle collision,2,1,Turnover,Pedestrian,Male,18-30,2,Self-employed,Normal,Crossing from nearside - masked by parked or statioNot a Pedestrianry vehicle,No distancing,Slight Injury
06:40:00,Thursday,Unknown,Male,Elementary school,Employee,No Licence,Other,Owner,Unknown,0,Office areas,Two-way (divided with broken lines road marking),Tangent road with mild grade and flat terrain,No junction,Asphalt roads,Wet or damp,Daylight,Normal,Vehicle with vehicle collision,2,1,Going straight,Unknown,Unknown,Unknown,0,Unknown,Other,Not a Pedestrian,No priority to pedestrian,Slight Injury
22:30:00,Friday,Under 18,Male,Junior high school,Employee,unknown,Turbo,Owner,Unknown,0,Residential areas,Two-way (divided with broken lines road marking),Tangent road with flat terrain,No junction,Other,Wet or damp,Darkness - lights lit,Raining,Vehicle with vehicle collision,1,2,Going straight,Pedestrian,Male,18-30,3,Driver,Normal,Crossing from driver's nearside,No priority to pedestrian,Slight Injury
08:40:00,Wednesday,31-50,Male,Junior high school,Employee,5-10yr,Public (> 45 seats),Owner,5-10yrs,0,Other,Undivided Two way,Tangent road with flat terrain,No junction,Asphalt roads,Dry,Daylight,Normal,Vehicle with vehicle collision,1,1,Going straight,Driver or rider,Male,31-50,3,Unknown,Other,Not a Pedestrian,No priority to vehicle,Slight Injury
13:43:00,Monday,18-30,Male,Junior high school,Employee,2-5yr,Public (> 45 seats),Owner,2-5yrs,0,Office areas,Two-way (divided with broken lines road marking),Tangent road with mild grade and flat terrain,Y Shape,Gravel roads,Dry,Daylight,Normal,Vehicle with vehicle collision,2,1,Going straight,Driver or rider,Male,18-30,3,Driver,Normal,Not a Pedestrian,Moving Backward,Slight Injury
17:17:00,Wednesday,Unknown,Male,Junior high school,Employee,Above 10yr,Automobile,Owner,2-5yrs,0,Residential areas,Undivided Two way,Tangent road with flat terrain,No junction,Asphalt roads,Dry,Darkness - lights lit,Normal,Vehicle with vehicle collision,1,1,Going straight,Pedestrian,Male,31-50,3,Self-employed,Normal,"In carriageway, statioNot a Pedestrianry - not crossing  (standing or playing)",Changing lane to the right,Serious Injury
18:00:00,Tuesday,18-30,Male,Junior high school,Employee,2-5yr,Automobile,Owner,5-10yrs,7,Other,Two-way (divided with broken lines road marking),Tangent road with flat terrain,Y Shape,Asphalt roads,Dry,Darkness - lights lit,Normal,Vehicle with vehicle collision,1,1,Going straight,Pedestrian,Male,31-50,3,Self-employed,Normal,Not a Pedestrian,Changing lane to the right,Slight Injury
19:35:00,Wednesday,31-50,Male,Junior high school,Owner,5-10yr,Other,Owner,5-10yrs,0,Other,Undivided Two way,Tangent road with flat terrain,Y Shape,Asphalt roads,Dry,Darkness - lights lit,Normal,Vehicle with vehicle collision,2,2,Moving Backward,Pedestrian,Male,18-30,3,Driver,Normal,Crossing from driver's nearside,No distancing,Slight Injury
18:24:00,Thursday,Unknown,Male,Junior high school,Employee,1-2yr,Pick up upto 10Q,Organization,2-5yrs,0,Other,Undivided Two way,Tangent road with mountainous terrain and,No junction,Gravel roads,Dry,Daylight,Other,Vehicle with vehicle collision,2,1,Going straight,Unknown,Unknown,Unknown,0,Self-employed,Normal,Not a Pedestrian,Changing lane to the right,Slight Injury
10:15:00,Friday,Unknown,Female,Junior high school,Employee,2-5yr,Public (12 seats),Owner,Unknown,0,Residential areas,Two-way (divided with broken lines road marking),Tangent road with flat terrain,Crossing,Asphalt roads,Dry,Daylight,Normal,Rollover,3,1,Going straight,Driver or rider,Male,31-50,3,Driver,Normal,Not a Pedestrian,Changing lane to the right,Slight Injury
18:23:00,Wednesday,Over 51,Male,Elementary school,Owner,5-10yr,Stationwagen,Governmental,Unknown,0,Residential areas,Double carriageway (median),Tangent road with flat terrain,Y Shape,Gravel roads,Dry,Daylight,Normal,Vehicle with vehicle collision,3,1,Going straight,Pedestrian,Male,Under 18,3,Driver,Normal,Unknown or other,No distancing,Slight Injury
21:25:00,Thursday,18-30,Male,Junior high school,Owner,1-2yr,Lorry (41?100Q),Owner,Unknown,0,Office areas,One way,Tangent road with flat terrain,Y Shape,Asphalt roads,Dry,Daylight,Normal,Vehicle with vehicle collision,2,1,Waiting to go,Unknown,Unknown,Unknown,0,Employee,Normal,Not a Pedestrian,No distancing,Slight Injury
14:49:00,Monday,18-30,Male,Junior high school,Owner,5-10yr,Lorry (41?100Q),Owner,Unknown,0,Other,other,Tangent road with flat terrain,Y Shape,Asphalt roads,Dry,Daylight,Normal,Vehicle with vehicle collision,2,2,Going straight,Driver or rider,Male,18-30,2,Driver,Normal,Not a Pedestrian,No priority to vehicle,Slight Injury
13:55:00,Sunday,18-30,Male,Junior high school,Employee,Below 1yr,Pick up upto 10Q,Owner,2-5yrs,0,Office areas,Two-way (divided with broken lines road marking),Tangent road with mild grade and flat terrain,Y Shape,Asphalt roads,Dry,Daylight,Normal,Vehicle with vehicle collision,3,3,Going straight,Pedestrian,Male,Over 51,2,Driver,Other,Unknown or other,Changing lane to the right,Slight Injury
15:58:00,Wednesday,18-30,Male,Junior high school,Employee,5-10yr,Lorry (41?100Q),Owner,Below 1yr,0,Other,Undivided Two way,Tangent road with mild grade and flat terrain,No junction,Asphalt roads,Dry,Daylight,Normal,Rollover,2,1,Going straight,Unknown,Unknown,Unknown,0,Driver,Normal,Not a Pedestrian,No priority to pedestrian,Slight Injury
16:55:00,Monday,Under 18,Male,Junior high school,Employee,2-5yr,Lorry (41?100Q),Owner,Unknown,0,Office areas,Undivided Two way,Tangent road with flat terrain,Other,Asphalt roads,Dry,Daylight,Normal,Collision with pedestrians,2,6,Getting off,Passenger,Female,18-30,3,Driver,Normal,Not a Pedestrian,No distancing,Slight Injury
09:25:00,Friday,31-50,Male,Elementary school,Employee,5-10yr,Stationwagen,Owner,Unknown,0,Office areas,Two-way (divided with broken lines road marking),Tangent road with flat terrain,Y Shape,Asphalt roads,Dry,Daylight,Normal,Vehicle with vehicle collision,2,1,Going straight,Driver or rider,Male,18-30,3,Unknown,Other,Not a Pedestrian,Changing lane to the right,Slight Injury
17:14:00,Saturday,Under 18,Male,Junior high school,Employee,5-10yr,Automobile,Owner,Unknown,0,Office areas,Double carriageway (median),Gentle horizontal curve,Crossing,Asphalt roads,Dry,Daylight,Normal,Collision with roadside objects,4,1,Going straight,Unknown,Unknown,Unknown,0,Unknown,Other,Not a Pedestrian,No priority to vehicle,Slight Injury
11:30:00,Friday,Unknown,Male,Above high school,Employee,1-2yr,Turbo,Owner,Unknown,0,Office areas,Double carriageway (median),Tangent road with mild grade and flat terrain,Y Shape,Asphalt roads,Dry,Daylight,Normal,Vehicle with vehicle collision,2,1,Entering a junction,Pedestrian,Male,Over 51,3,Driver,Normal,Crossing from driver's nearside,Changing lane to the left,Slight Injury
00:53:00,Sunday,18-30,Male,Elementary school,Employee,5-10yr,Ridden horse,Owner,Unknown,0,Residential areas,Undivided Two way,Tangent road with flat terrain,No junction,Asphalt roads,Dry,Darkness - lights lit,Normal,Vehicle with vehicle collision,1,3,Reversing,Unknown,Unknown,Unknown,0,Driver,Normal,Not a Pedestrian,Driving carelessly,Slight Injury
07:53:00,Friday,Over 51,Male,Junior high school,Employee,1-2yr,Automobile,Owner,Unknown,0,Other,other,Tangent road with flat terrain,Y Shape,Asphalt roads,Dry,Daylight,Normal,Vehicle with vehicle collision,2,1,Going straight,Passenger,Male,31-50,3,Driver,Normal,Not a Pedestrian,Changing lane to the left,Slight Injury
22:40:00,Thursday,Under 18,Male,Junior high school,Employee,5-10yr,Lorry (41?100Q),Owner,Unknown,0,Other,Undivided Two way,Tangent road with flat terrain,No junction,Asphalt roads,Wet or damp,Darkness - lights lit,Normal,Vehicle with vehicle collision,2,1,Going straight,Pedestrian,Female,Over 51,2,Driver,Normal,Crossing from nearside - masked by parked or statioNot a Pedestrianry vehicle,No priority to pedestrian,Slight Injury
00:15:00,Monday,18-30,Male,Elementary school,Employee,2-5yr,Automobile,Governmental,Unknown,0,School areas,Double carriageway (median),Tangent road with flat terrain,Crossing,Earth roads,Dry,Darkness - lights lit,Normal,Collision with roadside objects,2,2,Reversing,Passenger,Male,Under 18,2,Driver,Normal,Not a Pedestrian,No distancing,Slight Injury
17:25:00,Friday,31-50,Male,Elementary school,Employee,2-5yr,Lorry (41?100Q),Owner,5-10yrs,0,School areas,other,Tangent road with flat terrain,No junction,Asphalt roads,Wet or damp,Daylight,Raining,Collision with roadside objects,2,2,Other,Driver or rider,Female,18-30,3,Driver,Normal,Not a Pedestrian,Other,Slight Injury
08:45:00,Monday,Under 18,Male,Junior high school,Employee,2-5yr,Public (12 seats),Owner,2-5yrs,0,Other,Two-way (divided with broken lines road marking),Tangent road with flat terrain,No junction,Asphalt roads,Wet or damp,Daylight,Normal,Vehicle with vehicle collision,3,1,Going straight,Driver or rider,Female,18-30,3,Driver,Normal,Not a Pedestrian,Changing lane to the left,Slight Injury
00:29:00,Wednesday,Under 18,Male,Junior high school,Employee,5-10yr,Pick up upto 10Q,Owner,Unknown,0,Other,Two-way (divided with broken lines road marking),Tangent road with flat terrain,No junction,Asphalt roads,Dry,Darkness - lights lit,Normal,Vehicle with vehicle collision,2,2,Going straight,Pedestrian,Female,18-30,3,Driver,Normal,Not a Pedestrian,Changing lane to the right,Slight Injury
08:45:00,Thursday,Under 18,Male,Junior high school,Employee,5-10yr,Lorry (41?100Q),Owner,Unknown,0, Church areas,Two-way (divided with broken lines road marking),Tangent road with flat terrain,Y Shape,Asphalt roads,Dry,Daylight,Normal,Vehicle with vehicle collision,3,1,Turnover,Driver or rider,Male,31-50,3,Self-employed,Normal,Not a Pedestrian,No priority to pedestrian,Slight Injury