time,day_of_week,age_band_of_driver,sex_of_driver,educational_level,vehicle_driver_relation,driving_experience,type_of_vehicle,owner_of_vehicle,service_year_of_vehicle,defect_of_vehicle,area_accident_occured,lanes_or_medians,road_allignment,types_of_junction,road_surface_type,road_surface_conditions,light_conditions,weather_conditions,type_of_collision,number_of_vehicles_involved,number_of_casualties,vehicle_movement,casualty_class,sex_of_casualty,age_band_of_casualty,casualty_severity,work_of_casualty,fitness_of_casualty,pedestrian_movement,cause_of_accident,accident_severity
20:40:00,Tuesday,Under 18,Male,Junior high school,Employee,Above 10yr,Automobile,Owner,1-2yr,0,Office areas,Undivided Two way,Escarpments,Crossing,Asphalt roads,Dry,Darkness - lights lit,Normal,Vehicle with vehicle collision,2,1,Going straight,Unknown,Unknown,Unknown,0,Driver,Normal,Not a Pedestrian,Overturning,Slight Injury
17:08:00,Tuesday,Under 18,Male,Junior high school,Employee,Below 1yr,Lorry (41?100Q),Owner,5-10yrs,0,Office areas,Two-way (divided with broken lines road marking),Tangent road with flat terrain,No junction,Asphalt roads,Dry,Daylight,Normal,Vehicle with vehicle collision,2,1,Other,Driver or rider,Female,31-50,3,Driver,Normal,Not a Pedestrian,Changing lane to the right,Slight Injury
17:19:00,Tuesday,31-50,Male,Junior high school,Employee,Above 10yr,Automobile,Owner,5-10yrs,0, Church areas,Two-way (divided with broken lines road marking),Tangent road with flat terrain,Y Shape,Asphalt roads,Dry,Daylight,Normal,Vehicle with vehicle collision,3,1,Going straight,Driver or rider,Male,18-30,3,Unknown,Other,Not a Pedestrian,No priority to vehicle,Slight Injury
17:57:00,Tuesday,Unknown,Female,Junior high school,Employee,2-5yr,Other,Owner,Above 10yr,0,School areas,other,Tangent road with flat terrain,Y Shape,Asphalt roads,Wet or damp,Darkness - lights lit,Normal,Vehicle with vehicle collision,1,1,Turnover,Driver or rider,Male,18-30,3,Unknown,Other,Not a Pedestrian,Changing lane to the left,Slight Injury
18:50:00,Thursday,Unknown,Female,High school,Owner,5-10yr,Automobile,Owner,5-10yrs,0,School areas,other,Tangent road with flat terrain,Y Shape,Asphalt roads,Wet or damp,Darkness - lights lit,Normal,Vehicle with vehicle collision,4,3,Going straight,Pedestrian,Male,Under 18,3,Self-employed,Normal,Crossing from nearside - masked by parked or statioNot a Pedestrianry vehicle,Getting off the vehicle improperly,Slight Injury
07:40:00,Sunday,31-50,Male,Unknown,Employee,Below 1yr,Ridden horse,Owner,Unknown,0,Residential areas,Two-way (divided with broken lines road marking),Tangent road with flat terrain,Y Shape,Asphalt roads,Dry,Daylight,Normal,Vehicle with vehicle collision,2,1,Going straight,Pedestrian,Female,31-50,3,Self-employed,Normal,Unknown or other,No distancing,Slight Injury
16:10:00,Sunday,Over 51,Male,Elementary school,Employee,Below 1yr,Automobile,Owner,Unknown,0,Office areas,Two-way (divided with broken lines road marking),Tangent road with flat terrain,No junction,Asphalt roads,Dry,Daylight,Normal,Fall from vehicles,4,1,Getting off,Unknown,Unknown,Unknown,0,Driver,Normal,Not a Pedestrian,Overtaking,Slight Injury
19:15:00,Sunday,18-30,Male,Junior high school,Employee,Above 10yr,Automobile,Governmental,Below 1yr,0,Residential areas,Two-way (divided with broken lines road marking),Tangent road with flat terrain,No junction,Asphalt roads,Dry,Daylight,Normal,Vehicle with vehicle collision,1,1,Turnover,Pedestrian,Female,5,3,Driver,Normal,Not a Pedestrian,No priority to vehicle,Serious Injury
15:00:00,Saturday,31-50,Male,Junior high school,Employee,2-5yr,Lorry (41?100Q),Owner,Unknown,0,Office areas,Two-way (divided with broken lines road marking),Tangent road with flat terrain,Y Shape,Asphalt roads,Dry,Daylight,Normal,Vehicle with vehicle collision,1,1,Going straight,Driver or rider,Male,31-50,3,Driver,Normal,Not a Pedestrian,No distancing,Slight Injury
17:05:00,Monday,31-50,Male,Junior high school,Employee,1-2yr,Automobile,Owner,Unknown,0,Other,Two-way (divided with broken lines road marking),Tangent road with flat terrain,Y Shape,Asphalt roads,Dry,Daylight,Normal,Vehicle with vehicle collision,1,1,Turnover,Pedestrian,Female,18-30,2,Self-employed,Normal,Crossing from driver's nearside,No priority to pedestrian,Serious Injury
19:45:00,Friday,18-30,Male,Junior high school,Employee,Above 10yr,Automobile,Owner,Unknown,0,Office areas,Undivided Two way,Tangent road with flat terrain,Crossing,Gravel roads,Dry,Darkness - lights lit,Normal,Vehicle with vehicle collision,2,4,Going straight,Driver or rider,Female,18-30,3,Unknown,Other,Not a Pedestrian,Changing lane to the right,Slight Injury
18:32:00,Tuesday,18-30,Male,Junior high school,Employee,Above 10yr,Public (> 45 seats),Owner,5-10yrs,0, Church areas,Undivided Two way,Tangent road with flat terrain,O Shape,Asphalt roads,Dry,Daylight,Normal,Vehicle with vehicle collision,2,1,Going straight,Unknown,Unknown,Unknown,0,Driver,Normal,Not a Pedestrian,Driving carelessly,Slight Injury
10:40:00,Saturday,18-30,Male,Junior high school,Employee,2-5yr,Lorry (41?100Q),Owner,2-5yrs,0,School areas,Undivided Two way,Tangent road with mild grade and flat terrain,Y Shape,Asphalt roads,Dry,Daylight,Normal,Rollover,2,1,Going straight,Driver or rider,Male,18-30,3,Driver,Normal,Not a Pedestrian,No distancing,Slight Injury
13:00:00,Tuesday,Under 18,Male,Junior high school,Employee,1-2yr,Lorry (41?100Q),Owner,Unknown,0, Church areas,Double carriageway (median),Tangent road with flat terrain,Y Shape,Asphalt roads,Dry,Daylight,Normal,Vehicle with vehicle collision,2,1,Going straight,Passenger,Female,31-50,3,Driver,Normal,Not a Pedestrian,No priority to vehicle,Slight Injury
11:30:00,Wednesday,Over 51,Unknown,Junior high school,Employee,Below 1yr,Stationwagen,Owner,2-5yrs,0,Other,other,Tangent road with flat terrain,No junction,Asphalt roads,Dry,Daylight,Normal,Vehicle with vehicle collision,1,1,Going straight,Unknown,Unknown,Unknown,0,Other,Normal,Not a Pedestrian,No priority to vehicle,Slight Injury
19:08:00,Monday,18-30,Male,Elementary school,Owner,Above 10yr,Long lorry,Owner,Unknown,0,Residential areas,Undivided Two way,Tangent road with flat terrain,Crossing,Asphalt roads,Dry,Daylight,Normal,Collision with roadside objects,2,1,Reversing,Driver or rider,Female,31-50,3,Driver,Normal,Not a Pedestrian,Moving Backward,Slight Injury
21:39:00,Sunday,Under 18,Male,Junior high school,Employee,1-2yr,Public (12 seats),Owner,Below 1yr,0,Office areas,Two-way (divided with broken lines road marking),Tangent road with flat terrain,Crossing,Asphalt roads,Dry,Darkness - lights lit,Normal,Collision with roadside objects,2,2,Other,Driver or rider,Male,18-30,3,Driver,Normal,Not a Pedestrian,Changing lane to the right,Slight Injury
11:45:00,Sunday,31-50,Male,Above high school,Employee,5-10yr,Automobile,Owner,5-10yrs,0,Office areas,Undivided Two way,Tangent road with flat terrain,Y Shape,Other,Dry,Daylight,Normal,Collision with roadside objects,2,1,Other,Driver or rider,Female,Over 51,3,Unknown,Normal,Not a Pedestrian,Getting off the vehicle improperly,Slight Injury
08:44:00,Wednesday,31-50,Male,Junior high school,Employee,Above 10yr,Other,Owner,Unknown,0,Office areas,Two-way (divided with broken lines road marking),Tangent road with flat terrain,Y Shape,Asphalt roads,Dry,Daylight,Unknown,Vehicle with vehicle collision,2,3,Going straight,Driver or rider,Male,18-30,3,Driver,Normal,Not a Pedestrian,Other,Slight Injury
19:00:00,Wednesday,31-50,Male,Elementary school,Other,5-10yr,Other,Owner,Unknown,0,Office areas,Two-way (divided with solid lines road marking),Tangent road with flat terrain,No junction,Asphalt roads,Dry,Daylight,Normal,Vehicle with vehicle collision,3,3,Going straight,Driver or rider,Male,31-50,3,Driver,Normal,Not a Pedestrian,Getting off the vehicle improperly,Serious Injury
08:53:00,Monday,18-30,Male,Junior high school,Owner,Above 10yr,Other,Owner,Unknown,0, Industrial areas,other,Tangent road with flat terrain,Y Shape,Asphalt roads,Wet or damp,Daylight,Normal,Collision with pedestrians,2,1,Going straight,Driver or rider,Female,Over 51,3,Driver,Normal,Not a Pedestrian,No distancing,Slight Injury
14:35:00,Monday,Unknown,Female,Junior high school,Owner,Below 1yr,Automobile,Owner,Unknown,0,Other,Undivided Two way,Tangent road with flat terrain,No junction,Asphalt roads,Dry,Daylight,Normal,Vehicle with vehicle collision,2,1,Going straight,Driver or rider,Male,18-30,3,Driver,Normal,Not a Pedestrian,No distancing,Slight Injury
19:47:00,Saturday,31-50,Male,Elementary school,Owner,Above 10yr,Pick up upto 10Q,Governmental,Above 10yr,0,School areas,Two-way (divided with broken lines road marking),Tangent road with flat terrain,Y Shape,Asphalt roads,Dry,Daylight,Normal,Vehicle with vehicle collision,3,3,Going straight,Unknown,Unknown,Unknown,0,Driver,Normal,Not a Pedestrian,Changing lane to the right,Slight Injury
17:10:00,Wednesday,18-30,Male,Junior high school,Employee,Above 10yr,Pick up upto 10Q,Owner,Above 10yr,0,Other,other,Tangent road with flat terrain,No junction,Asphalt roads,Dry,Daylight,Normal,Vehicle with vehicle collision,2,1,Going straight,Pedestrian,Male,Over 51,2,Driver,Normal,Unknown or other,Changing lane to the right,Slight Injury
11:10:00,Sunday,Under 18,Male,Junior high school,Owner,Below 1yr,Long lorry,Owner,Unknown,0, Church areas,Two-way (divided with solid lines road marking),Tangent road with flat terrain,Y Shape,Asphalt roads,Dry,Daylight,Normal,Other,2,4,Going straight,Unknown,Unknown,Unknown,0,Other,Normal,Not a Pedestrian,No distancing,Slight Injury
07:30:00,Wednesday,31-50,Male,Junior high school,Employee,2-5yr,Lorry (41?100Q),Owner,5-10yrs,0, Church areas,Undivided Two way,Tangent road with flat terrain,Crossing,Asphalt roads,Wet or damp,Daylight,Raining,Vehicle with vehicle collision,2,1,Going straight,Unknown,Unknown,Unknown,0,Driver,Normal,Not a Pedestrian,Changing lane to the left,Slight Injury
09:45:00,Monday,Over 51,Male,Elementary school,Employee,2-5yr,Automobile,Owner,Unknown,0, Church areas,Two-way (divided with broken lines road marking),Tangent road with flat terrain,Unknown,Asphalt roads,Dry,Daylight,Normal,Vehicle with vehicle collision,2,2,Reversing,Unknown,Unknown,Unknown,0,Driver,Normal,Not a Pedestrian,No distancing,Slight Injury
07:55:00,Wednesday,31-50,Male,Junior high school,Employee,2-5yr,Public (13?45 seats),Owner,Unknown,0,Office areas,Two-way (divided with broken lines road marking),Tangent road with mountainous terrain and,Y Shape,Asphalt roads,Dry,Daylight,Normal,Vehicle with vehicle collision,2,2,Going straight,Pedestrian,Female,31-50,2,Driver,Normal,Not a Pedestrian,Unknown,Slight Injury
19:09:00,Friday,18-30,Male,Junior high school,Owner,2-5yr,Taxi,Owner,Unknown,0,Office areas,Undivided Two way,Tangent road with flat terrain,O Shape,Asphalt roads,Dry,Daylight,Normal,Vehicle with vehicle collision,2,1,Going straight,Passenger,Male,18-30,2,Unknown,Other,Not a Pedestrian,No priority to pedestrian,Slight Injury
07:20:00,Wednesday,18-30,Male,Junior high school,Owner,2-5yr,Other,Owner,2-5yrs,0,Other,Two-way (divided with broken lines road marking),Tangent road with mild grade and flat terrain,No junction,Asphalt roads,Dry,Daylight,Normal,Vehicle with vehicle collision,3,1,Moving Backward,Unknown,Unknown,Unknown,0,Unknown,Other,Not a Pedestrian,Driving carelessly,Slight Injury
18:00:00,Monday,18-30,Male,Junior high school,Employee,5-10yr,Automobile,Owner,1-2yr,0,Other,other,Tangent road with flat terrain,Y Shape,Asphalt roads,Wet or damp,Darkness - lights lit,Raining,Vehicle with vehicle collision,2,1,Going straight,Driver or rider,Female,18-30,3,Driver,Normal,Not a Pedestrian,Moving Backward,Slight Injury
02:30:00,Sunday,18-30,Male,Junior high school,Employee,1-2yr,Other,Owner,Above 10yr,0,Other,Undivided Two way,Tangent road with flat terrain,Y Shape,Asphalt roads,Dry,Darkness - lights lit,Normal,Vehicle with vehicle collision,1,2,Going straight,Driver or rider,Female,18-30,3,Driver,Normal,Not a Pedestrian,Changing lane to the left,Slight Injury
09:48:00,Friday,Under 18,Male,High school,Employee,2-5yr,Automobile,Owner,Unknown,0,Other,Double carriageway (median),Tangent road with flat terrain,Crossing,Asphalt roads,Dry,Daylight,Normal,Vehicle with vehicle collision,2,1,Unknown,Pedestrian,Male,31-50,3,Driver,Normal,Not a Pedestrian,No distancing,Slight Injury
07:30:00,Wednesday,Over 51,Male,Elementary school,Employee,5-10yr,Lorry (41?100Q),Owner,Unknown,0,Other,Undivided Two way,Tangent road with flat terrain,No junction,Asphalt roads,Dry,Darkness - no lighting,Cloudy,Vehicle with vehicle collision,2,1,Going straight,Driver or rider,Male,18-30,3,Unknown,Other,Not a Pedestrian,No priority to pedestrian,Slight Injury
18:36:00,Thursday,31-50,Male,Junior high school,Employee,1-2yr,Pick up upto 10Q,Owner,Below 1yr,0, Hospital areas,Undivided Two way,Tangent road with flat terrain,Other,Asphalt roads,Dry,Darkness - lights lit,Normal,Vehicle with vehicle collision,2,1,Going straight,Unknown,Unknown,Unknown,0,Self-employed,Normal,Not a Pedestrian,No distancing,Slight Injury
15:30:00,Friday,31-50,Male,High school,Employee,5-10yr,Stationwagen,Owner,Unknown,0,Office areas,Two-way (divided with broken lines road marking),Tangent road with flat terrain,Y Shape,Asphalt roads,Dry,Daylight,Normal,Vehicle with vehicle collision,1,1,Going straight,Passenger,Female,5,3,Employee,Normal,Not a Pedestrian,Driving carelessly,Serious Injury
22:06:00,Thursday,31-50,Male,Junior high school,Employee,5-10yr,Lorry (41?100Q),Owner,2-5yrs,0, Industrial areas,One way,Tangent road with flat terrain,Y Shape,Asphalt roads,Dry,Darkness - lights lit,Normal,Vehicle with vehicle collision,1,2,Going straight,Driver or rider,Male,18-30,3,Driver,Normal,Not a Pedestrian,Changing lane to the left,Slight Injury
15:36:00,Tuesday,Under 18,Male,Junior high school,Employee,5-10yr,Other,Owner,Above 10yr,0,Office areas,Two-way (divided with broken lines road marking),Sharp reverse curve,Crossing,Asphalt roads,Dry,Daylight,Normal,Collision with roadside objects,2,1,Other,Driver or rider,Female,18-30,3,Self-employed,Normal,Not a Pedestrian,Moving Backward,Serious Injury
16:49:00,Tuesday,31-50,Male,Unknown,Owner,Above 10yr,Automobile,Governmental,Unknown,0,School areas,Double carriageway (median),Tangent road with flat terrain,No junction,Asphalt roads,Dry,Daylight,Normal,Collision with roadside objects,1,2,Going straight,Unknown,Unknown,Unknown,0,Driver,Normal,Not a Pedestrian,No priority to vehicle,Serious Injury
17:36:00,Friday,31-50,Male,Junior high school,Employee,5-10yr,Automobile,Owner,Below 1yr,0,Other,Two-way (divided with broken lines road marking),Tangent road with flat terrain,No junction,Asphalt roads,Dry,Darkness - lights lit,Normal,Collision with roadside objects,2,3,Going straight,Unknown,Unknown,Unknown,0,Unknown,Other,Not a Pedestrian,Changing lane to the left,Slight Injury
15:31:00,Monday,31-50,Male,High school,Employee,5-10yr,Lorry (41?100Q),Owner,1-2yr,0,Office areas,Two-way (divided with broken lines road marking),Tangent road with flat terrain,Y Shape,Asphalt roads,Dry,Daylight,Cloudy,Vehicle with vehicle collision,2,1,Going straight,Driver or rider,Male,18-30,3,Unknown,Other,Not a Pedestrian,Moving Backward,Slight Injury
17:00:00,Tuesday,18-30,Male,Junior high school,Employee,2-5yr,Automobile,Owner,Unknown,0,Other,Undivided Two way,Tangent road with flat terrain,No junction,Asphalt roads,Wet or damp,Darkness - lights lit,Normal,Collision with roadside objects,1,1,Going straight,Driver or rider,Female,18-30,3,Self-employed,Normal,Not a Pedestrian,Driving carelessly,Serious Injury
16:45:00,Wednesday,Unknown,Female,Junior high school,Employee,2-5yr,Automobile,Owner,Above 10yr,0,Other,Undivided Two way,Tangent road with flat terrain,Y Shape,Asphalt roads,Dry,Daylight,Normal,Vehicle with vehicle collision,2,1,Going straight,Passenger,Female,Under 18,3,Employee,Normal,Not a Pedestrian,No priority to vehicle,Slight Injury
12:29:00,Tuesday,31-50,Male,Junior high school,Employee,5-10yr,Pick up upto 10Q,Owner,Unknown,0,  Market areas,Undivided Two way,Tangent road with flat terrain,Crossing,Asphalt roads,Dry,Daylight,Normal,Vehicle with vehicle collision,3,3,Going straight,Driver or rider,Female,31-50,3,Driver,Normal,Not a Pedestrian,Overtaking,Slight Injury
18:40:00,Thursday,18-30,Male,Junior high school,Employee,2-5yr,Lorry (11?40Q),Owner,5-10yrs,0,Other,Undivided Two way,Tangent road with flat terrain,Crossing,Asphalt roads,Dry,Daylight,Cloudy,Vehicle with vehicle collision,2,1,Going straight,Driver or rider,Male,31-50,2,Driver,Normal,Not a Pedestrian,Driving carelessly,Slight Injury
07:00:00,Thursday,18-30,Male,Above high school,Employee,1-2yr,Automobile,Owner,2-5yrs,0,Other,Undivided Two way,Tangent road with flat terrain,Y Shape,Earth roads,Wet or damp,Darkness - lights lit,Windy,Collision with pedestrians,2,1,Unknown,Driver or rider,Male,18-30,3,Employee,Normal,Not a Pedestrian,Other,Slight Injury
23:35:00,Wednesday,31-50,Male,Junior high school,Employee,Above 10yr,Motorcycle,Owner,Above 10yr,0,Residential areas,Undivided Two way,Tangent road with flat terrain,Crossing,Asphalt roads,Dry,Darkness - lights lit,Normal,Collision with pedestrians,2,1,Going straight,Unknown,Unknown,Unknown,0,Self-employed,Normal,Not a Pedestrian,No distancing,Serious Injury
14:13:00,Tuesday,31-50,Male,Unknown,Employee,5-10yr,Automobile,Owner,Unknown,0, Industrial areas,Undivided Two way,Tangent road with flat terrain,Y Shape,Asphalt roads,Dry,Daylight,Normal,Vehicle with vehicle collision,2,3,Turnover,Driver or rider,Female,18-30,3,Driver,Other,Not a Pedestrian,Getting off the vehicle improperly,Slight Injury
10:54:00,Friday,31-50,Male,Junior high school,Employee,5-10yr,Stationwagen,Owner,Unknown,0,Unknown,other,Tangent road with flat terrain,Y Shape,Asphalt roads,Dry,Daylight,Normal,Vehicle with vehicle collision,1,1,Other,Driver or rider,Male,18-30,3,Driver,Normal,Not a Pedestrian,Other,Slight Injury
12:51:00,Wednesday,31-50,Male,High school,Owner,2-5yr,Automobile,Owner,2-5yrs,0,Residential areas,Undivided Two way,Tangent road with flat terrain,Crossing,Asphalt roads,Dry,Daylight,Normal,Vehicle with vehicle collision,3,2,Going straight,Driver or rider,Male,18-30,3,Unknown,Normal,Not a Pedestrian,Changing lane to the right,Slight Injury
12:19:00,Monday,Over 51,Male,Junior high school,Employee,5-10yr,Pick up upto 10Q,Owner,5-10yrs,0,Office areas,Two-way (divided with broken lines road marking),Tangent road with mild grade and flat terrain,Y Shape,Asphalt roads,Dry,Daylight,Normal,Vehicle with vehicle collision,2,1,Going straight,Pedestrian,Male,18-30,3,Driver,Normal,Not a Pedestrian,No distancing,Slight Injury
08:05:00,Friday,31-50,Male,Junior high school,Employee,2-5yr,Other,Owner,Unknown,0, Industrial areas,Undivided Two way,Tangent road with flat terrain,Y Shape,Asphalt roads,Dry,Daylight,Normal,Vehicle with vehicle collision,1,1,Going straight,Unknown,Unknown,Unknown,0,Driver,Normal,Not a Pedestrian,No priority to vehicle,Slight Injury
10:01:00,Friday,18-30,Male,Junior high school,Employee,Above 10yr,Other,Owner,Below 1yr,0, Church areas,Undivided Two way,Tangent road with flat terrain,Y Shape,Asphalt roads,Dry,Daylight,Normal,Vehicle with vehicle collision,2,2,Going straight,Driver or rider,Male,31-50,3,Employee,Normal,Not a Pedestrian,Driving carelessly,Serious Injury
17:43:00,Friday,18-30,Male,Junior high school,Employee,5-10yr,Automobile,Owner,Unknown,0,Unknown,other,Tangent road with flat terrain,Crossing,Asphalt roads,Dry,Daylight,Normal,Collision with roadside objects,2,2,Going straight,Unknown,Unknown,Unknown,0,Unknown,Other,Not a Pedestrian,Driving carelessly,Slight Injury
10:00:00,Sunday,18-30,Male,Junior high school,Employee,5-10yr,Lorry (41?100Q),Owner,1-2yr,0,Office areas,Undivided Two way,Tangent road with flat terrain,No junction,Asphalt roads,Dry,Daylight,Normal,Collision with pedestrians,3,1,Getting off,Passenger,Female,Under 18,3,Driver,Normal,Not a Pedestrian,Driving carelessly,Slight Injury
17:30:00,Tuesday,18-30,Male,High school,Owner,2-5yr,Automobile,Owner,Below 1yr,0,Office areas,Two-way (divided with broken lines road marking),Tangent road with flat terrain,Y Shape,Asphalt roads,Dry,Daylight,Normal,Vehicle with vehicle collision,1,1,Going straight,Driver or rider,Male,31-50,3,Unknown,Other,Not a Pedestrian,Getting off the vehicle improperly,Slight Injury
14:36:00,Thursday,Over 51,Male,Junior high school,Employee,5-10yr,Public (12 seats),Owner,1-2yr,0,Residential areas,Two-way (divided with broken lines road marking),Tangent road with flat terrain,Crossing,Gravel roads,Dry,Daylight,Normal,Vehicle with vehicle collision,2,1,Entering a junction,Unknown,Unknown,Unknown,0,Driver,Normal,Not a Pedestrian,Changing lane to the right,Slight Injury
18:46:00,Wednesday,18-30,Male,Writing & reading,Employee,5-10yr,Automobile,Owner,Unknown,0, Industrial areas,Undivided Two way,Tangent road with flat terrain,No junction,Asphalt roads,Dry,Daylight,Normal,Rollover,2,4,Moving Backward,Driver or rider,Female,Under 18,3,Self-employed,Normal,Not a Pedestrian,No distancing,Slight Injury
16:25:00,Tuesday,31-50,Male,Junior high school,Employee,Above 10yr,Automobile,Owner,Unknown,0, Church areas,One way,Tangent road with flat terrain,Y Shape,Asphalt roads,Dry,Daylight,Unknown,Vehicle with vehicle collision,2,3,Going straight,Pedestrian,Female,18-30,3,Driver,Normal,Crossing from nearside - masked by parked or statioNot a Pedestrianry vehicle,No priority to pedestrian,Slight Injury
10:00:00,Tuesday,18-30,Male,Junior high school,Owner,Below 1yr,Lorry (41?100Q),Owner,2-5yrs,0, Church areas,One way,Tangent road with flat terrain,Y Shape,Asphalt roads,Wet or damp,Daylight,Normal,Vehicle with vehicle collision,2,1,Getting off,Unknown,Unknown,Unknown,0,Other,Normal,Not a Pedestrian,No priority to vehicle,Slight Injury
18:30:00,Thursday,18-30,Male,Junior high school,Employee,Below 1yr,Other,Owner,Unknown,0,Other,Two-way (divided with broken lines road marking),Tangent road with flat terrain,No junction,Asphalt roads,Dry,Daylight,Normal,Collision with pedestrians,1,1,Getting off,Pedestrian,Male,Over 51,3,Self-employed,Normal,Crossing from nearside - masked by parked or statioNot a Pedestrianry vehicle,Moving Backward,Serious Injury
13:15:00,Wednesday,18-30,Male,Elementary school,Employee,5-10yr,Automobile,Owner,5-10yrs,0,Other,Two-way (divided with broken lines road marking),Tangent road with flat terrain,Y Shape,Asphalt roads,Wet or damp,Daylight,Normal,Vehicle with vehicle collision,2,1,Going straight,Unknown,Unknown,Unknown,0,Driver,Normal,Not a Pedestrian,Driving carelessly,Slight Injury
22:49:00,Wednesday,Unknown,Male,Elementary school,Employee,5-10yr,Automobile,Owner,Unknown,0,Residential areas,Double carriageway (median),Tangent road with flat terrain,Y Shape,Asphalt roads,Wet or damp,Darkness - lights lit,Normal,Vehicle with vehicle collision,2,1,Going straight,Driver or rider,Male,31-50,3,Unknown,Other,Not a Pedestrian,Driving carelessly,Slight Injury
17:22:00,Sunday,Over 51,Male,Elementary school,Employee,2-5yr,Automobile,Owner,Unknown,0, Church areas,Double carriageway (median),Tangent road with flat terrain,Crossing,Asphalt roads,Wet or damp,Darkness - lights lit,Normal,Vehicle with vehicle collision,2,2,Going straight,Driver or rider,Male,31-50,3,Driver,Normal,Not a Pedestrian,Changing lane to the right,Serious Injury
17:35:00,Thursday,18-30,Male,Junior high school,Employee,2-5yr,Lorry (41?100Q),Owner,2-5yrs,0,Residential areas,Double carriageway (median),Tangent road with flat terrain,Y Shape,Other,Dry,Daylight,Normal,Vehicle with vehicle collision,3,1,Going straight,Unknown,Unknown,Unknown,0,Driver,Normal,Not a Pedestrian,Driving carelessly,Slight Injury
18:33:00,Monday,31-50,Male,Junior high school,Employee,5-10yr,Other,Owner,Unknown,0, Church areas,One way,Tangent road with flat terrain,Crossing,Asphalt roads,Dry,Daylight,Normal,Vehicle with vehicle collision,2,1,Going straight,Unknown,Unknown,Unknown,0,Driver,Normal,Not a Pedestrian,Moving Backward,Slight Injury
12:30:00,Sunday,18-30,Male,Junior high school,Employee,1-2yr,Other,Owner,Above 10yr,0,Residential areas,Undivided Two way,Tangent road with flat terrain,Y Shape,Asphalt roads,Dry,Darkness - lights lit,Normal,Vehicle with vehicle collision,2,1,Going straight,Unknown,Unknown,Unknown,0,Driver,Normal,Not a Pedestrian,Driving to the left,Serious Injury
09:25:00,Tuesday,Over 51,Male,Junior high school,Employee,Above 10yr,Pick up upto 10Q,Owner,Unknown,0,Office areas,Two-way (divided with broken lines road marking),Tangent road with mountainous terrain and,Y Shape,Asphalt roads,Wet or damp,Darkness - lights lit,Raining,Vehicle with vehicle collision,1,4,Overtaking,Unknown,Unknown,Unknown,0,Unknown,Other,Not a Pedestrian,No distancing,Slight Injury
19:13:00,Tuesday,18-30,Male,Junior high school,Employee,5-10yr,Lorry (11?40Q),Owner,Unknown,0, Church areas,Two-way (divided with broken lines road marking),Tangent road with flat terrain,Y Shape,Asphalt roads,Wet or damp,Darkness - lights lit,Raining,Vehicle with vehicle collision,2,1,Going straight,Unknown,Unknown,Unknown,0,Driver,Normal,Not a Pedestrian,Changing lane to the right,Slight Injury
15:20:00,Sunday,Over 51,Male,Elementary school,Employee,1-2yr,Automobile,Owner,Above 10yr,0,Residential areas,Two-way (divided with broken lines road marking),Tangent road with flat terrain,Y Shape,Asphalt roads,Dry,Darkness - lights lit,Normal,Vehicle with vehicle collision,3,1,Other,Driver or rider,Male,Under 18,3,Unknown,Other,Not a Pedestrian,Overturning,Slight Injury
01:44:00,Saturday,Under 18,Male,Junior high school,Employee,2-5yr,Lorry (41?100Q),Owner,Unknown,0,Other,Two-way (divided with broken lines road marking),Tangent road with flat terrain,No junction,Gravel roads,Wet or damp,Darkness - lights lit,Raining,Vehicle with vehicle collision,1,1,Moving Backward,Unknown,Unknown,Unknown,0,Driver,Normal,Not a Pedestrian,No distancing,Slight Injury
12:37:00,Tuesday,Over 51,Male,Junior high school,Employee,Above 10yr,Other,Governmental,Unknown,0,Residential areas,other,Tangent road with flat terrain,No junction,Asphalt roads,Dry,Daylight,Normal,Collision with roadside objects,2,2,Going straight,Driver or rider,Male,Over 51,3,Unknown,Other,Not a Pedestrian,Changing lane to the right,Slight Injury
09:09:00,Wednesday,31-50,Male,Elementary school,Employee,5-10yr,Automobile,Owner,Unknown,0,Office areas,Undivided Two way,Tangent road with flat terrain,No junction,Asphalt roads,Dry,Daylight,Normal,Rollover,4,2,Moving Backward,Passenger,Female,31-50,3,Other,Normal,Not a Pedestrian,Overturning,Slight Injury
15:30:00,Thursday,18-30,Male,Junior high school,Employee,5-10yr,Automobile,Owner,Unknown,0,Other,Two-way (divided with broken lines road marking),Tangent road with flat terrain,Crossing,Asphalt roads,Dry,Daylight,Normal,Vehicle with vehicle collision,2,1,Getting off,Driver or rider,Male,18-30,2,Driver,Normal,Not a Pedestrian,Changing lane to the right,Slight Injury
14:33:00,Sunday,Unknown,Male,Elementary school,Owner,2-5yr,Public (12 seats),Owner,Unknown,0,School areas,Double carriageway (median),Tangent road with flat terrain,Y Shape,Asphalt roads,Dry,Daylight,Normal,Collision with animals,3,2,Going straight,Unknown,Unknown,Unknown,0,Unknown,Other,Not a Pedestrian,Overtaking,Slight Injury
20:50:00,Sunday,Under 18,Male,Elementary school,Employee,2-5yr,Other,Owner,2-5yrs,0,Other,Undivided Two way,Tangent road with flat terrain,Y Shape,Asphalt roads,Dry,Darkness - lights lit,Normal,Vehicle with vehicle collision,2,1,Going straight,Driver or rider,Female,31-50,3,Self-employed,Normal,Not a Pedestrian,Changing lane to the left,Slight Injury