time,day_of_week,age_band_of_driver,sex_of_driver,educational_level,vehicle_driver_relation,driving_experience,type_of_vehicle,owner_of_vehicle,service_year_of_vehicle,defect_of_vehicle,area_accident_occured,lanes_or_medians,road_allignment,types_of_junction,road_surface_type,road_surface_conditions,light_conditions,weather_conditions,type_of_collision,number_of_vehicles_involved,number_of_casualties,vehicle_movement,casualty_class,sex_of_casualty,age_band_of_casualty,casualty_severity,work_of_casualty,fitness_of_casualty,pedestrian_movement,cause_of_accident,accident_severity
10:04:00,Wednesday,31-50,Male,Elementary school,Employee,5-10yr,Pick up upto 10Q,Owner,Above 10yr,0,Other,Undivided Two way,Tangent road with flat terrain,Y Shape,Earth roads,Dry,Daylight,Normal,Rollover,2,2,Going straight,Unknown,Unknown,Unknown,0,Self-employed,Normal,Not a Pedestrian,No distancing,Slight Injury
14:50:00,Thursday,31-50,Male,Junior high school,Employee,5-10yr,Public (> 45 seats),Governmental,Unknown,0,Office areas,other,Tangent road with mild grade and flat terrain,Crossing,Earth roads,Dry,Daylight,Normal,Vehicle with vehicle collision,2,1,Moving Backward,Driver or rider,Female,Over 51,2,Unknown,Normal,Not a Pedestrian,Changing lane to the left,Slight Injury
13:31:00,Sunday,31-50,Male,Junior high school,Employee,Above 10yr,Other,Owner,Unknown,0,Office areas,Undivided Two way,Tangent road with flat terrain,No junction,Asphalt roads,Dry,Daylight,Normal,Collision with pedestrians,2,2,Going straight,Driver or rider,Male,31-50,3,Driver,Normal,Not a Pedestrian,No priority to vehicle,Slight Injury
17:23:00,Thursday,Unknown,Female,Writing & reading,Owner,5-10yr,Lorry (41?100Q),Owner,5-10yrs,0,Office areas,Two-way (divided with broken lines road marking),Tangent road with flat terrain,Y Shape,Earth roads,Dry,Daylight,Normal,Vehicle with vehicle collision,2,1,Going straight,Unknown,Unknown,Unknown,0,Driver,Normal,Not a Pedestrian,No priority to vehicle,Slight Injury
18:48:00,Monday,18-30,Male,Junior high school,Employee,Below 1yr,Automobile,Owner,Unknown,0,Other,Two-way (divided with broken lines road marking),Tangent road with flat terrain,Crossing,Asphalt roads,Dry,Daylight,Normal,Vehicle with vehicle collision,4,5,Moving Backward,Unknown,Unknown,Unknown,0,Unknown,Other,Not a Pedestrian,Changing lane to the left,Slight Injury
09:20:00,Friday,31-50,Male,Junior high school,Employee,Above 10yr,Lorry (11?40Q),Owner,Unknown,0,Residential areas,other,Tangent road with flat terrain,Y Shape,Asphalt roads,Dry,Daylight,Normal,Collision with roadside objects,2,1,Other,Passenger,Female,18-30,3,Unknown,Normal,Not a Pedestrian,Overloading,Slight Injury
13:57:00,Tuesday,Unknown,Male,Junior high school,Employee,5-10yr,Taxi,Owner,Unknown,0,Other,Undivided Two way,Tangent road with flat terrain,Y Shape,Asphalt roads,Dry,Daylight,Normal,Vehicle with vehicle collision,3,1,Entering a junction,Unknown,Unknown,Unknown,0,Driver,Normal,Not a Pedestrian,No priority to vehicle,Slight Injury
08:20:00,Tuesday,Under 18,Male,Junior high school,Employee,2-5yr,Lorry (41?100Q),Owner,Unknown,0,Other,One way,Tangent road with flat terrain,Y Shape,Asphalt roads,Dry,Daylight,Normal,Collision with animals,2,1,Going straight,Unknown,Unknown,Unknown,0,Driver,Normal,Not a Pedestrian,Getting off the vehicle improperly,Slight Injury
12:05:00,Friday,31-50,Male,Junior high school,Employee,5-10yr,Lorry (41?100Q),Owner,Unknown,0,Other,other,Tangent road with flat terrain,Y Shape,Asphalt roads,Wet or damp,Daylight,Windy,Vehicle with vehicle collision,3,1,Going straight,Unknown,Unknown,Unknown,0,Employee,Normal,Not a Pedestrian,Other,Slight Injury
16:50:00,Tuesday,18-30,Male,Junior high school,Employee,Above 10yr,Automobile,Owner,2-5yrs,0,Other,Undivided Two way,Tangent road with flat terrain,Y Shape,Asphalt roads,Dry,Daylight,Normal,Vehicle with vehicle collision,2,1,Going straight,Unknown,Unknown,Unknown,0,Self-employed,Normal,Not a Pedestrian,Moving Backward,Slight Injury
11:10:00,Sunday,31-50,Male,Junior high school,Employee,1-2yr,Automobile,Owner,Above 10yr,0,Other,other,Tangent road with flat terrain,Crossing,Asphalt roads,Wet or damp,Daylight,Normal,Vehicle with vehicle collision,3,4,Going straight,Unknown,Unknown,Unknown,0,Unknown,Normal,Not a Pedestrian,Driving to the left,Slight Injury
12:15:00,Monday,31-50,Male,Junior high school,Owner,5-10yr,Lorry (41?100Q),Owner,Unknown,0,Office areas,Undivided Two way,Tangent road with flat terrain,Y Shape,Asphalt roads,Wet or damp,Daylight,Normal,Vehicle with vehicle collision,2,3,Moving Backward,Unknown,Unknown,Unknown,0,Driver,Normal,Not a Pedestrian,No priority to vehicle,Slight Injury
11:20:00,Wednesday,31-50,Male,Junior high school,Employee,5-10yr,Public (13?45 seats),Owner,Unknown,0,Office areas,other,Tangent road with flat terrain,Crossing,Asphalt roads,Dry,Daylight,Normal,Vehicle with vehicle collision,2,1,Going straight,Unknown,Unknown,Unknown,0,Other,Normal,Not a Pedestrian,Other,Slight Injury
01:02:00,Friday,Unknown,Male,Junior high school,Employee,5-10yr,Automobile,Owner,Unknown,0,Office areas,Two-way (divided with broken lines road marking),Tangent road with mountainous terrain and,Crossing,Asphalt roads,Dry,Darkness - lights lit,Normal,Vehicle with vehicle collision,2,1,Going straight,Passenger,Female,18-30,3,Unknown,Other,Not a Pedestrian,Changing lane to the left,Slight Injury
16:35:00,Saturday,18-30,Male,Elementary school,Employee,1-2yr,Automobile,Owner,Unknown,0,Office areas,Undivided Two way,Tangent road with flat terrain,No junction,Asphalt roads,Dry,Daylight,Normal,Collision with pedestrians,2,1,Going straight,Pedestrian,Male,5,2,Self-employed,Normal,Not a Pedestrian,No priority to pedestrian,Slight Injury
17:18:00,Wednesday,31-50,Male,High school,Employee,Above 10yr,Special vehicle,Owner,Unknown,0, Industrial areas,Two-way (divided with broken lines road marking),Tangent road with flat terrain,Other,Asphalt roads,Dry,Darkness - lights lit,Normal,Vehicle with vehicle collision,2,1,Going straight,Pedestrian,Male,18-30,3,Unknown,Other,Unknown or other,No distancing,Slight Injury
08:24:00,Wednesday,31-50,Male,Junior high school,Owner,2-5yr,Automobile,Owner,2-5yrs,0,Other,Undivided Two way,Tangent road with mountainous terrain and,No junction,Asphalt roads,Wet or damp,Daylight,Other,Vehicle with vehicle collision,2,2,Other,Pedestrian,Male,Under 18,2,Driver,Normal,Not a Pedestrian,No distancing,Slight Injury
16:55:00,Friday,Unknown,Female,Junior high school,Employee,Above 10yr,Automobile,Owner,Unknown,0,Other,Two-way (divided with broken lines road marking),Tangent road with flat terrain,No junction,Asphalt roads,Dry,Daylight,Normal,Rollover,3,3,Going straight,Pedestrian,Male,Over 51,2,Driver,Normal,Unknown or other,No priority to vehicle,Slight Injury
09:57:00,Wednesday,18-30,Male,Junior high school,Employee,5-10yr,Lorry (41?100Q),Owner,2-5yrs,0,Other,Undivided Two way,Tangent road with mountainous terrain and,No junction,Asphalt roads,Dry,Daylight,Normal,Vehicle with vehicle collision,2,1,Other,Unknown,Unknown,Unknown,0,Driver,Other,Not a Pedestrian,No priority to pedestrian,Slight Injury
22:15:00,Monday,18-30,Male,Junior high school,Employee,5-10yr,Automobile,Owner,Above 10yr,0, Church areas,Two-way (divided with broken lines road marking),Steep grade downward with mountainous terrain,No junction,Asphalt roads,Dry,Darkness - lights lit,Normal,Vehicle with vehicle collision,1,2,Going straight,Driver or rider,Male,18-30,3,Driver,Normal,Not a Pedestrian,No priority to pedestrian,Slight Injury
01:12:00,Sunday,Unknown,Male,Junior high school,Employee,Above 10yr,Automobile,Owner,Above 10yr,0,Residential areas,Undivided Two way,Tangent road with flat terrain,No junction,Asphalt roads,Dry,Darkness - lights lit,Normal,Vehicle with vehicle collision,1,3,Going straight,Passenger,Male,Over 51,3,Driver,Normal,Not a Pedestrian,Changing lane to the left,Serious Injury
16:46:00,Thursday,31-50,Female,Elementary school,Employee,5-10yr,Pick up upto 10Q,Governmental,2-5yrs,0,Residential areas,Two-way (divided with broken lines road marking),Tangent road with flat terrain,Y Shape,Asphalt roads,Wet or damp,Daylight,Normal,Vehicle with vehicle collision,2,1,Going straight,Driver or rider,Male,31-50,3,Driver,Normal,Not a Pedestrian,No distancing,Slight Injury
15:20:00,Sunday,Over 51,Male,Elementary school,Employee,2-5yr,Lorry (41?100Q),Owner,2-5yrs,0,Residential areas,One way,Tangent road with flat terrain,No junction,Asphalt roads,Dry,Daylight,Normal,Collision with pedestrians,2,3,Going straight,Driver or rider,Male,18-30,3,Driver,Normal,Not a Pedestrian,Driving to the left,Slight Injury
15:20:00,Thursday,Under 18,Male,Elementary school,Employee,Above 10yr,Automobile,Owner,Unknown,0,Other,Undivided Two way,Tangent road with flat terrain,Other,Asphalt roads,Dry,Daylight,Normal,Vehicle with vehicle collision,2,1,Going straight,Unknown,Unknown,Unknown,0,Driver,Normal,Not a Pedestrian,No distancing,Slight Injury
13:40:00,Thursday,Under 18,Male,Elementary school,Employee,Above 10yr,Lorry (41?100Q),Owner,Unknown,0,Office areas,Undivided Two way,Tangent road with flat terrain,Y Shape,Asphalt roads,Wet or damp,Daylight,Cloudy,Vehicle with vehicle collision,2,1,Going straight,Passenger,Female,18-30,3,Driver,Normal,Not a Pedestrian,No priority to vehicle,Serious Injury
17:30:00,Friday,Unknown,Male,Junior high school,Employee,2-5yr,Long lorry,Owner,Unknown,0,Other,Undivided Two way,Tangent road with flat terrain,Crossing,Asphalt roads,Dry,Darkness - lights lit,Normal,Vehicle with vehicle collision,2,1,Going straight,Driver or rider,Female,Over 51,3,Driver,Normal,Not a Pedestrian,Overtaking,Slight Injury
16:46:00,Thursday,31-50,Male,Elementary school,Employee,5-10yr,Other,Governmental,Unknown,0, Industrial areas,Undivided Two way,Tangent road with flat terrain,Y Shape,Earth roads,Dry,Darkness - lights lit,Normal,Vehicle with vehicle collision,2,2,Going straight,Driver or rider,Male,18-30,3,Driver,Normal,Not a Pedestrian,Changing lane to the right,Slight Injury
08:35:00,Wednesday,31-50,Male,High school,Employee,2-5yr,Automobile,Owner,1-2yr,0,Other,Undivided Two way,Tangent road with flat terrain,Y Shape,Asphalt roads,Wet or damp,Daylight,Windy,Collision with roadside objects,2,1,Going straight,Passenger,Female,31-50,3,Self-employed,Normal,Not a Pedestrian,Moving Backward,Slight Injury
00:25:00,Sunday,31-50,Male,Junior high school,Employee,Below 1yr,Bajaj,Owner,Unknown,7,Other,other,Tangent road with flat terrain,Y Shape,Asphalt roads,Dry,Darkness - lights lit,Normal,Collision with pedestrians,2,2,Going straight,Driver or rider,Male,Over 51,3,Other,Normal,Not a Pedestrian,Overtaking,Slight Injury
10:35:00,Wednesday,Under 18,Male,Junior high school,Employee,5-10yr,Long lorry,Owner,5-10yrs,0, Church areas,Undivided Two way,Steep grade downward with mountainous terrain,No junction,Asphalt roads,Wet or damp,Daylight,Normal,Collision with pedestrians,2,2,Going straight,Unknown,Unknown,Unknown,0,Unknown,Normal,Not a Pedestrian,Changing lane to the left,Serious Injury
16:55:00,Friday,Unknown,Male,Junior high school,Employee,Above 10yr,Automobile,Owner,Unknown,0,Office areas,Two-way (divided with broken lines road marking),Tangent road with flat terrain,Unknown,Asphalt roads,Dry,Darkness - lights lit,Normal,Collision with roadside objects,1,2,Going straight,Pedestrian,Female,18-30,3,Driver,Other,Crossing from nearside - masked by parked or statioNot a Pedestrianry vehicle,Moving Backward,Serious Injury
18:48:00,Monday,Unknown,Male,Elementary school,Employee,5-10yr,Automobile,Owner,Unknown,0,  Recreational areas,Two-way (divided with broken lines road marking),Tangent road with flat terrain,Crossing,Asphalt roads,Dry,Daylight,Normal,Vehicle with vehicle collision,4,5,Other,Passenger,Female,Over 51,3,Driver,Normal,Not a Pedestrian,No priority to vehicle,Slight Injury
15:30:00,Friday,Over 51,Male,Above high school,Employee,Below 1yr,Other,Owner,Above 10yr,0,Office areas,Two-way (divided with broken lines road marking),Sharp reverse curve,Y Shape,Asphalt roads,Dry,Daylight,Normal,Vehicle with vehicle collision,1,4,Other,Driver or rider,Male,18-30,3,Driver,Normal,Not a Pedestrian,Overtaking,Slight Injury
19:40:00,Thursday,18-30,Male,Elementary school,Employee,5-10yr,Lorry (41?100Q),Owner,Unknown,0,Office areas,Two-way (divided with broken lines road marking),Tangent road with flat terrain,Y Shape,Asphalt roads,Dry,Darkness - lights lit,Normal,Vehicle with vehicle collision,1,1,Going straight,Driver or rider,Male,Under 18,3,Driver,Normal,Not a Pedestrian,No distancing,Slight Injury
17:35:00,Thursday,18-30,Male,Junior high school,Employee,2-5yr,Public (13?45 seats),Owner,Unknown,0,Office areas,Two-way (divided with broken lines road marking),Tangent road with mild grade and flat terrain,Y Shape,Gravel roads,Dry,Daylight,Normal,Vehicle with vehicle collision,3,1,Going straight,Unknown,Unknown,Unknown,0,Driver,Normal,Not a Pedestrian,Changing lane to the right,Slight Injury
01:35:00,Sunday,18-30,Male,Junior high school,Employee,5-10yr,Lorry (11?40Q),Owner,2-5yrs,0, Church areas,Undivided Two way,Tangent road with flat terrain,No junction,Asphalt roads,Dry,Darkness - lights lit,Normal,Vehicle with vehicle collision,2,1,Stopping,Driver or rider,Male,18-30,3,Driver,Normal,Not a Pedestrian,Changing lane to the left,Slight Injury
11:55:00,Friday,31-50,Male,Junior high school,Employee,1-2yr,Public (13?45 seats),Owner,Unknown,0,Other,other,Tangent road with flat terrain,No junction,Asphalt roads,Wet or damp,Daylight,Normal,Vehicle with vehicle collision,3,4,Going straight,Unknown,Unknown,Unknown,0,Driver,Normal,Not a Pedestrian,Other,Slight Injury
22:45:00,Saturday,18-30,Male,Elementary school,Employee,5-10yr,Automobile,Owner,Unknown,0,Other,Undivided Two way,Tangent road with flat terrain,No junction,Other,Dry,Darkness - lights lit,Normal,Vehicle with vehicle collision,2,4,Moving Backward,Pedestrian,Female,18-30,3,Driver,Normal,Not a Pedestrian,Overtaking,Slight Injury
06:45:00,Monday,18-30,Male,Junior high school,Owner,Below 1yr,Stationwagen,Governmental,Unknown,0,Office areas,Two-way (divided with broken lines road marking),Escarpments,No junction,Asphalt roads,Dry,Daylight,Other,Vehicle with vehicle collision,2,1,Turnover,Driver or rider,Male,18-30,3,Unknown,Other,Not a Pedestrian,Changing lane to the right,Serious Injury
13:54:00,Saturday,18-30,Male,Junior high school,Employee,Below 1yr,Other,Owner,Unknown,0,Other,Undivided Two way,Tangent road with flat terrain,Y Shape,Asphalt roads,Dry,Daylight,Normal,Vehicle with vehicle collision,2,2,Getting off,Driver or rider,Male,Under 18,3,Driver,Normal,Not a Pedestrian,No distancing,Slight Injury
19:40:00,Monday,Over 51,Male,Junior high school,Employee,2-5yr,Automobile,Governmental,2-5yrs,0,Other,Two-way (divided with broken lines road marking),Tangent road with flat terrain,Crossing,Asphalt roads,Wet or damp,Darkness - no lighting,Normal,Vehicle with vehicle collision,2,3,Going straight,Passenger,Female,18-30,3,Other,Normal,Not a Pedestrian,Changing lane to the left,Slight Injury
18:59:00,Monday,18-30,Male,Junior high school,Employee,5-10yr,Motorcycle,Owner,1-2yr,0,Office areas,Two-way (divided with broken lines road marking),Tangent road with mild grade and flat terrain,No junction,Asphalt roads,Wet or damp,Daylight,Raining,Vehicle with vehicle collision,2,1,Entering a junction,Driver or rider,Male,18-30,3,Employee,Normal,Not a Pedestrian,No distancing,Slight Injury
08:20:00,Friday,31-50,Male,Junior high school,Owner,1-2yr,Automobile,Owner,5-10yrs,0,Other,Two-way (divided with broken lines road marking),Tangent road with flat terrain,Other,Asphalt roads,Dry,Daylight,Normal,Vehicle with vehicle collision,2,1,Reversing,Unknown,Unknown,Unknown,0,Self-employed,Normal,Not a Pedestrian,Overspeed,Slight Injury
08:45:00,Wednesday,Unknown,Male,Junior high school,Employee,5-10yr,Lorry (41?100Q),Organization,Above 10yr,0, Hospital areas,Two-way (divided with broken lines road marking),Tangent road with flat terrain,No junction,Asphalt roads,Dry,Daylight,Normal,Collision with roadside objects,2,1,Going straight,Unknown,Unknown,Unknown,0,Driver,Normal,Not a Pedestrian,Changing lane to the left,Slight Injury
13:30:00,Tuesday,Over 51,Male,Junior high school,Employee,Above 10yr,Automobile,Owner,1-2yr,0,Office areas,Undivided Two way,Tangent road with flat terrain,No junction,Asphalt roads,Dry,Daylight,Normal,Vehicle with vehicle collision,2,2,Other,Unknown,Unknown,Unknown,0,Driver,Normal,Not a Pedestrian,No priority to vehicle,Slight Injury
10:38:00,Wednesday,31-50,Male,Junior high school,Employee,Above 10yr,Pick up upto 10Q,Owner,Unknown,0,Other,Undivided Two way,Tangent road with flat terrain,No junction,Asphalt roads,Dry,Daylight,Normal,Vehicle with vehicle collision,3,3,Going straight,Driver or rider,Female,Over 51,3,Unknown,Other,Not a Pedestrian,Other,Slight Injury
12:40:00,Wednesday,Over 51,Male,Junior high school,Employee,1-2yr,Lorry (41?100Q),Owner,Above 10yr,0,Office areas,Two-way (divided with broken lines road marking),Sharp reverse curve,Y Shape,Asphalt roads,Wet or damp,Daylight,Raining,Vehicle with vehicle collision,2,1,Going straight,Driver or rider,Male,18-30,3,Unknown,Other,Not a Pedestrian,Overtaking,Slight Injury
19:40:00,Friday,Over 51,Male,Junior high school,Owner,5-10yr,Other,Governmental,Unknown,0, Church areas,Two-way (divided with broken lines road marking),Tangent road with flat terrain,Other,Asphalt roads,Dry,Daylight,Normal,Vehicle with vehicle collision,2,1,Turnover,Driver or rider,Male,18-30,3,Driver,Normal,Not a Pedestrian,No priority to pedestrian,Slight Injury
17:11:00,Sunday,31-50,Male,Junior high school,Employee,Above 10yr,Automobile,Owner,5-10yrs,0,Office areas,Two-way (divided with broken lines road marking),Tangent road with mountainous terrain and,Y Shape,Asphalt roads,Dry,Daylight,Normal,Vehicle with vehicle collision,2,1,Going straight,Driver or rider,Female,18-30,3,Driver,Normal,Not a Pedestrian,Changing lane to the left,Slight Injury
19:50:00,Friday,Unknown,Male,Junior high school,Employee,2-5yr,Public (13?45 seats),Owner,1-2yr,0, Outside rural areas,Two-way (divided with broken lines road marking),Tangent road with flat terrain,Y Shape,Asphalt roads,Dry,Daylight,Normal,Collision with pedestrians,2,1,Going straight,Unknown,Unknown,Unknown,0,Driver,Normal,Not a Pedestrian,Changing lane to the right,Slight Injury
18:32:00,Tuesday,Over 51,Male,Junior high school,Employee,1-2yr,Lorry (41?100Q),Governmental,2-5yrs,0,  Recreational areas,Two-way (divided with broken lines road marking),Tangent road with flat terrain,No junction,Asphalt roads,Wet or damp,Daylight,Raining,Vehicle with vehicle collision,2,4,Reversing,Driver or rider,Male,18-30,3,Driver,Normal,Not a Pedestrian,Driving carelessly,Fatal injury
16:24:00,Thursday,Under 18,Male,Elementary school,Employee,5-10yr,Public (> 45 seats),Owner,Above 10yr,0,Residential areas,Double carriageway (median),Tangent road with flat terrain,Other,Asphalt roads,Dry,Daylight,Normal,Other,2,1,Going straight,Driver or rider,Male,31-50,3,Driver,Normal,Not a Pedestrian,No distancing,Slight Injury
14:22:00,Tuesday,Over 51,Male,Junior high school,Employee,5-10yr,Taxi,Owner,2-5yrs,0,Residential areas,Undivided Two way,Tangent road with mild grade and flat terrain,Crossing,Asphalt roads,Dry,Daylight,Normal,Vehicle with vehicle collision,3,1,Turnover,Unknown,Unknown,Unknown,0,Driver,Normal,Not a Pedestrian,No priority to vehicle,Slight Injury
14:00:00,Saturday,31-50,Male,Junior high school,Employee,1-2yr,Lorry (41?100Q),Owner,Unknown,0,Office areas,Undivided Two way,Tangent road with flat terrain,Y Shape,Asphalt roads,Dry,Daylight,Normal,Collision with pedestrians,2,1,Going straight,Unknown,Unknown,Unknown,0,Other,Normal,Not a Pedestrian,No priority to pedestrian,Slight Injury
23:35:00,Thursday,Unknown,Female,Elementary school,Employee,Above 10yr,Automobile,Owner,Unknown,0,Office areas,Undivided Two way,Tangent road with flat terrain,Crossing,Asphalt roads,Dry,Darkness - lights lit,Unknown,Vehicle with vehicle collision,2,1,Going straight,Unknown,Unknown,Unknown,0,Unknown,Other,Not a Pedestrian,Changing lane to the right,Slight Injury
19:25:00,Thursday,31-50,Male,Junior high school,Owner,Above 10yr,Automobile,Owner,Unknown,0,Other,Two-way (divided with broken lines road marking),Tangent road with flat terrain,Y Shape,Asphalt roads,Dry,Daylight,Normal,Vehicle with vehicle collision,2,1,Going straight,Driver or rider,Male,31-50,3,Unknown,Other,Not a Pedestrian,Changing lane to the left,Serious Injury
16:26:00,Tuesday,Over 51,Male,Junior high school,Employee,2-5yr,Public (13?45 seats),Owner,2-5yrs,0,Other,One way,Tangent road with flat terrain,Y Shape,Asphalt roads,Dry,Daylight,Normal,Vehicle with vehicle collision,2,1,Going straight,Driver or rider,Male,31-50,3,Driver,Normal,Not a Pedestrian,No priority to vehicle,Serious Injury
08:40:00,Sunday,Unknown,Female,Junior high school,Employee,5-10yr,Stationwagen,Owner,Unknown,0,Office areas,Undivided Two way,Tangent road with flat terrain,No junction,Asphalt roads,Wet or damp,Daylight,Normal,Collision with roadside objects,2,1,Going straight,Driver or rider,Female,Under 18,3,Unknown,Other,Not a Pedestrian,Changing lane to the right,Slight Injury
18:20:00,Sunday,31-50,Male,Junior high school,Employee,5-10yr,Automobile,Owner,5-10yrs,0,Other,Undivided Two way,Tangent road with flat terrain,No junction,Asphalt roads,Wet or damp,Daylight,Raining,Vehicle with vehicle collision,2,4,Going straight,Unknown,Unknown,Unknown,0,Driver,Normal,Not a Pedestrian,Turnover,Slight Injury
11:20:00,Friday,Over 51,Male,Junior high school,Employee,Above 10yr,Automobile,Owner,Above 10yr,0,Other,Two-way (divided with broken lines road marking),Tangent road with flat terrain,Y Shape,Asphalt roads,Dry,Daylight,Normal,Vehicle with vehicle collision,2,1,Reversing,Driver or rider,Male,31-50,3,Driver,Normal,Not a Pedestrian,No distancing,Serious Injury
07:50:00,Thursday,Unknown,Female,Junior high school,Employee,1-2yr,Automobile,Owner,Unknown,0,Residential areas,other,Tangent road with flat terrain,Y Shape,Asphalt roads,Dry,Daylight,Raining,Vehicle with vehicle collision,3,1,Going straight,Unknown,Unknown,Unknown,0,Driver,Normal,Not a Pedestrian,Changing lane to the right,Slight Injury
12:55:00,Wednesday,18-30,Male,Elementary school,Other,Above 10yr,Long lorry,Owner,2-5yrs,0,Other,Undivided Two way,Tangent road with flat terrain,Y Shape,Asphalt roads,Dry,Daylight,Normal,Vehicle with vehicle collision,2,1,Getting off,Driver or rider,Male,18-30,2,Driver,Normal,Not a Pedestrian,Changing lane to the left,Slight Injury
15:39:00,Thursday,Under 18,Male,Junior high school,Employee,Above 10yr,Public (13?45 seats),Owner,Unknown,0,Office areas,Two-way (divided with broken lines road marking),Tangent road with flat terrain,Y Shape,Asphalt roads,Dry,Daylight,Normal,Collision with roadside objects,2,2,Going straight,Pedestrian,Female,31-50,3,Unknown,Other,Crossing from nearside - masked by parked or statioNot a Pedestrianry vehicle,Changing lane to the right,Slight Injury
21:48:00,Monday,31-50,Male,Junior high school,Employee,Above 10yr,Pick up upto 10Q,Governmental,Unknown,0,Residential areas,other,Tangent road with flat terrain,Other,Asphalt roads,Dry,Darkness - lights lit,Normal,Vehicle with vehicle collision,2,1,Going straight,Unknown,Unknown,Unknown,0,Employee,Normal,Not a Pedestrian,Driving carelessly,Slight Injury
17:25:00,Wednesday,31-50,Male,Junior high school,Employee,1-2yr,Automobile,Owner,Unknown,0,  Recreational areas,One way,Tangent road with mild grade and flat terrain,No junction,Asphalt roads,Dry,Daylight,Normal,Vehicle with vehicle collision,2,1,Going straight,Driver or rider,Male,31-50,3,Self-employed,Normal,Not a Pedestrian,Driving carelessly,Slight Injury
10:42:00,Monday,Over 51,Male,Junior high school,Employee,2-5yr,Lorry (41?100Q),Owner,Unknown,0,Office areas,Two-way (divided with broken lines road marking),Tangent road with flat terrain,Y Shape,Asphalt roads,Dry,Daylight,Normal,Vehicle with vehicle collision,2,1,Going straight,Driver or rider,Male,18-30,1,Driver,Normal,Not a Pedestrian,Changing lane to the right,Serious Injury
11:19:00,Monday,18-30,Female,High school,Employee,1-2yr,Automobile,Owner,Below 1yr,0, Church areas,other,Tangent road with flat terrain,No junction,Asphalt roads,Dry,Daylight,Normal,Vehicle with vehicle collision,2,1,Turnover,Driver or rider,Female,18-30,3,Driver,Normal,Not a Pedestrian,Driving carelessly,Serious Injury
22:14:00,Thursday,18-30,Male,Junior high school,Employee,5-10yr,Taxi,Owner,Unknown,0,Other,Undivided Two way,Tangent road with flat terrain,No junction,Asphalt roads,Wet or damp,Darkness - lights lit,Raining,Other,3,3,Going straight,Pedestrian,Female,31-50,3,Unknown,Normal,Not a Pedestrian,Changing lane to the left,Serious Injury
16:00:00,Friday,18-30,Male,Elementary school,Employee,5-10yr,Automobile,Governmental,Unknown,0,Office areas,Two-way (divided with broken lines road marking),Escarpments,Y Shape,Asphalt roads,Dry,Daylight,Unknown,Vehicle with vehicle collision,2,1,Turnover,Unknown,Unknown,Unknown,0,Driver,Normal,Not a Pedestrian,No distancing,Slight Injury
13:17:00,Friday,31-50,Male,Junior high school,Employee,unknown,Stationwagen,Owner,2-5yrs,0,Other,other,Tangent road with flat terrain,No junction,Asphalt roads,Wet or damp,Daylight,Normal,Vehicle with vehicle collision,2,1,Going straight,Pedestrian,Female,31-50,3,Unknown,Other,Unknown or other,No priority to pedestrian,Slight Injury
16:32:00,Monday,Over 51,Male,Elementary school,Employee,1-2yr,Other,Owner,Unknown,0,Other,Double carriageway (median),Tangent road with flat terrain,Y Shape,Asphalt roads,Wet or damp,Daylight,Raining,Vehicle with vehicle collision,4,1,Going straight,Unknown,Unknown,Unknown,0,Driver,Normal,Not a Pedestrian,Driving carelessly,Slight Injury
10:29:00,Thursday,31-50,Male,Elementary school,Employee,2-5yr,Automobile,Owner,Unknown,0,Other,Two-way (divided with broken lines road marking),Tangent road with flat terrain,O Shape,Asphalt roads,Dry,Daylight,Normal,Vehicle with vehicle collision,2,2,Reversing,Driver or rider,Female,Over 51,3,Driver,Normal,Not a Pedestrian,Drunk driving,Slight Injury
12:40:00,Friday,18-30,Male,Junior high school,Employee,Below 1yr,Automobile,Governmental,Above 10yr,0,School areas,Two-way (divided with broken lines road marking),Tangent road with flat terrain,Y Shape,Asphalt roads,Wet or damp,Darkness - lights unlit,Normal,Vehicle with vehicle collision,2,2,Going straight,Unknown,Unknown,Unknown,0,Driver,Normal,Not a Pedestrian,Changing lane to the left,Slight Injury
11:31:00,Monday,31-50,Male,Junior high school,Employee,Above 10yr,Lorry (41?100Q),Owner,Unknown,0,Office areas,Undivided Two way,Tangent road with flat terrain,Y Shape,Asphalt roads with some distress,Wet or damp,Daylight,Normal,Vehicle with vehicle collision,3,1,U-Turn,Pedestrian,Female,18-30,3,Driver,Normal,Crossing from nearside - masked by parked or statioNot a Pedestrianry vehicle,Changing lane to the left,Slight Injury
19:33:00,Saturday,18-30,Male,Junior high school,Employee,Above 10yr,Automobile,Owner,Unknown,0,Office areas,Undivided Two way,Tangent road with flat terrain,Crossing,Asphalt roads,Dry,Daylight,Normal,Vehicle with vehicle collision,3,2,Going straight,Unknown,Unknown,Unknown,0,Driver,Normal,Not a Pedestrian,Changing lane to the right,Slight Injury
09:04:00,Tuesday,31-50,Male,Elementary school,Employee,Above 10yr,Lorry (41?100Q),Owner,Unknown,0,Office areas,Two-way (divided with broken lines road marking),Tangent road with flat terrain,No junction,Asphalt roads,Dry,Daylight,Normal,Vehicle with vehicle collision,2,1,Going straight,Driver or rider,Female,18-30,3,Driver,Normal,Not a Pedestrian,No priority to pedestrian,Serious Injury